Date,0.5,1.0,1.5,2.0,2.5,3.0,3.5,4.0,4.5,5.0,5.5,6.0,6.5,7.0,7.5,8.0,8.5,9.0,9.5,10.0,10.5,11.0,11.5,12.0,12.5,13.0,13.5,14.0,14.5,15.0,15.5,16.0,16.5,17.0,17.5,18.0,18.5,19.0,19.5,20.0,20.5,21.0,21.5,22.0,22.5,23.0,23.5,24.0,24.5,25.0,25.5,26.0,26.5,27.0,27.5,28.0,28.5,29.0,29.5,30.0,30.5,31.0,31.5,32.0,32.5,33.0,33.5,34.0,34.5,35.0,35.5,36.0,36.5,37.0,37.5,38.0,38.5,39.0,39.5,40.0,Steepness
1970-01-31,,8.635354135184983,8.70743007264061,8.700726577762534,8.664048665124792,8.61870196246962,8.57247678169484,8.528371639779293,8.487617174524296,8.45061086350611,8.417442127071633,8.388097599332006,8.362503492132781,8.34054862466512,8.322115764120877,8.307104562615915,8.295428848808756,8.287012690034661,8.281787697917007,8.279691142295267,8.280664604030699,8.284652995228658,8.291603835055117,8.301466706599019,8.314192844087689,8.329734815360224,8.348046274902353,8.36908176980239,8.392796585854235,8.419146624439783,8.44808830324053,8.479578475565773,8.513574364348386,8.550033507788408,8.588913714314897,8.630173025054095,8.673769682383881,8.719662103453294,8.76780885777596,8.818168648184527,8.870700294572247,8.925362719957194,8.982114938490996,9.04091604510276,9.101725206523783,9.16450165348298,9.22920467389862,9.295793304550408,9.364218619205815,9.43441099639059,,,,,,,,,,,,,,,,,,,,,,,,,,,,,,,
1970-02-28,,8.41313138766794,8.397269233392281,8.370748078023132,8.33763262323981,8.301589869174533,8.265402634088478,8.230804434316545,8.1987129391241,8.169616763666436,8.14374237727354,8.121152827795342,8.101810391329433,8.085615926216681,8.072457316367336,8.06223584061679,8.054863764542986,8.050261288593475,8.048354459961853,8.049073710901228,8.05235281466245,8.05812812617643,8.066338020819355,8.076922473486578,8.089822738688786,8.104981104472143,8.122340701022814,8.141845350284823,8.163439446691468,8.187067861750437,8.212675867096317,8.24020907197078,8.269613372069983,8.30083490741892,8.33382002746729,8.368515262002736,8.40486729678086,8.442822953003118,8.482329169951962,8.52333299023072,8.565781547163494,8.609622053995066,8.65480179459778,8.70126811544571,8.748968418658887,8.797850155954837,8.847860823372265,8.898948009045107,8.951060176732213,9.004147571329183,,,,,,,,,,,,,,,,,,,,,,,,,,,,,,,
1970-03-31,,7.74418734377006,7.782761432500944,7.795016900225868,7.793104369799641,7.784963299518331,7.775287546949009,7.766458650809352,7.759564274702642,7.755068071545901,7.753157922876608,7.75387734717775,7.757181160263657,7.762972903097809,7.771152660305373,7.781635257649026,7.794346608478493,7.809220633845249,7.826197155212587,7.845220419352662,7.866238044701522,7.8892002550718665,7.914059313266807,7.9407690962902135,7.969284772506548,7.999562553302294,8.031559499933733,8.065233371764476,8.100542505902139,8.137445720907664,8.175902239141568,8.215871623670248,8.257313726643892,8.300188646784136,8.344456694159602,8.390078360832117,8.43701429626306,8.485225286602883,8.534672237166875,8.58531615753956,8.637118148858926,8.690039392917221,8.744041142782528,8.799084714699264,8.855131481068561,8.912142864344295,8.97008033170807,9.028905350848843,9.088579022726947,9.149061817306826,,,,,,,,,,,,,,,,,,,,,,,,,,,,,,,
1970-04-30,,7.606511858965911,7.864352005682087,7.97352236126214,8.002441933724636,7.992813496132602,7.967523589036022,7.938335488963008,7.9114221026640905,7.890053626204254,7.875750710464754,7.86898509101911,7.869583469573162,7.877024173152921,7.890788731764087,7.910451950137559,7.935656331297438,7.966093271479585,8.001490193496968,8.041601540095353,8.086202340636001,8.135083532319397,8.188048501959345,8.24491049231352,8.305490630894703,8.369616413671706,8.437120525725675,8.507839914622885,8.581615055503512,8.658289363152647,8.737708717864017,8.819721080204266,8.904176175820085,8.990925235867625,9.079820781939697,9.170716446838487,9.263466824412097,9.357927343101158,9.45395415893978,9.551404064606363,9.65013441178405,9.750003044612551,9.850868242425749,9.952588670297807,10.055023336183146,10.158031553646852,10.261472915245434,10.365212991409923,10.469156737148465,10.57326410459,,,,,,,,,,,,,,,,,,,,,,,,,,,,,,,
1970-05-31,,7.391106757960281,7.735838342986956,7.862182488031159,7.877510475320297,7.840673352517506,7.782249069599492,7.7180530028033445,7.656856327970589,7.603548484419635,7.560501765564953,7.528576731007333,7.507706300719448,7.497355242200854,7.496982821825556,7.506124634793308,7.524370786904102,7.551350752724766,7.58672301538717,7.630167814446961,7.6813819657826645,7.740075094249579,7.805966849119601,7.87878481566111,7.958262927939664,8.04414024789547,8.136160015736964,8.234068903821484,8.337616424905466,8.446554458744583,8.560636870319687,8.679619199645368,8.80325840797696,8.93131266880456,9.063541194676619,9.199704092886298,9.339562244560005,9.48287720283724,9.629411106715072,9.778926607815935,9.931186807872344,10.085955205142369,10.242995648301992,10.402072296624914,10.56294958547168,10.725392196280245,10.889165117817354,11.054047384589417,11.219884050359044,11.3865983376435,,,,,,,,,,,,,,,,,,,,,,,,,,,,,,,
1970-06-30,,7.364979448682882,7.507747580468473,7.493617280087733,7.426751460552637,7.34617109946118,7.268323332668277,7.200618936144644,7.146401999989753,7.106907864750811,7.082162959841156,7.071484560826118,7.073760727281201,7.087776136925993,7.112532642039237,7.147231293749566,7.191213843280048,7.2439236585886135,7.304878983122056,7.3736542169438,7.449866546110903,7.533166218584591,7.623229356859782,7.719752567437241,7.8224488440224125,7.931044416139896,8.045276298055827,8.164890362931178,8.289639815426101,8.419283969783384,8.553587264411906,8.692318461235688,8.835249990615836,8.982157411874494,9.132818966300427,9.287015204653637,9.444528675074668,9.605143660271375,9.768645955138496,9.93482267773429,10.103462107919142,10.274353549045777,10.447287208948522,10.622054097161314,10.798445935839958,10.97625508230323,11.155274768747853,11.335316424913238,11.516253765203798,11.698024221561818,,,,,,,,,,,,,,,,,,,,,,,,,,,,,,,
1970-07-31,6.851663208176838,7.1929842824036125,7.172976853537026,7.106045873761091,7.05230812019919,7.0174257654316365,6.999836231726147,6.997177520675665,7.006922240559078,7.026981358873089,7.0557780825529415,7.092044508958519,7.134708433984352,7.18289675054826,7.235950920535143,7.293368734252176,7.354758331757081,7.4198075501496525,7.488262950665947,7.559915137644211,7.634588272071986,7.712132445074901,7.792418040930135,7.875331509326505,7.9607721522821455,8.048649652542712,8.138882151224438,8.2313947373908,8.326118250130609,8.422988320220433,8.52194459727173,8.62293012178792,8.725890811392844,8.830775037724848,8.937533275863263,9.046117812183837,9.156482499588941,9.26858255138564,9.382374366874851,9.497815383102099,9.6148639483033,9.733479213429714,9.853621038808948,9.975249913534016,10.098326885600512,10.222813501156326,10.348671580794191,10.475858779329547,10.604321253729452,10.733995508835573,,,,,,,,,,,,,,,,,,,,,,,,,,,,,,,0.1753181506962509
1970-08-31,6.876630942347569,7.009475078340503,7.056214368379067,7.063535442964564,7.05978255464336,7.056838675517853,7.059390213792996,7.069081421684068,7.086282047995868,7.110971767693189,7.14287612742356,7.181522550011363,7.226329149886753,7.276754410322701,7.332371077918349,7.392836376991061,7.457867163188717,7.527223359231233,7.600696621470559,7.67810240648266,7.759274304347519,7.8440599173982255,7.932317814078989,8.023915244338664,8.11872640332981,8.216631095792604,8.31751369724232,8.421262337759483,8.52776825465103,8.636925274579253,8.748629395923832,8.862778449450992,8.979271820679177,9.098010221239027,9.218895499428767,9.341830482343717,9.466718843606403,9.593464991981417,9.721973977126419,9.852151409480507,9.983903391876243,10.117136460921373,10.251757536559857,10.38767387851094,10.524793048516342,10.663022877511718,10.802272066843752,10.942459544195657,11.083525103541625,11.225424705201522,,,,,,,,,,,,,,,,,,,,,,,,,,,,,,,0.23434082534561984
1970-09-30,6.9463969514257515,7.028593650760259,7.02801056761913,7.018305017658298,7.0108348784237124,7.0093905414386155,7.015408583625044,7.028982471963372,7.049692032089123,7.07705063134888,7.110540034042961,7.149612433403372,7.193718049773636,7.2423918854080975,7.295272901645231,7.352073395997033,7.412557432686217,7.4765264630043555,7.543809486609536,7.614256164434745,7.687731899336693,7.764114258385883,7.843290328472301,7.925154733009696,8.00960812463083,8.096556025722272,8.185907926618148,8.277576577038074,8.371477424124143,8.4675281628705,8.565648373566578,8.665759227219697,8.767783244537203,8.871644097441175,8.977266444609173,9.084575794424872,9.193498390152902,9.30396111324399,9.41589140151623,9.529217179609168,9.643866799615319,9.759768990192919,9.876852812779209,9.995047623774646,10.114283041769198,10.234488919049253,10.355596088857032,10.477543371240804,10.600282816460654,10.723775473806453,,,,,,,,,,,,,,,,,,,,,,,,,,,,,,,0.13065367992312815
1970-10-31,7.093030550167087,7.307172401498923,7.378760415583636,7.364676772959605,7.324739094473237,7.28457772709779,7.2536621551763645,7.234916691286399,7.228765379472023,7.234891854269231,7.252476757751791,7.28037692052006,7.3173324765109,7.3622910233803935,7.414443934214343,7.473152186366741,7.537896477851488,7.608243971603522,7.683825541552231,7.764319844872846,7.849441945023135,7.938935037588291,8.03256433460105,8.130112477781788,8.231376052600996,8.336162906788873,8.44429006473167,8.555582088783112,8.669869779614844,8.786989136496759,8.906780518813427,9.029087964796162,9.153758634122015,9.280642348877622,9.40959121321499,9.540459296397964,9.673102367246576,9.807377670511233,9.943143737650875,10.080260225994397,10.218587781439457,10.357987920765694,10.498322930369397,10.639455778807068,10.78125004099983,10.923569839336622,11.066285353761618,11.209304088407563,11.35258474476929,11.496114225188398,,,,,,,,,,,,,,,,,,,,,,,,,,,,,,,0.14186130410214393
1970-11-30,,7.244179308626395,7.509565285692504,7.576346785928774,7.574074025962846,7.552718439654572,7.531485812323084,7.517537337870666,7.5133131551060535,7.519513901407942,7.535883177455113,7.561600856627976,7.595630927633163,7.637108453861633,7.685362627303216,7.7398567203692235,7.800148650474371,7.865864689758055,7.936681476998905,8.012313425954975,8.092503731321033,8.177017827606571,8.26563855439348,8.358162530279289,8.454397397074061,8.554159699951795,8.65727323867936,8.763567772153458,8.872877990964456,8.985042695447452,9.099904132820201,9.21730745860771,9.337100295989623,9.459132372909846,9.583255221395907,9.709321926991825,9.837186918823415,9.966705792811227,10.097735162081484,10.230132529815346,10.363756180705664,10.498465087919836,10.634118833044644,10.770577536947696,10.907701799857321,11.045352707772507,11.183400801263202,11.321759829656935,11.460394401287058,11.599292220794245,,,,,,,,,,,,,,,,,,,,,,,,,,,,,,,
1970-12-31,,7.134870185737909,7.3108146920557395,7.375653291662923,7.392560858081396,7.392245555857109,7.387812328813294,7.385308228649228,7.388124940145543,7.398102325239987,7.415815498619873,7.441083845844741,7.473420314793856,7.51238873895779,7.55762727148652,7.608825212634534,7.6657079664948125,7.7280270121547865,7.795553041855699,7.868071157704153,7.945377440751794,8.027276455780513,8.113579407013273,8.204102754897217,8.298667164858832,8.397096698654074,8.499218185418469,8.604860727492186,8.713855308488201,8.82603447974684,8.941232107476512,9.059283167305589,9.180023576188455,9.303290053975225,9.42892000871234,9.556751441059763,9.686622864208056,9.81837323644014,9.951841904068186,10.086868552929953,10.223293166983222,10.360955992815333,10.499697509104834,10.639358400247524,10.779779533498937,10.920802258480716,11.062284362657675,11.204138269177264,11.346331002519754,11.48884850629648,,,,,,,,,,,,,,,,,,,,,,,,,,,,,,,
1971-01-31,6.931903813172183,6.928976280209803,6.968588964086219,7.035600402350442,7.117854275627221,7.2073657146304635,7.299816095043833,7.392529423598505,7.484110697904779,7.574033646225158,7.662223735449754,7.748862280606779,7.834202085506738,7.91844584843414,8.00175248712573,8.084250819826261,8.166048418080244,8.24723750859314,8.327899011346892,8.408105366280797,8.487922552349298,8.567411555927615,8.646629456155063,8.72563023894253,8.804465415618168,8.883184498808673,8.9618353725692,9.040464583199702,9.119117569892387,9.197838849249656,9.27667216408894,9.355660604346571,9.434846705999183,9.514272532528363,9.593979742419943,9.674009645413419,9.754403249629824,9.835201301258374,9.916444318137465,9.998172618298536,10.080426344332755,10.163245484276784,10.246669889584219,10.33073929064639,10.415493310243749,10.500971007753645,10.587198738337275,10.674169896884392,10.76184935901114,10.850196239790298,,,,,,,,,,,,,,,,,,,,,,,,,,,,,,,0.6421298330529748
1971-02-28,7.120327780028488,7.114441295611151,7.1119766398591695,7.113032681874758,7.134366618353141,7.175267615591046,7.231991247972808,7.299932224769201,7.374951136818589,7.454387877460952,7.536762333498814,7.621279821534775,7.707490214605155,7.795103112675863,7.883930325100168,7.97385393018515,8.064805607852346,8.156752861411508,8.249689590353182,8.343629491303505,8.4386013444205,8.534645585318637,8.631811771273965,8.73015668087794,8.829742869774346,8.930637559687703,9.03291177433422,9.136639660494733,9.24189794955527,9.348765526739529,9.45732308371569,9.567652836339485,9.679838293716676,9.793964068019228,9.910115716904432,10.02837961219749,10.148842829868823,10.271593057383402,10.396718515303977,10.524307890653889,10.654450280031613,10.78723514085182,10.92275224939,11.061091664548288,11.20234369645249,11.34659586113448,11.493886742142156,11.644152654083522,11.797252542068549,11.953034991368048,,,,,,,,,,,,,,,,,,,,,,,,,,,,,,,0.3340600974324648
1971-03-31,6.759319812721984,6.706944756665964,6.670580303812773,6.67273313987825,6.706920649965165,6.76372436844495,6.835942945836138,6.917644323332589,7.004601749719059,7.094289097084025,7.185259328380576,7.276683499129619,7.36804797638449,7.459005932750297,7.549320326150704,7.638829591915868,7.7274254435452505,7.815038073216144,7.901626025815799,7.9871691107639675,8.07166333902895,8.155117240957477,8.237549144670707,8.31898513486122,8.399457501478725,8.479003546411395,8.557664655349093,8.6354855685331,8.712513802385159,8.788799186810728,8.864393492056468,8.939350125531906,9.013723883754473,9.087570748068918,9.160947715386268,9.233912657132956,9.306524201073064,9.378841631790204,9.4509248064799,9.522834083373088,9.594630260634235,9.666374523988308,9.738128401655597,9.809953725431784,9.881912596945323,9.954065392586791,10.026452718308807,10.099081876642737,10.171938720017964,10.245007790138459,,,,,,,,,,,,,,,,,,,,,,,,,,,,,,,0.33496928436204154
1971-04-30,5.9339575572383225,6.292680070410787,6.377173238652618,6.418704672865654,6.466724599182001,6.529527893329352,6.605911594379587,6.692213083111274,6.785503443745188,6.883734124339789,6.985388220603636,7.089334847777785,7.194769631446838,7.301122531723925,7.407980187859549,7.515036956011175,7.622063227799998,7.728884309348794,7.83536597009729,7.941404326972941,8.046918618798594,8.151845951316282,8.256137413074345,8.35975516234278,8.462670213168929,8.564860732343343,8.666310714817737,8.767008942961906,8.866948161146828,8.966124415411116,9.064536520933995,9.16218562935708,9.259074874774912,9.355209082197774,9.450594525992301,9.545238728581973,9.639150291790799,9.732338754816922,9.824814474056456,9.916588520953729,10.007672594800296,10.098078947991203,10.187820321710646,10.276909890387735,10.365361214152772,10.453188687700571,10.540410281701828,10.627048754223464,10.713129650947819,10.798679019189954,,,,,,,,,,,,,,,,,,,,,,,,,,,,,,,0.9497765671014662
1971-05-31,5.695735345279564,5.5985837581289015,5.667526402044076,5.863861457012843,6.0941230833040105,6.323164253787706,6.540225363836016,6.743312821045802,6.933193347004322,7.111168176684612,7.278741098264004,7.437385044468883,7.588237900946293,7.732141721720962,7.869740711508328,8.001543053623699,8.127960916276407,8.249337123432575,8.365963403300173,8.478093162268568,8.585950609151029,8.689737390997491,8.789637497825712,8.885820941169639,8.97844654977617,9.067664120141135,9.153616089148361,9.236438848286136,9.316263785956748,9.39321812132417,9.467425576771854,9.539006924274684,9.608080432430572,9.674762234604142,9.739166633960046,9.80140635765741,9.861592769823552,9.91983605090027,9.976245349398408,10.030928910889207,10.0839941881189,10.135547935392651,10.185696289788611,10.234544841297371,10.282198666447966,10.32875811006826,10.374302727017035,10.4188876552626,10.46255696087626,10.505354611848992,,,,,,,,,,,,,,,,,,,,,,,,,,,,,,,1.415432831405048
1971-06-30,,5.607431327893064,5.73442173948069,5.897687837896615,6.067171173763922,6.233195020214333,6.392821803537204,6.545449163336247,6.691321039283663,6.831057133229427,6.965429597152819,7.095138287051441,7.220705683861289,7.342520538818811,7.460882415254497,7.576029559813484,7.688156936774789,7.797428250930772,7.9039841737678564,8.007948101792989,8.10943026962401,8.208530741328076,8.305341621410944,8.399948713058924,8.492432778402783,8.582870507951476,8.67133527459622,8.757897726042204,8.842626254668263,8.925587373414597,9.006846018918047,9.086465797809474,9.16450918822984,9.241037705784588,9.316112041048722,9.389792174154373,9.46213747079658,9.53320676308028,9.603058417929315,9.671750395234035,9.73934029748956,9.805885412342807,9.871442749202759,9.936069070858412,9.99982087802226,10.062752011264038,10.124907537584509,10.186323649500627,10.247033588264683,10.307071090134478,,,,,,,,,,,,,,,,,,,,,,,,,,,,,,,
1971-07-31,,5.494527690872393,5.702592222977732,5.934954119213253,6.158419089825953,6.365797576036745,6.557331692688267,6.734628535652155,6.899086963560018,7.051957541603047,7.194794877084774,7.329343896414781,7.4569245965906354,7.578516947966131,7.6948742338300935,7.806593890114183,7.914163342850897,8.017990566478872,8.11842499215707,8.215772143584697,8.310304091158294,8.402267054995045,8.491887024558753,8.57937397337928,8.66492506223934,8.748727103164324,8.83095847585886,8.911790633478365,8.991389296861671,9.069915409917119,9.147525910095222,9.224374354397705,9.300611431566706,9.376385383887667,9.451842356683137,9.527126689557623,9.602381160413547,9.677747190938348,9.753365020478217,9.829373853830742,9.905911987409365,9.983116917384367,10.061125432734384,10.14007369560911,10.220096134889356,10.301294635860867,10.383686864648038,10.467217422261863,10.551815278494336,10.637416572710881,,,,,,,,,,,,,,,,,,,,,,,,,,,,,,,
1971-08-31,5.310873829728739,5.314080523155589,5.527134324498353,5.774975731537158,6.0094312175864895,6.221450014495031,6.4127557973624345,6.5865408763884385,6.745601904576086,6.892240655765998,7.028735099943247,7.1571088841665045,7.278822060815805,7.394943247596123,7.5062801057623965,7.613460889010162,7.716987210404794,7.817269220334318,7.91464967563504,8.009420787979469,8.10183625843913,8.192120029893875,8.280472756203988,8.367076654089264,8.452099190557098,8.535695919385653,8.618012687277403,8.699187367265525,8.779351233484457,8.858630060986354,8.937145012689848,9.01501336002591,9.092349072557184,9.169263303546874,9.245864792287222,9.322260199373263,9.398554387607843,9.47485065855323,9.551250952690157,9.627856019553025,9.70476556296725,9.782078365538418,9.859892395770903,9.93830490057933,10.017410686135067,10.09727542169118,10.177905443475323,10.259262567464214,10.341302559598025,10.423985627547577,,,,,,,,,,,,,,,,,,,,,,,,,,,,,,,1.581366826037259
1971-09-30,4.7148845747405215,4.934172018403622,5.242622168675193,5.519586957980651,5.754871256611484,5.95476579549662,6.126582052561789,6.276809397634427,6.410522107930183,6.5315807387747595,6.642840419542697,6.746517246128213,6.844327735551426,6.937518725729009,7.027014689504636,7.113518473734295,7.197576483400307,7.279622137687353,7.360005603087115,7.43901460657151,7.516889302145046,7.593833082882833,7.670020572437008,7.745603618666494,7.82071584879566,7.895476173382497,7.9699915116272075,8.0443589326861,8.11866735395501,8.192998899696054,8.267429996704358,8.34203226453727,8.416873243883723,8.49201699639783,8.567524601703841,8.643454571566984,8.719863196901422,8.796804839987496,8.874332181732491,8.952496431842244,9.031347508235974,9.110934190830392,9.191304253865578,9.272504580168635,9.354578871972516,9.437546031285997,9.52138415773136,9.60604558576219,9.691482123273657,9.777649522263737,,,,,,,,,,,,,,,,,,,,,,,,,,,,,,,1.816696164034238
1971-10-31,4.469028059519836,4.698221856280313,5.002316404212368,5.2879388939157685,5.5287140059850755,5.727864647189574,5.89472261507671,6.038524333308177,6.166402394797442,6.283638105718039,6.39389378796578,6.499367350046711,6.601446949643201,6.70111165854739,6.799071651584616,6.8958522369155535,6.991848228584641,7.087360194885698,7.18261925987525,7.27780446443185,7.373055167012741,7.46848006238597,7.564163847649778,7.660172221747143,7.756555685096833,7.8533524623865265,7.950590775856342,8.048290631450191,8.146465235418574,8.24512212760081,8.34426409536233,8.443889916168715,8.543994965146295,8.64457171542613,8.74561015271479,8.847098120769964,8.94902161085301,9.05136500547848,9.154111284663708,9.257242201240956,9.360738430514143,9.464579698536014,9.568744892486194,9.673212156218552,9.777959162481922,9.882964264937582,9.988207122508358,10.093669167564782,10.19933415818134,10.305188037312625,,,,,,,,,,,,,,,,,,,,,,,,,,,,,,,1.8146100461982027
1971-11-30,,4.305672270338929,4.494868392380389,4.73495298262344,4.962798396788903,5.166430019127775,5.3477110674413,5.511103292071195,5.660737243536028,5.80012365469425,5.931916436193027,6.05788830863069,6.179251760396524,6.296877404559156,6.411408244949204,6.523330804046148,6.633021146905145,6.7407755637748945,6.846831563467753,6.951382568718825,7.054588412871019,7.156582973827827,7.257479816540146,7.357376424871405,7.456357417815063,7.554497023508054,7.651861003463487,7.748508164467749,7.8444915576713345,7.939859437861472,8.034656037069123,8.128922193124632,8.222695863930568,8.316012550980481,8.408905650274521,8.501406744749039,8.59354584928522,8.685351617032147,8.776851513987816,8.868071967393034,8.959038492409128,9.049775800698825,9.140307893856333,9.230658133054632,9.32084760958887,9.410888848372664,9.500784593659999,9.5905344573115,9.680140304848296,9.769606426714121,,,,,,,,,,,,,,,,,,,,,,,,,,,,,,,
1971-12-31,,4.140021721546367,4.386672504793098,4.708736445676457,5.030765082667619,5.325147114480054,5.585176424798879,5.812962024472236,6.013229979521912,6.191177309978668,6.3512710722456855,6.497113643320525,6.6313332780939325,6.7558346809501595,6.872039704316106,6.981038239898007,7.083685854187493,7.1806688787989925,7.272548945963727,7.3597941633755095,7.442801381937761,7.5219123904885805,7.597425885814955,7.669606450163411,7.738691374148102,7.804895905141649,7.868417329356905,7.929438179196921,7.9881287770152465,8.044649270124188,8.099151271930488,8.151779195358069,8.202671343830291,8.25196080972589,8.299776218813957,8.346242350616365,8.391480658170915,8.435609705726613,8.478745539101192,8.521002000485044,8.562490997176244,8.603322731924878,8.643605901136299,8.683447636629333,8.722942192656754,8.762143732233348,8.801066991837914,8.839715130266738,8.878095018430045,8.916217471058872,,,,,,,,,,,,,,,,,,,,,,,,,,,,,,,
1972-01-31,,4.453122918483677,4.624008681919331,4.887869711858646,5.136139381414733,5.344901061470122,5.5160562049864055,5.657142220256022,5.775631253024688,5.878037832006924,5.969242269708582,6.052692090940698,6.130793945937698,6.205265685597465,6.277365943535491,6.34803764148565,6.4180008457359445,6.487814671419035,6.557919638079443,6.628667318570568,6.700341516838305,6.773173669945467,6.847354232176805,6.9230412131177745,7.0003666665943935,7.079441682165436,7.160360267394151,7.243202398204602,7.32803643812981,7.414921073710245,7.5039068752990925,7.595037565216511,7.688351055330386,7.783880301534623,7.881654011745407,7.981697235898126,8.084031860269102,8.188677023746504,8.29564947005961,8.404963847173667,8.516632962870874,8.630668003819785,8.747078724076896,8.865872801804732,8.987035052831652,9.11049278139913,9.236124421418769,9.363801441779737,9.493404597871386,9.624823363150067,,,,,,,,,,,,,,,,,,,,,,,,,,,,,,,
1972-02-29,4.294413483889284,4.396222546770484,4.612883642238863,4.843172304103496,5.056598331107335,5.246456033752962,5.414847910763507,5.565696140777889,5.702654768672784,5.828709144785215,5.946286426743876,6.057381261194792,6.163426027302212,6.265460857500707,6.364264386195797,6.460435467898021,6.554446053662637,6.646676442049432,6.737439398200466,6.826997037194505,6.915572883585908,7.003360641978349,7.090530679622799,7.177234888365994,7.263610379731297,7.349782327288565,7.435866177386283,7.521969386155389,7.608192797132974,7.694631743361268,7.7813769361771294,7.868515187353513,7.956129999942475,8.044302054851796,8.13310961400842,8.22262885632805,8.312934159203117,8.404098335545346,8.496192834360187,8.589287911235111,8.683452773878377,8.778755706866567,8.875264178985471,8.973043129446514,9.07212795865953,9.172493854006769,9.274071299521118,9.376786399158965,9.480571780178956,9.585366045390517,,,,,,,,,,,,,,,,,,,,,,,,,,,,,,,1.534295660895931
1972-03-31,4.115508643561572,4.419180761472748,4.769852639877454,5.0841428584145625,5.35330888587919,5.583439741287722,5.78246046125533,5.9570663500210745,6.112673265416666,6.253495705856271,6.382943316860443,6.503650302835539,6.6174784598748255,6.725776049389206,6.829548976334687,6.929567775604524,7.026436838518268,7.120640563814466,7.212574934645656,7.30256962247487,7.390903775573143,7.4778175015631385,7.563520354516629,7.648197700277588,7.732015554107756,7.815124301952464,7.8976615947584685,7.979754622580856,8.06152191818504,8.143074799928383,8.224518535374406,8.305953286729304,8.387474884380957,8.46917546393102,8.551143994021533,8.633466716190425,8.716227513399092,8.799508220371417,8.883388886188321,8.967947997493138,9.053262669032774,9.139408806978727,9.226461249376827,9.314490315287474,9.403531191101612,9.49356251241533,9.584527922182419,9.676370519986406,9.76903864924993,9.862485384613656,,,,,,,,,,,,,,,,,,,,,,,,,,,,,,,2.137987062294699
1972-04-30,4.7934839500036786,4.431983152969152,4.691920325880047,4.990827591794051,5.253627498817482,5.480307069058584,5.678769086114743,5.8556122690395,6.016011117403353,6.163842685877346,6.301929562526328,6.432273227415922,6.556281258084376,6.674976462142257,6.789125133915009,6.899317214844563,7.00601816198447,7.1096035269966995,7.210382615465184,7.3086150484153505,7.404522591970897,7.498297760740556,7.590110176843076,7.6801113391759825,7.768438248059808,7.8552161934259885,7.940560923407428,8.024580348231094,8.107375891581118,8.189043571689258,8.26967487318206,8.349357455456675,8.428175732261067,8.506211348995363,8.583543578190119,8.660249649071535,8.736405023683668,8.812083629412395,8.88735805573647,8.962299721465897,9.03697901750643,9.111465429229117,9.185827637752501,9.26013002652706,9.334412210330633,9.408679987873217,9.482922236026436,9.557130420588882,9.63130056864362,9.705432812748025,,,,,,,,,,,,,,,,,,,,,,,,,,,,,,,1.3703587358736673
1972-05-31,,4.506735431669891,5.009925046711842,5.462797115278485,5.853438076888909,6.187655069874295,6.475095491963711,6.7247095802611625,6.944207820958547,7.1396879142967835,7.316146635791455,7.477253146820423,7.625594587268954,7.763058248333957,7.891064855420091,8.010714369949854,8.122880331711265,8.22827275375634,8.327481155752672,8.421004687329527,8.509273644753648,8.592665119420728,8.67151456413173,8.746124467800131,8.816770948229394,8.883708823480307,8.947175556267753,9.007394353129639,9.064576622388435,9.1189239405204,9.170629637937258,9.219880087433765,9.266855758372088,9.311732084833679,9.354680184945076,9.39586746031609,9.43545809827179,9.473613494784722,9.510492612340594,9.546252284124147,9.58104747369,9.615031497537665,9.648356148913232,9.681161662296025,9.713538997264857,9.745521958874761,9.777120218303043,9.808345975524217,9.839215575533911,9.869749093846778,,,,,,,,,,,,,,,,,,,,,,,,,,,,,,,
1972-06-30,,6.4402103632716035,7.131953082447641,7.553978834353929,7.811876474920166,7.971429503142055,8.072448381980154,8.138024007053618,8.182712971162934,8.215283025508574,8.240413017366537,8.260991428722162,8.278982531153698,8.295757403040108,8.312291660627519,8.329289039945715,8.347261361577662,8.366581840505834,8.387521561270256,8.410275010579097,8.434978314887694,8.461722504092373,8.49056331513024,8.521528544679006,8.554623637208888,8.58983598348402,8.627138263841385,8.666491075052793,8.707845013698183,8.751142342864288,8.796318336256409,8.843302370289294,8.892018817616,8.942387782975194,8.99432571289322,9.047745903769128,9.102558927567571,9.158672990297003,9.215994235337394,9.274427001268803,9.333874041968915,9.394236715268093,9.455415278963597,9.517315979791992,9.57986805391124,9.643024247879044,9.706747477103901,9.771003202657567,9.835758882801949,9.900983773270074,,,,,,,,,,,,,,,,,,,,,,,,,,,,,,,
1972-07-31,5.982266475814433,6.401484886303576,6.89394405062352,7.323185517940567,7.6556710460203,7.907176911972365,8.097778707767416,8.243236907521553,8.355457037969504,8.443095993927832,8.512799020756502,8.569178297614089,8.615453646515899,8.6539496706316,8.686394160567101,8.714104598290731,8.738108836144287,8.759225549517074,8.778119283412353,8.795338985043845,8.811345527118963,8.826531724772051,8.841237130688983,8.855759131450577,8.870361380753613,8.88528028650392,8.900730056333218,8.916906661933771,8.933990983185897,8.952151323459937,8.971545438085629,8.99232218248343,9.014622860635642,9.038582335592006,9.064329949602925,9.091990290897165,9.121683836117192,9.153527491317387,9.187635049731737,9.22411758087639,9.263083762710364,9.304640166344727,9.348890009737277,9.395894271821927,9.445606611919128,9.497888543615073,9.552584326269184,9.60955039714325,9.66865477693682,9.729775911443408,,,,,,,,,,,,,,,,,,,,,,,,,,,,,,,2.460829518113399
1972-08-31,5.774549977564244,6.133543856722015,6.7385492546081,7.295147299506266,7.735412767216215,8.074159075330344,8.334461420280366,8.535697682015334,8.69280956914507,8.81699759868631,8.91675184198754,8.997888262181366,9.064468411326935,9.119426005397033,9.164942869640184,9.202683904432,9.233949122002498,9.259775004254326,9.281003852848905,9.298332334266751,9.312346154850532,9.323545279018216,9.332362568811934,9.339177763559599,9.34432810441775,9.348116507096822,9.35081791842524,9.352684310792627,9.35394864325995,9.354828030447624,9.355526298090444,9.356236059425965,9.357140414057712,9.358414347019009,9.36022588799731,9.36273707735443,9.3661047754949,9.370481344439284,9.376015224540067,9.382851424690175,9.391131940793647,9.400996114454788,9.412577831051408,9.425960372991366,9.441126268756806,9.45798335501307,9.47643023495366,9.496373770891331,9.517728398320346,9.540415368598328,,,,,,,,,,,,,,,,,,,,,,,,,,,,,,,3.042447621122066
1972-09-30,6.478319630684975,6.522202048496656,6.884887347858062,7.268080693357762,7.595416686336772,7.862541767797308,8.0785563687485,8.25371892391763,8.396568857352936,8.51451984732314,8.613540998900113,8.697728369277241,8.769964313707167,8.832350950480626,8.88647023991376,8.933546533715162,8.974551753988113,9.010275512565379,9.041373087396186,9.068399006017128,9.091831033745613,9.112087619638807,9.129540791332792,9.144525826171968,9.157348601267389,9.168291247387788,9.177616546430382,9.185571386576495,9.192389502587403,9.19829366804101,9.203497463264656,9.208206711780495,9.212620655579043,9.216932922991443,9.22133233064083,9.226003551735095,9.231127675987869,9.236882681130924,9.243443831886207,9.250984019092076,9.259674049201282,9.269682892321427,9.2811711087348,9.294231340311384,9.308845852471348,9.324927506203021,9.342386132527746,9.361140051040772,9.381115228992865,,,,,,,,,,,,,,,,,,,,,,,,,,,,,,,,2.0362002166381643
1972-10-31,,,7.332590239317309,7.737442776657433,8.026035744110432,8.240640436608407,8.405707889088415,8.53644440010359,8.642493350602447,8.730441779702172,8.804816388713512,8.868668084809805,8.92413057122725,8.972747920099604,9.015671116158988,9.053780896548906,9.087767235409126,9.118182333598948,9.145476874823634,9.170025404922923,9.192144459934251,9.212105750138722,9.230145904790762,9.246473780665319,9.26127601655378,9.274721305953106,9.28696372026851,9.298145319901263,9.308398225111448,9.317846272708152,9.326606352089957,9.334789490777826,9.342501742578376,9.349844919012464,9.356917195356013,9.363813615674019,9.370626515957174,9.377445880447421,9.384359643144219,9.39145394408484,9.39881334812025,9.406521025566967,9.414653469854297,9.423250128253361,9.432300426847661,9.441768601067908,9.45162176005846,9.461832713701627,9.472379391257215,,,,,,,,,,,,,,,,,,,,,,,,,,,,,,,,
1972-11-30,,,7.613407888355347,7.962258594340607,8.221521483539659,8.419759007854392,8.574810088304542,8.698680305725949,8.799422318262183,8.882977353889096,8.953463658434305,9.013660687320357,9.065519676399681,9.110459434658198,9.1495438198375,9.18359266069869,9.213253530251947,9.239049594576226,9.261412351485367,9.280704547594373,9.297236547652469,9.311278239512598,9.323067833456692,9.332818461689644,9.34072319395471,9.346958895699206,9.351689228870052,9.355067009681715,9.35723607857005,9.35833279615544,9.358487249664607,9.357824233148406,9.356464049478149,9.354523170813183,9.352114785845469,9.349349255836719,9.34633449670354,9.343176300773402,9.339978609039639,9.336843742578216,9.333872600098626,9.331164761303278,9.328808903594128,9.326847107245595,9.325267720720218,9.324037636163325,9.323128099279199,9.322516066127244,9.32218362043271,,,,,,,,,,,,,,,,,,,,,,,,,,,,,,,,
1972-12-31,,7.835290540200339,8.093810490232547,8.324655879946443,8.515399789466063,8.669954648014281,8.79519071340032,8.897470241267984,8.981750856391951,9.052332162834649,9.112247328893568,9.16355568314012,9.207716055928609,9.24580124304521,9.278626683897354,9.306830885382054,9.330927460859597,9.351339822802606,9.368424919871751,9.382489852868746,9.393803743274173,9.4026063649114,9.409114523872047,9.413526843460103,9.416027400749456,9.41678852393584,9.415972968054993,9.413735624475533,9.410224876703623,9.405583685026725,9.399950461226274,9.393459779281763,9.386242956855876,9.378428534164616,9.37014267075539,9.361509476155431,9.35265128690156,9.343688899828381,9.33474176946601,9.325928175828146,9.317365367645756,9.30916934443549,9.301437500060583,9.294206639456526,9.287453825400416,9.281138833840634,9.27522760566871,9.269692545564785,9.264511862427382,,,,,,,,,,,,,,,,,,,,,,,,,,,,,,,,
1973-01-31,,7.405303009072453,7.6726170709407535,7.991835117206358,8.283732034272493,8.527549904090703,8.723949185091708,8.879412991288929,9.001907001641065,9.09975985755462,9.178823049844475,9.243076526332137,9.295348167237904,9.337725237895551,9.371801260381194,9.398830308281296,9.419826844483747,9.435632279705244,9.446960512536341,9.454429807472984,9.458585564939042,9.459916881302677,9.458868788888468,9.455851435986483,9.451247063659181,9.445415372515955,9.438697696871102,9.431420284439385,9.423896897473872,9.416430893676232,9.409316904350174,9.402842197901132,9.397287795426923,9.392929389439438,9.390038105091216,9.388881134530898,9.389722268390258,9.392822343352192,9.39843962086213,9.406830109032702,9.418247837440436,9.432942404527358,9.4510909047732,9.472686548181345,9.497565075111838,9.52552927477889,9.556397235397702,9.59000176148485,9.626188872194883,9.664816371489346,,,,,,,,,,,,,,,,,,,,,,,,,,,,,,,
1973-02-28,,8.229199094978357,7.914668494212587,7.9842993298419,8.167835599007855,8.368768912750603,8.55561945098196,8.719177896511974,8.86006138887104,8.982536473324517,9.089772588473819,9.183984593114621,9.266799910201094,9.339468325360714,9.402987866003173,9.458183475763422,9.50575792149426,9.546325731261355,9.580436415076724,9.608590719412122,9.63125223756579,9.648855853565507,9.661813983314364,9.670521255450065,9.675358068797992,9.676693328873595,9.674886576273112,9.670289658980561,9.663248058680205,9.654101951806515,9.6431870652296,9.630835371499657,9.617375657683313,9.603133993817098,9.588434121054593,9.573597775122396,9.55894495732378,9.544794162752273,9.53146257339548,9.519266222273323,9.508520133556049,9.499532914615003,9.49252407912809,9.487530650965946,9.484452683999933,9.483170064955535,9.483574510849916,9.485568634976815,9.489064835041596,9.493984020543675,,,,,,,,,,,,,,,,,,,,,,,,,,,,,,,
1973-03-31,,7.825076778644384,8.0291881333032,8.323199559190334,8.598553638042775,8.830198372363038,9.018555041529124,9.169726073264737,9.291800511220739,9.39208571757305,9.475440662765374,9.545176395946493,9.603651399314469,9.65261179059904,9.693395444551069,9.727059568873425,9.754463253352766,9.776322502614027,9.79324789011036,9.805770915916073,9.814362833721589,9.819448343193423,9.82141571041417,9.820624358212475,9.817410634813832,9.812092251264264,9.804971732759855,9.796339130405668,9.786474171921089,9.775647982204116,9.76412447088319,9.752161459703057,9.740011604931404,9.727923156987822,9.71614058985069,9.704905125562886,9.694455173682547,9.685026701346834,9.676853546402832,9.670167683568817,9.665199451532617,9.662168857125776,9.661207002983643,9.66229978490147,9.665340939587624,9.670218064039982,9.676827796010322,9.685074906029193,9.694871467455041,9.706135749537024,,,,,,,,,,,,,,,,,,,,,,,,,,,,,,,
1973-04-30,,7.522843080500061,7.730933110291026,8.033156464369378,8.319138512673195,8.564937521533496,8.771420859037905,8.944800181501853,9.091145567063176,9.215682336738968,9.322841635313269,9.415983618330882,9.497489612902037,9.569099740541889,9.632126652368886,9.687589113603732,9.736298440598151,9.778916125520691,9.815993263773374,9.847998153183303,9.875336007710999,9.898363294692787,9.917398331933029,9.93272923552327,9.944619960184811,9.953314945686051,9.95904273072267,9.962018792394888,9.962447798206691,9.96052540766519,9.956439725183364,9.950372480563495,9.94249999484729,9.93299397572184,9.922022176570286,9.909748945680692,9.896335686394032,9.881941244597234,9.8667222366019,9.850833327841212,9.83442746313479,9.817649247132866,9.800596076603044,9.783301074433687,9.765763465788332,9.74798335361947,9.729965539760707,9.71171903601658,9.693256632430646,9.674593734777224,,,,,,,,,,,,,,,,,,,,,,,,,,,,,,,
1973-05-31,,7.180281345814782,7.47873918596002,7.814136395925372,8.099292313477095,8.32805364357006,8.511487228510136,8.661175123057378,8.786053003555724,8.89245009190881,8.984849882251854,9.066371263986772,9.139190309196259,9.204875099363957,9.264588388907468,9.319214269886498,9.369440131519887,9.415811299863622,9.458768422853689,9.49867363983609,9.535829274088249,9.570491427380057,9.602880028127698,9.633186367508982,9.66157882691104,9.688207283659285,9.71320653769552,9.736699003967859,9.758796847774475,9.779603693038581,9.799215999949563,9.817724184296377,9.835213533285815,9.851764959745744,9.86745562703639,9.88235946980974,9.896547630321454,9.910088825851442,9.923049659598185,9.935494884938917,9.947487604452094,9.959085465973411,9.970326029846927,9.98122397843501,9.991785150374428,10.002017782298362,10.011933050923453,10.021544766791106,10.030869097254262,10.039923564776696,,,,,,,,,,,,,,,,,,,,,,,,,,,,,,,
1973-06-30,6.883953721313879,7.002520070960133,7.448106528127094,7.891036496065635,8.252672790244246,8.534446767818526,8.753651688474443,8.926054249463569,9.063549459060532,9.174987168204643,9.26704239842414,9.344394991559309,9.410318686792529,9.46718208826098,9.516750376738381,9.56037387943606,9.599110085756609,9.633804991129642,9.665148753320466,9.693714651846168,9.719986916129946,9.744380964158815,9.767258361491468,9.788938040514184,9.809704827075304,9.829815999434839,9.849506389669708,9.868992391920736,9.888475141347133,9.908143057290106,9.928173894211248,9.948736408079979,9.969991719781444,9.992094437923026,10.015193589159745,10.039433393465417,10.064953913684166,10.091891602521178,10.12037976538102,10.150548953780223,10.182526862248782,10.216415200141757,10.252232498496094,10.289914491517525,10.329369191936731,10.370507974945053,10.41324647815406,10.457504157593442,10.50320387558639,10.550270693671424,,,,,,,,,,,,,,,,,,,,,,,,,,,,,,,2.291033446890764
1973-07-31,9.900489874298946,9.553275692239065,9.709904919588116,9.88247286567296,10.014538005532723,10.112830307706558,10.186828902752875,10.242108687729228,10.282470364870653,10.311465269414215,10.332201015155816,10.346895958058335,10.357118150921984,10.364017452119457,10.368464923738436,10.371139955420654,10.37258663861071,10.373251349388598,10.373508463039352,10.373678354251771,10.374040254403255,10.374841602312374,10.376304955664716,10.37863317458226,10.382013361136082,10.386619889740778,10.392616764127874,10.40015946925352,10.409396440052864,10.420470236443562,10.433518490909231,10.448674678411015,10.466068746315262,10.485827633157424,10.508075698475071,10.532935081002023,10.560525998776985,10.590967001866572,10.624375186207885,10.660866375374711,10.700553580173452,10.743502737085455,10.789659018124333,10.838863906515611,10.890937967809121,10.94571334674873,11.003033243704444,11.062750763044678,11.124727897451862,11.188834535558014,,,,,,,,,,,,,,,,,,,,,,,,,,,,,,,0.41097539511526904
1973-08-31,10.149692591570677,9.97395534381056,10.155367835085192,10.326612586509102,10.453605134455561,10.547406819203385,10.618579472200002,10.672904935913984,10.71415298056838,10.74555163206199,10.769684514669633,10.788344220402019,10.802794838831485,10.813960707484545,10.822539662523841,10.82907382042434,10.833995377881479,10.837657145083261,10.840353436896413,10.842334696696705,10.843817941962051,10.844994361067457,10.8460349283074,10.847094615162609,10.848315590862804,10.849829684358053,10.85176029918538,10.854223918006785,10.857331295863583,10.861188414779845,10.865897253603874,10.871556413504445,10.87826162974041,10.886106193118035,10.895181299198544,10.90557633930434,10.917379144335078,10.93067619008645,10.945552770981452,10.962093147741978,10.980378153216147,11.000449806548836,11.022273302883736,11.045757659639323,11.070805303561544,11.097324916220781,11.12523087562884,11.154442662859664,11.184884358176527,11.21648437478354,,,,,,,,,,,,,,,,,,,,,,,,,,,,,,,0.5958590404913124
1973-09-30,,10.169535259783228,10.221294274293713,10.372121501555075,10.519766478606623,10.64456069660439,10.746161408561846,10.826874485328075,10.88976560214725,10.938562412370333,10.97647990042508,11.005757646895788,11.027991705794202,11.044364435478297,11.055782397203522,11.062962541717352,11.066487977055749,11.066845147074122,11.064449269389602,11.059662141940596,11.052804861957915,11.044167076125591,11.034013817656268,11.02259063409773,11.010127484465887,10.996841737039363,10.982940500977495,10.96862245830595,10.95407931687078,10.939496972701706,10.925056447401836,10.91093464977684,10.897304998986062,10.88433793772581,10.872201357438362,10.861060952652803,10.85108051786518,10.84242219754286,10.835246697666662,10.829713465469052,10.825974059620819,10.824111787481804,10.824098312854437,10.825834572447745,10.829217207490046,10.83415029894484,10.84054460304215,10.848316855916769,10.857389048662307,10.867687047008586,,,,,,,,,,,,,,,,,,,,,,,,,,,,,,,
1973-10-31,,9.987396618261284,10.122158480320397,10.251817395934664,10.370144517223387,10.475941428199594,10.569226511021743,10.650399848386998,10.72051534480191,10.781276483883238,10.834164639814633,10.880222769039028,10.920212893406616,10.95471643395797,10.984194411193906,11.009025070244174,11.029528226564816,11.045981496403083,11.058631401852399,11.067701144390796,11.073396157408403,11.075908144409235,11.075418063769046,11.072098367303711,11.06611470158122,11.057627216623167,11.04679158378374,11.033759795511733,11.018680799644597,11.00170100684366,10.982964699816074,10.962614365807667,10.940790968642526,10.917634172755617,10.893282528819794,10.867873628434985,10.84154423373264,10.814430386516321,10.786667500611433,10.758390432354656,10.729727210023759,10.70076364726148,10.671528315460671,10.642020313847924,10.612240415054467,10.582194312641562,10.551892097978136,10.521347799733903,10.490578175875212,10.459598585762722,,,,,,,,,,,,,,,,,,,,,,,,,,,,,,,
1973-11-30,,11.626527159015849,11.896560923503982,12.051953138251536,12.141692459876811,12.195001622026064,12.226501189255144,12.243236060716011,12.249223787933946,12.247179823515333,12.23892504170326,12.225691958819203,12.208349888307332,12.187534656047832,12.16372642954491,12.137298361169268,12.10854806319739,12.077718591171028,12.045012800932678,12.010603398550378,11.974640118835442,11.937254946082618,11.898565972878059,11.858680294205245,11.81769620696555,11.775704901917091,11.73279177962719,11.68903748443501,11.644518724490903,11.59930892778786,11.553478771219172,11.507096610437745,11.460228831559192,11.412940140799664,11.365293804461501,11.31735184892125,11.269175228187208,11.2208239650005,11.172357270228334,11.123833602016877,11.075305002512648,11.026796621823598,10.978303109408778,10.929807926147564,10.881298324897209,10.832765960019424,10.784206419135204,10.735618805443702,10.68700469945194,10.638365783762392,,,,,,,,,,,,,,,,,,,,,,,,,,,,,,,
1973-12-31,11.347007525525797,11.153754783868925,11.204926105172087,11.322422667804716,11.446993219025702,11.55986409503105,11.655068344652388,11.731731636069105,11.792054859759574,11.839452771231755,11.876552600213154,11.905174795291353,11.926641113796968,11.941952725823947,11.951897076641824,11.957114675703343,11.958142313061156,11.955441870312292,11.949420033349647,11.940442091288004,11.92884179283978,11.914928514588295,11.898992559276698,11.881309129524679,11.862141347853148,11.841742579780172,11.820358240673333,11.798227215419473,11.775582984369642,11.752654524095066,11.729667033803244,11.706842525551037,11.68440030714627,11.662557379831426,11.641528767792973,11.621527792752476,11.602766304029418,11.585454872278339,11.569802953420204,11.55601835039008,11.54427264760443,11.534618018851909,11.526988529926145,11.521279456778656,11.517391169803934,11.51523030158167,11.514709080686846,11.515744702433357,11.518257099878037,11.522164962371187,,,,,,,,,,,,,,,,,,,,,,,,,,,,,,,0.4924452457059587
1974-01-31,10.789673691769428,10.880181641890076,11.091048094299572,11.330321182089477,11.549213273908443,11.737211670039065,11.894845515979979,12.025489227758053,12.134267699370838,12.226357845302608,12.305399842030589,12.373888667289206,12.433614255491408,12.485913298914928,12.531820328414017,12.572162138864263,12.607618887979875,12.638764828858491,12.666096179617126,12.690050632137318,12.711021286883108,12.72936678731411,12.745418810538636,12.759487685303556,12.771866661666593,12.78283519535961,12.792661502293404,12.801604565668612,12.809915727822279,12.817839963705154,12.825616907879438,12.833481688954517,12.841665612307096,12.850396722321278,12.859900268244658,12.870399092401728,12.88211395545376,12.895263810301847,12.910066033851054,12.926734611253895,12.945429253548982,12.966172492913968,12.988869587435527,13.013399952053357,13.039652537853039,13.06752552931959,13.096925362060924,13.127765787742499,13.15996562887473,,,,,,,,,,,,,,,,,,,,,,,,,,,,,,,,1.4366841535331805
1974-02-28,10.82850094642021,10.71989166793064,10.925100492793176,11.167140398389815,11.380718991395096,11.559662165853075,11.709055755361828,11.834774758126478,11.942434749425418,12.036641825419355,12.120482114031557,12.196053035878593,12.26484357317621,12.32795156916818,12.386214107783655,12.440289000922974,12.490707515524946,12.537909524945077,12.582267559898536,12.62410364412022,12.663701319836274,12.701314393561534,12.737173400384568,12.771490452181505,12.804462922258521,12.836276279692203,12.867106293816525,12.897120766319716,12.926480904976332,12.955342422632818,12.983856423486262,13.012170123185868,13.040427438006834,13.068769470052471,13.097334909278707,13.126260368514581,13.155680664155074,13.185729052533981,13.216537429931787,13.248234129134635,13.280908578241284,13.314571583762344,13.349175091733784,13.384661952918636,13.420979538799466,13.458079376043392,13.495916704461191,13.534450021941216,13.57363992151912,,,,,,,,,,,,,,,,,,,,,,,,,,,,,,,,1.2081408789991457
1974-03-31,11.743777825065465,11.681592717374425,11.838035786687717,12.014281713593212,12.16234530443781,12.282103092942188,12.380404891678255,12.4630473109961,12.53464855172489,12.59860001009471,12.657162866440638,12.711909462051501,12.763988237264604,12.814275124662682,12.863464384992115,12.912125379611766,12.960739305606964,13.009723685800159,13.059445959567498,13.110209007303812,13.162244511090002,13.215727591169442,13.270789101999638,13.327524854290912,13.386002623755882,13.446267542455148,13.508346292066184,13.572250398594617,13.637978845421104,13.705520163738818,13.774854118390133,13.845953077608952,13.918783133718948,13.993305026061542,14.069474905707661,14.147244972717512,14.226564010060972,14.307377833234716,14.389629670706677,14.473260394447987,14.558207962240608,14.644407089997154,14.731791044877362,14.820294505729732,14.909853928199565,15.000407352886906,15.091894236794131,15.184255649712147,15.277436689794287,,,,,,,,,,,,,,,,,,,,,,,,,,,,,,,,0.8548221850292457
1974-04-30,11.291635438442576,11.239461436926877,11.265789879195522,11.370345028194729,11.499864483176173,11.629842818839185,11.75356611883384,11.870085224148774,11.98063925622224,12.086702457368743,12.189298709324602,12.289167314183416,12.386872448104807,12.482865706290838,12.577523629971873,12.671171160772726,12.764096817067227,12.856562805074415,12.948807335316443,13.041025373162716,13.133364560497222,13.225935384357399,13.318819254074711,13.412074559130033,13.50574127312379,13.599844495291403,13.694397205015358,13.789402426084633,13.884854943176352,13.980742675041094,14.077047781910375,14.173747565265298,14.270815204010814,14.368220360736947,14.465929684049488,14.56390722717891,14.662114798706794,14.760512257914307,14.85905776635112,14.957709478309681,15.056434161043748,15.15521114144538,15.254027771346347,15.35287429341944,15.451742988899605,15.550627955925695,15.649524916182624,15.748431020291662,15.847344577631409,,,,,,,,,,,,,,,,,,,,,,,,,,,,,,,,0.7950670189261668
1974-05-31,11.207252415694601,10.586357752615468,10.623548536196076,10.829485628251426,11.049667957958068,11.250925136127764,11.431067519594874,11.593342742612919,11.741388596972701,11.877839007980096,12.004461701639768,12.12251375992958,12.23293802234938,12.33647531537743,12.433731790144268,12.525221008478873,12.61139117505618,12.692643250383147,12.769338283955836,12.841789550237213,12.91026712641405,12.975007578148764,13.036221244693412,13.094097702725158,13.148809918861282,13.20051744390145,13.249368897238385,13.295503918894818,13.33905471769074,13.38014730977717,13.418902517453764,13.45543678070805,13.489862821202149,13.522290189085316,13.552825716067213,13.581573892978962,13.608637186108083,13.634116303585808,13.6581103943586,13.68071357911629,13.70200196010966,13.722031678086488,13.740853790932908,13.758525377746444,13.77510616792761,13.790655286923704,13.805231099066933,13.818890754049166,13.831688632761676,,,,,,,,,,,,,,,,,,,,,,,,,,,,,,,,0.6705865922854954
1974-06-30,11.519319852609119,11.31884336684493,11.484451258667145,11.710603010340586,11.921502219692917,12.103367209847384,12.258859217115798,12.393812577510692,12.514144350016798,12.624028308033415,12.7262499180208,12.822781748128042,12.915096121389665,13.004343774695103,13.091461054170413,13.177236912291814,13.262356258959185,13.34742845019865,13.432986642467972,13.519456554329063,13.607168611524653,13.69637949501485,13.787288172451623,13.880047921784652,13.974775469201807,14.071558018314079,14.170458717299486,14.271520954516077,14.374771765367443,14.480224557795145,14.587881310256444,14.697734357581238,14.8097678521277,14.923958967086975,15.040278893507002,15.15869367114578,15.2791648845916,15.401650249469592,15.526104047275926,15.652474196375909,15.780694313422678,15.910684176088456,16.042358671741983,16.175632937241552,16.310422797315137,16.44664484584966,16.584216404044835,16.723056750616703,16.863089819867767,,,,,,,,,,,,,,,,,,,,,,,,,,,,,,,,1.104708455424296
1974-07-31,10.598327820995628,10.117127545618272,10.350082479831258,10.714605124181727,11.056960282601548,11.347022175516178,11.588526966813873,11.79218386859093,11.968990315373041,12.126456877735405,12.269596912801422,12.40196625768656,12.52622381411678,12.644451882496233,12.758348362347848,12.869346877588722,12.978694504649482,13.087501390802458,13.196723434203767,13.30711134033345,13.419243731533227,13.533566229217941,13.650420367120544,13.77006527622581,13.89269416531997,14.018446998336609,14.147420354514523,14.279675175664694,14.415242910554353,14.554130430414295,14.696323993057652,14.841792463726408,14.990489950329447,15.142357973638598,15.29732726545107,15.455319267058153,15.616247384718985,15.780018046901638,15.946531549378841,16.115681521652903,16.28735343473317,16.461425682656095,16.637772533165,16.816266621115258,16.996783452747675,17.17920287321225,17.36340874797555,17.5492906505181,,,,,,,,,,,,,,,,,,,,,,,,,,,,,,,,,1.5281290567397772
1974-08-31,10.591303538369049,10.474324808961782,10.721080553040338,11.064145094102425,11.40937687761423,11.732020844557162,12.028422044090904,12.300558260632952,12.551025712118845,12.781863595715873,12.99473328261647,13.191075744382706,13.3721963220349,13.539313165530801,13.693586297453134,13.836135777814265,13.968053457753385,14.090405961586065,14.204176106640444,14.310209286041095,14.409237969287663,14.501907366420408,14.588794397467867,14.670421919532641,14.74726953937659,14.819781930794038,14.888375303679839,14.953442486868578,15.01535695935185,15.074476075252084,15.131143664607922,15.18569214651227,15.2384442580435,15.289714478091101,15.339810207096967,15.389032750173094,15.437678140794821,15.486037834437237,15.534395640128059,15.582975931034193,15.631887521173418,15.681154089264002,15.730786752552518,15.780798648297486,15.83119315114952,15.881961696875408,15.933085492342482,15.984542036999308,,,,,,,,,,,,,,,,,,,,,,,,,,,,,,,,,2.190560057346824
1974-09-30,10.08201502217107,9.939433785134261,10.10932736803855,10.43240412002847,10.784611206034684,11.123430384777004,11.436930701130766,11.723663900258426,11.98515467258568,12.223656175718247,12.44138275749391,12.640248846895028,12.821968307789351,12.98812606932808,13.14022110418474,13.279693289954434,13.40794078975086,13.526318699317104,13.636041170707392,13.73812835973338,13.833446484040207,13.922742809053432,14.006671507157199,14.085813052077862,14.160688958615555,14.231773120899229,14.299500631029453,14.364274708012063,14.42647219311934,14.486447946178892,14.544538390968004,14.601064395846471,14.656333630638045,14.71064250759161,14.764277789606188,14.81751793041838,14.870634197462193,14.923891617364314,14.977543169678048,15.031771662837073,15.08664842066788,15.142173940812356,15.198342687467148,15.25514918387932,15.312578239772051,15.37060417506297,15.429192790535767,15.488308645971033,,,,,,,,,,,,,,,,,,,,,,,,,,,,,,,,,2.1416411535471767
1974-10-31,9.155203570139944,9.310366135948449,9.801927894908387,10.309375808287031,10.761898447254206,11.159919689100562,11.515035558620175,11.838294651385338,12.138122774626499,12.420959559138545,12.691389845591669,12.952551645779783,13.206681001256543,13.455434115564,13.700080633569804,13.941624441052959,14.180881819457753,14.418527411095717,14.655098607641959,14.891011520859077,15.12658913373646,15.362082466120562,15.597686218876413,15.833550507008743,16.06978977683405,16.306489665343722,16.543712335264228,16.781500666890157,17.01988158264142,17.258868706709062,17.498464509930848,17.738662052502736,17.979446409833677,18.220795846779033,18.462682790576764,18.70507464162765,18.947934452797597,19.19122150347165,19.43489337227747,19.678915213058055,19.92326383838664,20.16792134809409,20.412868095292986,20.658083892878253,20.90355029717214,21.14925068384402,21.395170028577873,21.641294617123705,,,,,,,,,,,,,,,,,,,,,,,,,,,,,,,,,3.2657559889986008
1974-11-30,10.514400461828991,10.637060389923882,10.92037634807825,11.240394094692748,11.554043308666625,11.853744225679945,12.141255246875549,12.419916796128591,12.692010788731212,12.958842198887861,13.22122478892457,13.479702108573703,13.734651665531821,13.986344226186775,14.2349793960539,14.480707857548719,14.723645782361226,14.963887299428556,15.201520415823836,15.43663241699087,15.66931011441421,15.899639953337156,16.12770809237943,16.35360046325041,16.577402816131215,16.799200754583975,17.019079762703484,17.23712522645068,17.453422450572255,17.66805667213637,17.88111307144855,18.092676780920826,18.30283289232836,18.511666462785428,18.71926251969698,18.925706064884935,19.131082078045363,19.335475492939974,19.538967426633697,19.741621551139467,19.943481724442595,20.144585391619483,20.34497365991222,20.544688522262934,20.74377014024176,20.94225684927628,21.140185151544394,21.337589268893183,,,,,,,,,,,,,,,,,,,,,,,,,,,,,,,,,2.4444417370588702
1974-12-31,10.750034720891616,11.343224128775411,11.646609037787158,11.8890496782425,12.125132880964658,12.36274273596331,12.603021852212018,12.846051625269093,13.09174467217675,13.339974213476646,13.590603126258879,13.843490664160768,14.098493862880833,14.35546833229979,14.614268731753164,14.874749067076637,15.136763031767673,15.400171018624828,15.664854756875037,15.930716208499998,16.19767278218465,16.465653822702844,16.73459801611538,17.00445144366858,17.275166102757144,17.54669876920336,17.819010112363067,18.092063999851824,18.36582694612082,18.64026767131758,18.91535674552854,19.191066299726042,19.467369789270492,19.744241799147417,20.02165788259242,20.299594426612042,20.578028539311973,20.856937951909348,21.136300779666474,21.416095073688176,21.69629872677336,21.97688953529152,22.25784535509554,22.539144763970135,22.82076737191986,23.10269372832925,23.384905334306733,23.667384785070443,,,,,,,,,,,,,,,,,,,,,,,,,,,,,,,,,2.58993949258503
1975-01-31,10.122355609430409,9.960364670355288,10.19951340237701,10.452515842007024,10.662106019649784,10.835444100071335,10.984945895576102,11.120058726548661,11.248400601188754,11.375863779293173,11.506225252315325,11.641861717352958,11.784288048563978,11.934465091073546,12.092984337318324,12.260183349761627,12.436220661337583,12.621130353322535,12.814862580691658,13.01730585250679,13.228301711289026,13.447655407232519,13.67514378784077,13.910521215153864,14.153524062841134,14.403874175503232,14.661281559240413,14.925446495670458,15.196061218563582,15.472811255150356,15.75537650782166,16.04343213300989,16.33664926027355,16.634695584484614,16.937235856498027,17.243932292042945,17.554444914307318,17.86843304515736,18.185584786339213,18.505663333763753,18.828494494087742,19.153913616715755,19.481750029734542,19.81184213246934,20.144042250586086,20.478215227882366,20.814236826107745,,,,,,,,,,,,,,,,,,,,,,,,,,,,,,,,,,1.253508169862764
1975-02-28,,9.655168026230704,10.003914408191003,10.270138962564845,10.50057095870302,10.714409093432913,10.917688475189104,11.112361373364006,11.299532158445311,11.480042772625707,11.654571284173931,11.823707447077147,11.987988756260354,12.147919119524092,12.30398005325259,12.456637679731367,12.606344940849047,12.75351399931692,12.89849111379816,13.041569142356147,13.183000256723238,13.323005189194197,13.461780067286522,13.599501539735726,13.736330672251727,13.87241594425453,14.007895579668684,14.142899378261717,14.277550168085025,14.411964967426568,14.54625592186947,14.680531065652156,14.814894944599377,14.949449129124197,15.084292639286845,15.21952229901033,15.35523303285581,15.491516517455041,15.628438349470303,15.766013221431129,15.904218517117434,16.043026761409877,16.18241269224258,16.322349307514152,16.462807009190264,16.603754073079234,16.745159188571787,,,,,,,,,,,,,,,,,,,,,,,,,,,,,,,,,,
1975-03-31,,9.442066733226307,9.757231793774377,9.961228184684892,10.123854189985007,10.269905902506542,10.406801793809377,10.537238674459813,10.662875868362047,10.78510802056381,10.905104996305264,11.023672835090496,11.141360905884104,11.258553559227554,11.375525133380249,11.492474333160343,11.609546604629022,11.726850027586726,11.844466039623939,11.962456158904512,12.08086672688631,12.199732357572536,12.319078486958427,12.438923285116232,12.55927910937981,12.68015362217895,12.801550660466027,12.923470918836992,13.045912491316939,13.168871304788604,13.292341468531447,13.416315558222152,13.540784848298703,13.665739503319001,13.791168736515171,13.91706094192214,14.043403876738285,14.170191162430761,14.297426455051545,14.425109550907175,14.553234293563374,14.681787815823068,14.810752265465105,14.94010758637272,15.069832180666237,15.199903306744167,15.330298921496203,,,,,,,,,,,,,,,,,,,,,,,,,,,,,,,,,,
1975-04-30,,9.518527689004696,9.986165726473356,10.343823068462358,10.617670114486668,10.83453805057659,11.014645398572227,11.172588101842274,11.31840895125732,11.459142280467374,11.599559831521729,11.742661765807512,11.890319013875862,12.043676572167888,12.203395481051325,12.369804073183065,12.543004377699177,12.72298155245967,12.909661014139893,13.102924444859772,13.30262020517319,13.508570907151192,13.720579011878234,13.938431027574415,14.16190070016832,14.390751467583872,14.624738368630076,14.863609542842969,15.107107420015431,15.354969671821067,15.606929979252792,15.862718656166669,16.122063159454182,16.38468850918409,16.650317636719937,16.918671674818004,17.18947165261171,17.462486445459568,17.737551881655193,18.01451443676718,18.293230319179507,18.573569909966416,18.855416664548155,19.13866543341227,19.42322117221368,19.708997791071216,19.995916946946753,,,,,,,,,,,,,,,,,,,,,,,,,,,,,,,,,,
1975-05-31,,9.207809080152767,9.574384356077148,9.970492836927075,10.309284311478683,10.583951780390898,10.808450855350538,10.998378384243006,11.166056476610331,11.320830079713385,11.469172572345663,11.61522611670373,11.761665035193687,11.910220038927788,12.061992764822367,12.217652458384359,12.377575389300734,12.541969374178745,12.710934658897965,12.884491139160406,13.062597491485164,13.245165086659078,13.432068273591591,13.623152092205848,13.818238135235969,14.017129057301865,14.21961208196742,14.4254617572862,14.634442141234285,14.846308550056504,15.060808968223093,15.277685194019472,15.496673776846983,15.717506789117593,15.939912465823822,16.163615737513652,16.388344749259943,16.613919363224152,16.840241161303773,17.067221150506022,17.294782129915827,17.52286216410776,17.751411086714217,17.980387365361153,18.209757003307885,18.43949213849715,18.669568536348297,,,,,,,,,,,,,,,,,,,,,,,,,,,,,,,,,,
1975-06-30,,9.409642173193669,9.961906645975224,10.384433845619592,10.678768002095554,10.881171392780923,11.025709439992264,11.137700667541536,11.234469069498626,11.32739138068104,11.423941218918156,11.52872611916716,11.644320235280317,11.771980554258862,11.912085951870022,12.064413379771723,12.228402879272526,12.403465425345155,12.589047517093464,12.78462275826207,12.989685403750471,13.203745666168773,13.426326246770143,13.65695973365017,13.895186624378411,14.140553804945666,14.392613366723035,14.650921676929702,14.91503864141777,15.184527114900083,15.458952425327556,15.737881987445682,16.02088498661358,16.307532118419633,16.597395372934404,16.89004785492151,17.18508143015757,17.48224566882235,17.781382522225847,18.082343656045435,18.384994498606407,18.689216115142457,18.994901515321477,19.301953061557853,19.61028137438192,19.919804385758574,20.230446452520464,,,,,,,,,,,,,,,,,,,,,,,,,,,,,,,,,,
1975-07-31,,10.149272592036084,10.695225393398907,11.052893726682068,11.270987668835915,11.39924926727011,11.473070346926983,11.515905638386718,11.543116039509695,11.564817366678032,11.588113057029034,11.617587829843364,11.655968171725798,11.704780306479318,11.764750282705714,11.836057305788819,11.918573518440807,12.012080957278659,12.116318304913005,12.230991768632213,12.35578281262195,12.49035378139762,12.634352056254436,12.787413172604937,12.949163189155549,13.119220510350035,13.297197303825577,13.482700614128222,13.675333246004444,13.874694471034433,14.080380597497605,14.291985433388357,14.509100665247127,14.731316170138912,14.958220274149776,15.18939996840944,15.424465227396439,15.66314931430677,15.905227560020343,16.150476619882937,16.398682307722904,16.649642697131306,16.903169688536007,17.15908884982129,17.41724005841211,17.67747761373185,,,,,,,,,,,,,,,,,,,,,,,,,,,,,,,,,,,
1975-08-31,9.86056604574265,9.87295653418854,10.185861175464717,10.525833145621261,10.823668059130362,11.074527859708821,11.288821850616126,11.47695025628189,11.646471421954152,11.802325811708169,11.94775857214883,12.084908377432704,12.215210432066309,12.33964755739447,12.458900985987544,12.573446478242495,12.68364014625261,12.789780897726793,12.892128741476043,12.990914512283936,13.08634681710365,13.178617086837606,13.267903310261525,13.354372834467512,13.438184493200767,13.519490244041675,13.598436441769685,13.675164838863457,13.749813379000997,13.82251683185978,13.893407305052316,13.962614660073786,14.030266853030904,14.096490776072232,14.161415910159846,14.2251761829543,14.287904457878202,14.349713704813736,14.41069778958445,14.470934646887603,14.530486945686349,14.589404933188328,14.64773146904851,14.705504167355446,14.762757859237247,14.819525501282241,,,,,,,,,,,,,,,,,,,,,,,,,,,,,,,,,,,1.9417597659655197
1975-09-30,10.367135848232381,10.306068518853317,10.501463754893608,10.744138879392468,10.96955966907925,11.167660990105057,11.34374810252686,11.504286527284961,11.654051399582325,11.79627268845995,11.933210620881425,12.066251802804238,12.196192130761016,12.323447686144371,12.44818134044462,12.570389840525998,12.690019384916413,12.807033284882438,12.92141116529956,13.033144886249937,13.142235629877952,13.248691781739717,13.352527364843997,13.453760865182888,13.5524143391352,13.648512726853568,13.742083318232304,13.833155333310655,13.92175958948919,14.007928235302918,14.09169453572218,14.173092697709642,14.252157776423735,14.328935073001624,14.403517815139415,14.476057591931076,14.54673259612063,14.615692970718568,14.683073366191383,14.748995663279166,14.813566299074143,14.876878554234327,14.939016340291676,15.0000560038782,15.060068421802518,15.119119499352482,,,,,,,,,,,,,,,,,,,,,,,,,,,,,,,,,,,1.429136840227569
1975-10-31,11.295334245769665,11.110041933412695,11.111410382237509,11.22817898511346,11.380086352661264,11.536072702906537,11.689024350660649,11.838374180294235,11.98492952523455,12.130036470382926,12.275081789614307,12.420888593762761,12.567871242406756,12.716181325750876,12.865795271706196,13.01657853702366,13.168367090914144,13.321002046378073,13.474329305318761,13.628198361316674,13.782461444468193,13.93697289945021,14.09158872582867,14.246166233290054,14.400563779617254,14.554640569132582,14.7082564959312,14.861272020707398,15.013548073065097,15.164945973366235,15.315327369705289,15.464554186701058,15.612488913200867,15.75901410848888,15.904082092537335,16.04771948682038,16.1899785941839,16.33089446989519,16.470506864650382,16.60886251516157,16.74601530090399,16.882024540472187,17.01695316650137,17.15086605804334,17.283826499104535,17.415894378335455,,,,,,,,,,,,,,,,,,,,,,,,,,,,,,,,,,,0.8347022246132614
1975-11-30,11.038974345463664,10.867269442329729,10.948788639906235,11.141757674174862,11.340408532589647,11.519830518963666,11.681022683615586,11.828707476960114,11.967100522783133,12.099483473529231,12.228623238737141,12.356780475028756,12.485397395309452,12.615302436864965,12.746914867664461,12.880393089507342,13.015783610442726,13.153079932696615,13.292237057954107,13.433181112494628,13.575816222288527,13.720029513067322,13.86569480602778,14.012675389610001,14.160826126048754,14.30999507179757,14.460024737858612,14.610753080041835,14.762014284342957,14.913639395245854,15.065456822417959,15.217292752400418,15.368972301584078,15.520343914319376,15.671322111667184,15.82188506289368,15.97202291202225,16.121713335674336,16.270940839178678,16.4196988941494,16.56799069683983,16.715827600164182,16.86322764711674,17.01021348894904,17.15680906710585,17.30303801476713,,,,,,,,,,,,,,,,,,,,,,,,,,,,,,,,,,,1.0605091280655667
1975-12-31,,10.604876788191966,10.731749442049397,10.873219988358516,11.00274574451826,11.120421169000396,11.231592767999786,11.340998660840063,11.452461546519054,11.568989389564504,11.693489721793282,11.828274710071293,11.974383286405818,12.131938029233893,12.30045282987415,12.479125476651722,12.667171481926928,12.863880924517312,13.068599281111178,13.280713576799858,13.49964249260083,13.724829170929025,13.95573589790177,14.1918401150674,14.432631388319097,14.677609076290091,14.926280516883303,15.178159602401733,15.432765649479483,15.689622495026594,15.948257767152265,16.20820229278999,16.468994912248228,16.730265775309103,16.991832622281514,17.253674470557424,17.51577905416658,17.778109006385677,18.040636957986717,18.303340519706303,18.566199424630447,18.82919689519624,19.09232021282526,19.355559707184703,19.618907390623733,19.88235614248717,,,,,,,,,,,,,,,,,,,,,,,,,,,,,,,,,,,
1976-01-31,,9.281088251532337,9.656768169570574,9.95785196054912,10.171522760442517,10.325904773700527,10.444217108442361,10.542065252670064,10.629820712931746,10.714532239340492,10.801520918509453,10.894261827763096,10.994353310711205,11.102138999340411,11.217134047322247,11.33846645455246,11.465285136658656,11.596803668636685,11.732283341646859,11.871021233972844,12.012341690277982,12.155590124700838,12.300128440534502,12.44533159498605,12.590584988393744,12.735282455932602,12.878824705607544,13.020618091376061,13.1600891382223,13.2968136271441,13.430600945413476,13.561465180852414,13.689584828407567,13.815189906810538,13.938475344406715,14.059605979659459,14.178748924840324,14.296061292922296,14.411682914207585,14.525736907651288,14.638331698736188,14.749565059863883,14.859526379479206,14.968298660312941,15.075959481567171,,,,,,,,,,,,,,,,,,,,,,,,,,,,,,,,,,,,
1976-02-29,9.210401722293101,8.596449539152937,8.856220769222903,9.225173510420891,9.559496073188699,9.851890588619828,10.112854252687844,10.35224792166031,10.576944081452272,10.791421620239124,10.998482198311255,11.199750086289706,11.396046177431536,11.587671854266768,11.774590273996012,11.956642752237851,12.133712248502919,12.305726073596391,12.472644218937939,12.634451186408096,12.791150152524246,12.94275872420498,13.089305801726345,13.230829225939067,13.367373990153562,13.498990864666988,13.625735326950828,13.747666730950586,13.864855367737535,13.977424352320817,14.08556669620699,14.189535463111847,14.289628767381204,14.386146094011758,14.479364420492503,14.569542205536152,14.656923348914194,14.741729744728337,14.824160982713625,14.904393918995186,14.98258532072413,15.058876323159351,15.133395039688745,15.206259345157669,15.277578172095136,,,,,,,,,,,,,,,,,,,,,,,,,,,,,,,,,,,,1.5810198979460228
1976-03-31,7.921179371151248,8.507608339526593,9.031100662207619,9.457033645408623,9.811177280049147,10.114715320068647,10.38210751911321,10.623296360220266,10.845155455565168,11.052516363874432,11.248841708268024,11.436444419218757,11.616804913750201,11.790866001977088,11.959218825581168,12.122268583119007,12.28033366734416,12.433672813479893,12.582500798569228,12.726999431020047,12.867325400280068,13.003615985691484,13.13599327607909,13.26456733444141,13.38943860311596,13.510699753906351,13.628437127070072,13.742731923673674,13.85366973645916,13.961371829478159,14.066002245221693,14.167761360458966,14.266874026616751,14.363560045974669,14.458023516421237,14.550455719061745,14.641033592222184,14.729915003398801,14.817239098164473,14.903126092823817,14.987680388917015,15.070994754321807,15.153152543972954,15.234230535762736,15.314299779227117,,,,,,,,,,,,,,,,,,,,,,,,,,,,,,,,,,,,3.1313369927231838
1976-04-30,9.665089320850209,9.837509129145626,10.0348475203792,10.221669378387183,10.390730083622609,10.545388858541218,10.68980986858979,10.827576008021657,10.96138946820221,11.093219145737581,11.22449155387137,11.356088874445577,11.488502107544747,11.621970393653374,11.756571570005512,11.892306803834725,12.029141716646736,12.16701696457293,12.30585480820572,12.445563711483278,12.586041626607212,12.72717838307362,12.868857453478604,13.010957277872478,13.153352270268883,13.295913592882638,13.438509758314694,13.581007258351411,13.72327860818137,13.865220288818335,14.006753958597589,14.147822513019173,14.288384058763924,14.428402101481453,14.567842556018082,14.706674380673498,14.844872930853175,14.98242111040672,15.119312066541106,15.255552266296931,15.39115929263554,15.526159165316002,15.660584028009144,15.794467913597812,15.927844296645247,,,,,,,,,,,,,,,,,,,,,,,,,,,,,,,,,,,,1.4281298248873728
1976-05-31,,11.126587755293244,11.303065987939476,11.423124018560031,11.510880464093177,11.5802997409834,11.639947594734227,11.69544119630145,11.750389003976284,11.807290207398175,11.867911344461904,11.933172963094252,12.003402975142933,12.078548421073465,12.158330386199586,12.242412417365715,12.330454727796049,12.422115857246366,12.51705311239043,12.614922875090512,12.715380822590594,12.818082087656894,12.922681376942593,13.028833059761398,13.136191235555408,13.24440978579353,13.353142414336874,13.462043839450843,13.57079888368047,13.679168017703825,13.78698432446993,13.894141701972234,14.000571882114473,14.106212877130085,14.211003420066083,14.314892869862193,14.417848314687305,14.519850659130274,14.620897198919534,14.72100325436524,14.820198348004025,14.918522811913027,15.016024305126257,15.11275229428835,15.208755095952682,,,,,,,,,,,,,,,,,,,,,,,,,,,,,,,,,,,,
1976-06-30,9.886582758683488,10.330620424043264,10.639142523514964,10.804781449807903,10.919842759178726,11.019640376451319,11.117336971481057,11.21898042891912,11.327615429188164,11.445260084193878,11.573046029421713,11.710894288718897,11.85790446504507,12.012651142444028,12.173504219678108,12.33903986119745,12.508070258691687,12.679578769879031,12.85267487481456,13.02656264530599,13.200518223067812,13.37387344019703,13.546003712568252,13.716318959880041,13.884256704890111,14.049276765134733,14.21085712426602,14.368497455420481,14.521812912795848,14.67063249702777,14.814978350705195,14.9550317495128,15.091046330845295,15.223254962528653,15.351865007937441,15.477087291312513,15.599132309283723,15.71819938091236,15.834476612642206,15.948141702213809,16.0593642022538,16.168306347824167,16.275121843261243,16.37995374826644,16.482933518432183,,,,,,,,,,,,,,,,,,,,,,,,,,,,,,,,,,,,1.5586773255103896
1976-07-31,10.754909491636543,11.054487150317499,11.137002070533057,11.200440398158444,11.269342964444379,11.343244429755657,11.421274781293176,11.504168231810093,11.593368352030817,11.690387015900644,11.796912867026617,11.913551109354357,12.039837922100075,12.174629445546268,12.316533303640059,12.46431731538942,12.616918338613491,12.773395399209642,12.93289754165921,13.094641324381499,13.257894744986656,13.421965549550462,13.586192591643554,13.749939351603336,13.9125890111806,14.073540664806226,14.232206373151142,14.388023953860294,14.540582471973874,14.689703915145795,14.835413168067374,14.977897466502471,15.117396666106911,15.254119053322333,15.38824603095591,15.51996373126626,15.649450448953893,15.776868942974138,15.902366148861066,16.026074483852828,16.148114753663773,16.26859868035826,16.38763039389258,16.505306765729056,,,,,,,,,,,,,,,,,,,,,,,,,,,,,,,,,,,,,0.9354775242641011
1976-08-31,10.552136833260722,10.606384882334284,10.719485559250359,10.878909075664325,11.058106888819967,11.242245746254412,11.425087692073374,11.604573413486046,11.780144485448222,11.951645955763329,12.119011805514946,12.282084162136861,12.440625427393359,12.594351609100897,12.743012226543451,12.88645254805703,13.02459334980885,13.157409941680744,13.28491781629163,13.407162603313242,13.524212893981371,13.636155022558556,13.743089209154379,13.845126666840663,13.942387403059012,14.034998528395858,14.123092947744855,14.206812902470654,14.28633366942824,14.361872592711496,14.433682891039812,14.502044037908659,14.56723314534256,14.62950985736417,14.68911856074552,14.746286777795401,14.80121899146465,14.854097206263688,14.905080696874375,14.954308676432671,15.001905041444088,15.047982125557676,15.092643190349559,15.135983443897844,,,,,,,,,,,,,,,,,,,,,,,,,,,,,,,,,,,,,1.3995091225026073
1976-09-30,12.314431277004969,12.228542551789111,12.316600390106428,12.427841610160245,12.531259216223635,12.624980448383225,12.712074708722914,12.795676650482212,12.878176455113186,12.961299168592685,13.046246077974086,13.133476583094613,13.222941859068603,13.314282654303227,13.407066145793708,13.500914075417485,13.595493797453397,13.690505608470149,13.785674078302696,13.880741981735664,13.975465963991528,14.069613388358368,14.16296000617562,14.255288209323359,14.346385702114187,14.43604447967158,14.524060157980024,14.610248414800221,14.694504316021682,14.776814125073525,14.857241068310113,14.935903952145106,15.012930854828417,15.088441281415442,15.162551377809171,15.235376688516677,15.307022684863437,15.377583296105408,15.447139590677821,15.515761670590146,15.583512048536164,15.650448137492452,15.716623820213476,15.782089510037958,,,,,,,,,,,,,,,,,,,,,,,,,,,,,,,,,,,,,0.646867891587716
1976-10-31,13.840534511820563,13.720262571450037,13.879656596740565,14.075474340076443,14.228509043617487,14.332541855181702,14.398523303029164,14.438130601381538,14.460494807640593,14.472565242743475,14.479422742945589,14.484576905225891,14.49054369883698,14.499183522890883,14.511832376713354,14.52941822884004,14.552579207069222,14.581744109777768,14.617187492610984,14.659068229165488,14.707457054334146,14.762356595829653,14.823716180093257,14.891442936726328,14.965410237858311,15.045464189968268,15.131428546457117,15.223101862672417,15.320244924655492,15.42258248664794,15.529809147411758,15.641600268950045,15.757631724432771,15.877584777580038,16.001145308704555,16.128009071325337,16.257890401899335,16.390527678002286,16.52568660777642,16.663160745739994,16.802770509437664,16.944357884114883,17.087781767191917,17.2329151497012,,,,,,,,,,,,,,,,,,,,,,,,,,,,,,,,,,,,,0.6320307309229118
1976-11-30,13.239253662119616,13.129440181008553,13.375559746762086,13.585763703431542,13.719927138984975,13.797816004380598,13.840031117247168,13.860241215720476,13.867002235998237,13.866226158867267,13.86229096030644,13.858497094802644,13.85725891089546,13.860319978162225,13.868904181743806,13.883851335721808,13.905729626285185,13.93491106392264,13.97162310860692,14.015984807423777,14.068032607164143,14.127739127118378,14.195027034619885,14.269779451702819,14.351847864161915,14.441058205444701,14.537214891783176,14.640087291529413,14.749385968079881,14.86476712233122,14.98584182370857,15.112196776178319,15.24342372063403,15.379123609554988,15.518903963620875,15.662386720450712,15.809219662878512,15.959084245222169,16.11169935610814,16.26682315136261,16.42425087627959,16.583806683815787,16.74533629213421,16.908702305065585,,,,,,,,,,,,,,,,,,,,,,,,,,,,,,,,,,,,,0.6269724967476513
1976-12-31,,12.557368170889493,12.863016281780686,13.12782085069405,13.311222940522137,13.429625979494794,13.505970369094701,13.557712555971344,13.596675278551405,13.63079363535302,13.665202891783725,13.70292494098643,13.74492345678517,13.790933954438051,13.840495883737093,13.893166573410815,13.948516963173574,14.006127822896177,14.065587165722587,14.126488437251647,14.188429222095438,14.251010303194448,14.313834966528791,14.376508479651633,14.438637695374538,14.499830746910144,14.55970268619997,14.617952598427879,14.674438541934663,14.729160831309933,14.78223570583003,14.833826076758427,14.884070717411827,14.933082060913435,14.9809638554345,15.02780580431549,15.073679519690312,15.118644377039752,15.16275198530032,15.206052245011843,15.248596352870372,15.290435515536213,15.331618312154125,15.372189234554254,,,,,,,,,,,,,,,,,,,,,,,,,,,,,,,,,,,,,
1977-01-31,,11.177964889128164,11.432404038558502,11.594955951825154,11.686954508976093,11.735453800959897,11.762622746797955,11.783853960732998,11.809462182284062,11.846148954666456,11.897870698117684,11.966387793478368,12.050608379234346,12.148032499729768,12.256369632595122,12.373665276124576,12.498202398482286,12.628435473849622,12.76294534926275,12.900407651398927,13.03957021999528,13.179236695789768,13.318254389868805,13.455505185678012,13.589898624550369,13.720366587490684,13.845881913243717,13.965645064951858,14.079203316149036,14.18640402354497,14.287335700515857,14.382189891261415,14.471155978202367,14.55442519646977,14.632239762411551,14.704876966243338,14.772627184610394,14.83578069244011,14.894622551575107,14.949429256446953,15.000466689775635,15.047988034102616,15.092230940150483,,,,,,,,,,,,,,,,,,,,,,,,,,,,,,,,,,,,,,
1977-02-28,,10.283071985866894,10.569317213173262,10.762242380334566,10.900564442340782,11.01783309575089,11.13230342317514,11.251826479954453,11.37894085249838,11.513754499600116,11.655500952372305,11.80310700425482,11.954947142328422,12.109346257820391,12.265015972343253,12.420980385604608,12.576484172398223,12.730931311746751,12.88384316473624,13.034829129000286,13.183565677637278,13.32978111478659,13.473244308010962,13.613756237583315,13.751143573944699,13.885253752547,14.015963050606949,14.143238693617235,14.26716246378384,14.387913257979012,14.505743614898877,14.620919278791773,14.733685985152427,14.844274989914853,14.952914563512262,15.05982014046653,15.165185166289222,15.269175432555055,15.371929922123227,15.473563565454446,15.574171714551342,15.673833668941722,15.772616991617951,,,,,,,,,,,,,,,,,,,,,,,,,,,,,,,,,,,,,,
1977-03-31,7.871081587275953,8.677790750992422,9.035645581326635,9.235369139871802,9.375663123432027,9.495251847988646,9.610013497517983,9.726404157499552,9.8470767721711,9.972923143727026,10.104046238369987,10.240005818153104,10.37976029639793,10.522220775000719,10.666554877742689,10.81212611555168,10.958436272635494,11.105086997237464,11.251753521627114,11.398166266093593,11.544097698941025,11.68935278012144,11.833761897833085,11.977175570969107,12.119460422978586,12.260496167301541,12.4001847028156,12.53848870371697,12.675438196696488,12.811119653432362,12.945658559722437,13.079179412300018,13.211791028319592,13.343591405896381,13.474673096285933,13.605118368106998,13.734995199403425,13.864356528025104,13.993244173008774,14.121695219633063,14.249743310172274,14.377417170052322,14.50474163569607,,,,,,,,,,,,,,,,,,,,,,,,,,,,,,,,,,,,,,2.101841556451073
1977-04-30,7.424447913450657,7.984348506043101,8.450124124041528,8.803942662162694,9.08419963085444,9.321081854856228,9.531780142931465,9.7263781160892,9.911658065674516,10.092243713253653,10.271345804529515,10.450857452621069,10.631568094935558,10.813802065718647,10.997714238633366,11.183348400043325,11.370669921747826,11.559587542805287,11.74996827288611,11.941647824619675,12.134438065270784,12.328132436140693,12.522509958211371,12.717338236378678,12.91237574266958,13.107373794258889,13.30208910612421,13.49631074523989,13.689862114330312,13.882595254887384,14.074383955766319,14.265114160026032,14.454680474042265,14.642992001772134,14.82998307478693,15.015613866397834,15.199869911372954,15.382762004004336,15.56432590718621,15.744619505381298,15.923713435281591,16.101682075913835,16.278598375984675,,,,,,,,,,,,,,,,,,,,,,,,,,,,,,,,,,,,,,2.667795799802996
1977-05-31,8.023357068118528,9.09746759094147,9.557508759137534,9.795836389716232,9.952740941639098,10.080879590960405,10.200067835239873,10.31796407895062,10.43768113790558,10.56073543651836,10.68813217523603,10.820170650507734,10.956532128471654,11.096778634634955,11.240499911970055,11.38730685486815,11.536825288133695,11.68869181964738,11.842551002714492,11.998053349708771,12.154853913246583,12.3126112543136,12.47098667957581,12.629643669362798,12.788247442935019,12.946465333264577,13.10398423535435,13.26053785912926,13.415904218563625,13.56989818797078,13.722363498799156,13.873164352853284,14.022182131549147,14.169323482456893,14.31452961822022,14.45777445226979,14.599063481186658,14.738432732468207,14.875948215701165,15.011700355584612,15.145792318861877,15.278329598310883,15.409414404440732,,,,,,,,,,,,,,,,,,,,,,,,,,,,,,,,,,,,,,2.537378368399832
1977-06-30,,8.982311147839695,9.394594702863708,9.662567397848886,9.868314637707872,10.048997602639176,10.220367774120328,10.389958676260418,10.562034649477276,10.738931242675694,10.921884921328045,11.110090119559324,11.30144755098407,11.494056210908564,11.686414411356854,11.877297052833264,12.065674274769368,12.250657222488647,12.431460940392826,12.60737839719231,12.777761932499361,12.942009763441309,13.099556011287712,13.249863221420723,13.39241667851258,13.526729410853603,13.652471841083992,13.769605820283003,13.878353344582699,13.97914604706448,14.072476022208495,14.158776283018575,14.238492056656197,14.312067285488993,14.379921773949226,14.442448300907444,14.500012832264225,14.55295704929129,14.601602635244816,14.646253293300806,14.68719325924152,14.72468459918192,14.758966654362698,,,,,,,,,,,,,,,,,,,,,,,,,,,,,,,,,,,,,,
1977-07-31,,9.00256473815855,9.295600721192917,9.480586389880632,9.628662884338185,9.77103218812295,9.919212274560735,10.078156869258956,10.250832024329808,10.438763578761296,10.642200351315294,10.859414222564988,11.08640767084854,11.319664916776532,11.55640259413615,11.794341533749826,12.031558470229571,12.266387179813204,12.497350837831236,12.723114668933716,12.942452125823653,13.154220291972262,13.357341701017182,13.550790701311149,13.73358309345824,13.904795450843066,14.063791610739626,14.210368813323004,14.344697112363672,14.467238577384341,14.578522745716318,14.679050743461906,14.769387631121226,14.850126087857221,14.921862454989926,14.98518467413741,15.04065810372161,15.08882096788131,15.130180970684645,15.165214399242936,15.194365911038734,15.218047210805864,,,,,,,,,,,,,,,,,,,,,,,,,,,,,,,,,,,,,,,
1977-08-31,,6.409379188247287,6.9094999930669525,7.39977315170129,7.834948600011957,8.206098295772522,8.517059262709974,8.777455352770481,8.998144556986402,9.188339154368586,9.355014676209882,9.50304346291343,9.635740848890384,9.755539020237006,9.864298815062359,9.96348827034784,10.054298151690613,10.137718973132548,10.214593694937946,10.28565461203792,10.351549702919256,10.412861792452667,10.470122715722377,10.523823940898295,10.574424634280184,10.62235207054646,10.667975548616285,10.711601664648414,10.753501146812575,10.79392378609069,10.833100566857855,10.871237483326983,10.908507964650026,10.945044422250819,10.980939303820026,11.016248117156952,11.050999662036586,11.085207834252607,11.118890675204174,11.152073936402525,11.184785326635627,11.217051692735312,,,,,,,,,,,,,,,,,,,,,,,,,,,,,,,,,,,,,,,
1977-09-30,5.559607948631962,6.151083021778097,6.785556858924127,7.351248969269666,7.825187354007667,8.213914969251872,8.530880655664847,8.79162197493223,9.010209972101189,9.197487423966978,9.36119521839145,9.506463759484696,9.636700385853679,9.754389082851967,9.861411936940366,9.959237229090913,10.049041142283569,10.131788899837353,10.208290281110589,10.279238482491078,10.345237875246223,10.406824193050406,10.464479453200832,10.518643147529469,10.56972071168331,10.618085550921771,10.664068842863086,10.707962781448552,10.750033787689112,10.790530063741755,10.829685994372744,10.867713779441189,10.904794045009746,10.941067384601533,10.976634740861915,11.01156054642043,11.045881958733428,11.07962211449975,11.112807487845034,11.145469356762108,11.177638428403805,11.209343713590458,,,,,,,,,,,,,,,,,,,,,,,,,,,,,,,,,,,,,,,3.6378794753350157
1977-10-31,4.839998690661614,5.865968443833574,6.777199810798785,7.4361064591474815,7.9187520476476125,8.282228420369636,8.562201214810358,8.784457209910421,8.967921832910504,9.12595161270325,9.267582666524607,9.398638645568242,9.52254367660272,9.641465459305232,9.756879015046271,9.869784359536714,9.980846210374757,10.090487125410561,10.19895122899573,10.306348820357947,10.412688236725728,10.517899026510035,10.621849077308106,10.724357461906306,10.825204300677344,10.924143213984422,11.020918481706694,11.115270364230103,11.206936779665494,11.295660894109414,11.381210882000678,11.463388869038365,11.542033800432971,11.617034095803778,11.688336687181996,11.755946288684576,11.81992592607569,11.88039502993622,11.937520570749294,11.991496897845881,12.042525700286323,12.090803535279468,,,,,,,,,,,,,,,,,,,,,,,,,,,,,,,,,,,,,,,4.285952922041637
1977-11-30,6.660164022301493,7.787798898871895,8.528265298164532,8.944440055231262,9.192823297911762,9.35569218864875,9.473777815312827,9.570069319542128,9.658502560231868,9.747577340215546,9.842075997172643,9.943936171475313,10.052681813907261,10.167396147097909,10.287164480737896,10.411074091291816,10.5382136435353,10.667672804913057,10.79854198167859,10.929912134191989,11.060874644989811,11.190521222835864,11.31794383180225,11.442234638080135,11.562490370644236,11.67792086411195,11.788012227361598,11.892441687920554,11.990933572432379,12.0832602495887,12.169281874460365,12.248931287542154,12.32220489815053,12.389166524145947,12.44994528615201,12.504728616638477,12.553757372109363,12.597319340999933,12.635734797556294,12.669335749566015,12.698447526068168,12.723378286039582,,,,,,,,,,,,,,,,,,,,,,,,,,,,,,,,,,,,,,,3.087413317914053
1977-12-31,,6.565780577183333,7.52326152937826,8.110674533934613,8.504987450855257,8.78818287871633,9.004399694466164,9.180947344369688,9.335315592140425,9.478335570558102,9.61609417493503,9.750974393544203,9.882775193908097,10.011059039771114,10.135434808575543,10.25554329289456,10.371047813629032,10.481627962138708,10.586975318542521,10.686790454528783,10.780780792505336,10.868659048617856,10.950142081937248,11.024950031350244,11.092819739912231,11.153691951050124,11.207879984979499,11.255866236914107,11.29810248141805,11.335032902482887,11.367083810628227,11.394639387604391,11.418034659631,11.437553667149597,11.453437175797777,11.465897487470475,11.475135028790596,11.48135019158924,11.48474635418605,11.485523081476883,11.48386697289482,11.47994904739438,,,,,,,,,,,,,,,,,,,,,,,,,,,,,,,,,,,,,,,
1978-01-31,5.397637525400042,6.986494480438357,8.013676516426388,8.67242072500536,9.103206057079294,9.394351899110205,9.601329251997655,9.760438429537055,9.89499130546606,10.019426394122894,10.141899172546102,10.265336205756284,10.389498962278303,10.51379292311249,10.637528052008458,10.759948644605949,10.880252642584802,10.997604509764917,11.11114404206941,11.219992534498797,11.323257186112569,11.420034303652153,11.509411669436147,11.590470318231965,11.662321284665232,11.724400729560264,11.776628390309382,11.819129374416912,11.85205274186623,11.875635642632393,11.890193163018566,11.89608840814658,11.893712311724785,11.883476126539835,11.865804014180398,11.841121892242462,11.809853200279527,11.77241616470557,11.729220624575973,11.680663052573056,11.627118910201983,,,,,,,,,,,,,,,,,,,,,,,,,,,,,,,,,,,,,,,,4.621788868722851
1978-02-28,6.062259320752272,7.126041557719976,7.964665454923451,8.556384313449458,8.976990927934521,9.289301360816802,9.535721737092306,9.743772878875934,9.930319354315833,10.105239128937775,10.273834925803785,10.437764742698073,10.596894816078496,10.750961904275929,10.899665540790073,11.042679667049205,11.179660159489995,11.310249847610747,11.434081947376216,11.550782464601006,11.659971911651983,11.761266555959127,11.854279342827894,11.938620644047944,12.013942778992472,12.080179434177753,12.137604372164944,12.186601137101473,12.227564397549775,12.2609489782116,12.287247615440688,12.306967414910117,12.320609579797523,12.328658599918663,12.331569153666623,12.329755030188783,12.32358750001625,12.313398329644775,12.299485328959989,12.282116593412068,12.261534982243399,12.237963357182176,,,,,,,,,,,,,,,,,,,,,,,,,,,,,,,,,,,,,,,4.042979808185503
1978-03-31,6.2998801179419,7.398168875959097,8.264714142933567,8.817605263098837,9.171529351608864,9.412664386657644,9.593428835406334,9.744442493830558,9.883189319177907,10.019254933922525,10.157153706626364,10.297314246971645,10.43873446628166,10.580486147037123,10.721712339355753,10.861605089855741,10.9993910309203,11.134321773540718,11.26566733399845,11.392711532542567,11.514748706730805,11.631081321132136,11.741018200585202,11.843873867188906,11.93905253587478,12.026335713070571,12.105866745929267,12.177870788438819,12.242591517135192,12.300343840142736,12.35148160585525,12.396375956008313,12.435396140217378,12.468903062945257,12.497240053958677,12.520729235892853,12.539676461277718,12.554377687552128,12.565118530559458,12.57216958958611,12.575784444714595,12.576200545591629,,,,,,,,,,,,,,,,,,,,,,,,,,,,,,,,,,,,,,,3.7193748159806255
1978-04-30,,8.514871218127954,9.115662580676528,9.533360177322098,9.835557550535052,10.0629873252257,10.243383342262709,10.395427431035614,10.531504834381012,10.659620102357003,10.784477032734983,10.907953714927096,11.030806922734655,11.153428956757727,11.275972227057277,11.398424218948637,11.520656000279635,11.642454559616016,11.763544932368305,11.8836056890806,12.002279998494025,12.119183673411039,12.233911117638609,12.346040635718671,12.455180544098354,12.561069019424547,12.663546454974005,12.762462415411685,12.857673947896357,12.949073119722593,13.03658847839495,13.12018608525715,13.19987520643126,13.275709316458716,13.347779290520094,13.416210934276318,13.4811668570729,13.542841254305026,13.601443587831346,13.657182357114744,13.710256420075453,13.760852754628916,,,,,,,,,,,,,,,,,,,,,,,,,,,,,,,,,,,,,,,
1978-05-31,,9.273575903655457,9.970836461732569,10.374440276892427,10.621439202665902,10.777224710620589,10.878927351790669,10.949346447650004,11.003097009924176,11.049607014397264,11.094594448621073,11.140917472056595,11.190175877511395,11.243326716770108,11.300898861908324,11.363126811451655,11.430037270831628,11.501506872689577,11.577301669716185,11.657104779639136,11.740536131642878,11.827166827401184,11.916529755753375,12.008128325535509,12.1014617171372,12.196058531064832,12.291467602510728,12.387239440026747,12.48294027575172,12.578174903233847,12.672597705966387,12.765918201601007,12.857911544631612,12.948417566573172,13.037332952075406,13.124608829384771,13.210251936560146,13.294315911255628,13.37688197305933,13.458041659392112,13.537887786132883,,,,,,,,,,,,,,,,,,,,,,,,,,,,,,,,,,,,,,,,
1978-06-30,,9.834465787926288,10.40846984803124,10.760174765931772,10.999985325539276,11.178938421841195,11.322316712458036,11.443461773627178,11.549679992578632,11.644885926522642,11.73102342626103,11.808902405038404,11.879116701143314,11.942193112321052,11.998613745516224,12.048829982747964,12.093271517852727,12.132352380979468,12.166475060612667,12.196033388988464,12.22141460310614,12.243000843645621,12.26117026286296,12.276300598499402,12.288807243664353,12.299175830752965,12.307894694239426,12.315388153368568,12.322010563595278,12.328036175142563,12.333662259557414,12.339017957900058,12.344173969576431,12.349156686392327,12.353968413778613,12.358606070394147,12.36307267374917,12.367379795608587,12.371542624929804,12.375573836825874,12.37948306861373,,,,,,,,,,,,,,,,,,,,,,,,,,,,,,,,,,,,,,,,
1978-07-31,,9.62445112837623,10.039934485889116,10.337715821771933,10.559994428081627,10.735915990409557,10.8848958305499,11.01835107081264,11.142695813616205,11.261206848630241,11.374968696656628,11.48384755002168,11.587646087308944,11.686187743611105,11.779309791693606,11.86685901772191,11.948688923202678,12.024657859611201,12.094627752083873,12.158463206002924,12.216030868842633,12.2671989660575,12.311836958225797,12.349825653150425,12.381144987409078,12.405921657779052,12.424343702533989,12.436604525608354,12.442925211601315,12.443551009272312,12.438737967815959,12.428743035364388,12.413825310977062,12.394245137131845,12.370257883025833,12.342113039410295,12.310056522327061,12.274333279035616,12.235186827361105,12.192853763441294,12.147558315967833,,,,,,,,,,,,,,,,,,,,,,,,,,,,,,,,,,,,,,,,
1978-08-31,,9.49978828484034,10.198387418944312,10.639935536598239,10.92973626402421,11.128495965816507,11.27263936409501,11.383463233878114,11.473470654728295,11.550062632227629,11.617670014558238,11.67869469248209,11.73455697273229,11.786236237379082,11.834421418037032,11.879601761632424,11.922125561193946,11.962239309713116,12.000114489627762,12.035866325460436,12.069567178560147,12.101256288732719,12.130946985880332,12.158639926483387,12.184368715864222,12.208213343399034,12.230267654706099,12.250627649824924,12.269406214924398,12.286729157517227,12.30272711255598,12.317527530963138,12.331253240362562,12.3440149128148,12.355902497395642,12.366983895056958,12.377309042054556,12.386917742650468,12.395845784622084,12.404128652216405,12.411804003453655,,,,,,,,,,,,,,,,,,,,,,,,,,,,,,,,,,,,,,,,
1978-09-30,7.951157105159893,9.463358613958913,10.347241900422128,10.856578726982725,11.151917738656028,11.327768094216582,11.437438480067376,11.510569081898439,11.563945633387368,11.607096011970405,11.645324522873587,11.681098188587297,11.715749527201544,11.750108169295093,11.784669931615392,11.819701133900864,11.855306098001204,11.891472147290916,11.928100395741728,11.965027300273302,12.00204005528942,12.038887788704328,12.07529000208045,12.110964320583804,12.14570453883757,12.179382105840903,12.211883830220378,12.243101620923323,12.272954476505724,12.301382565065769,12.328340205362453,12.353790706884652,12.377709330236959,12.400080221689185,12.420896081639066,12.440164843600503,12.457917871070217,12.47420925895078,12.48910890196415,12.502695711570762,12.515054013273037,,,,,,,,,,,,,,,,,,,,,,,,,,,,,,,,,,,,,,,,3.655938906810513
1978-10-31,11.994932161909734,10.8692192934564,11.047072733864098,11.3518137812426,11.581288482598527,11.730362735709463,11.820132025252969,11.869892617091915,11.893958549550732,11.90246041551848,11.902376307032847,11.898337907847724,11.893448208039551,11.889827834783413,11.888942507840003,11.891807698122651,11.899121053828875,11.911350684528127,11.928795566063897,11.951627823985215,11.979922935997708,12.013681697382566,12.052845759873522,12.097275318772127,12.146680783722955,12.200654408006189,12.258751370164905,12.320509200391678,12.385460508498738,12.453157314371511,12.523182398378887,12.59516514452384,12.668786843619731,12.743775888198329,12.819907706137332,12.897010479586577,12.974962971351509,13.05367805164857,13.133086244173715,13.213129271381026,13.293757939154561,,,,,,,,,,,,,,,,,,,,,,,,,,,,,,,,,,,,,,,,-0.09247174639125433
1978-11-30,11.11529512293391,11.159627776740022,11.44940876518996,11.688731385121153,11.85530808252397,11.967650765883741,12.04266364556248,12.092224079635955,12.124446639183411,12.144711257248291,12.156297334626087,12.16131725018583,12.161605483086985,12.15886865715693,12.154713534242708,12.150543155663165,12.147499844249891,12.146528659844819,12.148429310613315,12.153892490963313,12.16352583720184,12.177872804376149,12.197422078780434,12.222506491866767,12.25314508368799,12.28913105783511,12.330172005136124,12.375903375544402,12.425902353055418,12.47972473031609,12.536925300729955,12.597083340747709,12.65981398826677,12.72477164560809,12.791658293444307,12.860235575853027,12.93032317431497,13.001780622981235,13.07449064207425,13.148352566154122,,,,,,,,,,,,,,,,,,,,,,,,,,,,,,,,,,,,,,,,,1.0294161343143813
1978-12-31,,11.483391521268754,11.76806672406431,11.991221501791312,12.161059648751387,12.29055496879777,12.39018792304704,12.46720801632709,12.52653854844333,12.571640232579657,12.605081959276554,12.628837514738514,12.644442958029543,12.653148324033333,12.656014540939797,12.653981548188737,12.647909207360275,12.63859977851535,12.626813078490214,12.613277091702631,12.598695549299109,12.58375344126202,12.569120381540502,12.555444092013767,12.543340986562384,12.533369341087734,12.526003074524057,12.521614169195331,12.520457164050816,12.522677228468805,12.528322413295278,12.53735615870433,12.549675116269283,12.565134558142944,12.583572056865162,12.604822720381542,12.628724897546853,12.655117930205552,12.683839436951704,12.714729184647343,,,,,,,,,,,,,,,,,,,,,,,,,,,,,,,,,,,,,,,,,
1979-01-31,,12.114255373130895,12.467532067366031,12.715862361902783,12.88669315282508,13.005315717906983,13.090044953200609,13.152672461238632,13.200659489098292,13.238797225354869,13.270323210578754,13.297333181943364,13.321039044061623,13.342077986543291,13.360721190272239,13.377053081276301,13.391052886261749,13.402624464190596,13.411616139897518,13.41783458762166,13.42105474781512,13.421027039576797,13.417490469163882,13.41024090161122,13.39917017770483,13.384227568528063,13.365394219532769,13.34269647565358,13.316201382886534,13.286002655937965,13.252208899464378,13.214944467799764,13.174350006758875,13.13057655796246,13.083781803726046,13.034128388894409,12.981784989278301,12.926926279086887,12.869726937381095,12.810354776085594,,,,,,,,,,,,,,,,,,,,,,,,,,,,,,,,,,,,,,,,,
1979-02-28,,10.839897327557358,11.000005594758965,11.1279623970055,11.233463138735143,11.325591134844961,11.409154002637546,11.48719708169149,11.561570166320324,11.633390399585725,11.703401327117376,11.772011662682887,11.83935041652346,11.90536505411136,11.969861832670903,12.032496703311086,12.092823158239707,12.150435086279037,12.205026704202858,12.256370755084545,12.304299811559046,12.34869268690755,12.389471143976992,12.426628850009275,12.460236660436394,12.49041636715206,12.517326693116424,12.541164637285215,12.562153740486439,12.580530081206307,12.596529279363768,12.610381419269991,12.622300041785426,12.632470642580348,12.641047681057001,12.648157420225266,12.653905613183388,12.658384351038082,12.661677457258811,12.663864788172122,,,,,,,,,,,,,,,,,,,,,,,,,,,,,,,,,,,,,,,,,
1979-03-31,,10.264995219153954,10.359498533569766,10.39702631267673,10.409553521527535,10.414888513017432,10.420833445450969,10.430939008554693,10.446544456669878,10.468080664121908,10.495646320380562,10.529009043287694,10.567678475615622,10.61099807468423,10.658200726444807,10.708443885873473,10.760865082501248,10.81471596430943,10.869386014059822,10.92436935856592,10.979239853442493,11.033632977686263,11.087234405044418,11.139776684132299,11.191033546699334,11.240815048701617,11.28896456623619,11.335362097809153,11.379921283373017,11.422582236007203,11.463306078808579,11.502076448889252,11.538891174695873,11.57375845096648,11.606703566180958,11.637777989237161,11.667057476628068,11.694633072393696,11.720604212489553,11.74507571193135,,,,,,,,,,,,,,,,,,,,,,,,,,,,,,,,,,,,,,,,,
1979-04-30,,10.047809971564181,9.984215236334752,9.976788269832888,10.015812678116719,10.08312665491667,10.166836665354731,10.259576122104905,10.355884120392156,10.45159913994434,10.543660592317577,10.630215690317304,10.710251949895637,10.783306700352226,10.849430628572001,10.909210443437912,10.963551187123231,11.01336707495214,11.05951486758226,11.102807568208949,11.144024841008672,11.183919400386985,11.223161482558357,11.262202875092193,11.30129892282128,11.340591016729629,11.380120638448068,11.41984706794553,11.459678875614868,11.499493574930218,11.539162287681393,11.578565580159841,11.617596498180601,11.656169379371406,11.694235528493502,11.731787566191361,11.768843574219073,11.805429290009384,11.841572435070107,11.877302055154505,,,,,,,,,,,,,,,,,,,,,,,,,,,,,,,,,,,,,,,,,
1979-05-31,10.912478642288084,10.931405296286291,10.850106691272005,10.810454387555966,10.814615758986005,10.845177825775721,10.890193531962973,10.942446931260443,10.99725784183556,11.051424055117426,11.102790504194997,11.150211186837934,11.193205863199028,11.231737160269052,11.266200787565337,11.297405497315323,11.326341927911193,11.353916314151068,11.38093108985486,11.408110726005877,11.43612029333095,11.465575802280346,11.496975907994901,11.530592411296707,11.56652071491352,11.604757072829955,11.645207221492003,11.687708407706952,11.732057302752974,11.77802845430199,11.825398879216714,11.873960534132902,11.92352326109861,11.973923932857339,12.025040610153347,12.076792496237408,12.129122860272766,12.181983745305391,12.235332573904945,12.195725302015386,,,,,,,,,,,,,,,,,,,,,,,,,,,,,,,,,,,,,,,,,0.13894541282934192
1979-06-30,12.694652822194453,12.084920372662047,11.874185963070092,11.821062084808068,11.8291087301596,11.861571615232519,11.906112571660268,11.957756099891895,12.012520565402772,12.066923248317075,12.118180773290323,12.164221683354969,12.20361618071781,12.235434363557479,12.259263927534727,12.275157737351723,12.28349169585747,12.28486220331294,12.280026547358817,12.269862680915438,12.2553404923543,12.237496536260544,12.217358137596621,12.195871241801958,12.173888404809542,12.15215054604326,12.131248577782536,12.111611392083208,12.093517663523157,12.077113896599931,12.06243461913926,12.04943058687003,12.038004075350175,12.02804097811246,12.019432391006996,12.012082608093746,12.005905075766284,12.000815846381125,11.996734088866269,,,,,,,,,,,,,,,,,,,,,,,,,,,,,,,,,,,,,,,,,,-0.627729573877378
1979-07-31,12.928106095941205,12.469085678328016,12.19991230639396,12.062636371112955,11.994783097385376,11.96369672649645,11.9544259595348,11.959285584493644,11.973630214986237,11.994225250453734,12.018631954914888,12.044917383133745,12.071468564521837,12.096902335830833,12.120075997040903,12.140056020592922,12.156127644964034,12.167795497997707,12.174730624278874,12.17672888094857,12.173681220436809,12.165552539185489,12.152369594279838,12.134210523710804,12.111187663966229,12.08343496540216,12.05110526038626,12.014366956542093,11.973394111432262,11.92835664863467,11.879426382315945,11.826781056414307,11.770599759503089,11.711062679589634,11.64835360086374,11.58266314286311,11.514188273947624,11.443125147028159,11.369662119864905,,,,,,,,,,,,,,,,,,,,,,,,,,,,,,,,,,,,,,,,,,-0.9338808454874705
1979-08-31,13.010126796782718,12.248474498336934,11.982449542127682,11.829230101991131,11.739812174017151,11.688731167301201,11.66258477516301,11.652675569686062,11.653070344034504,11.659837952075405,11.670619861535648,11.684063632083472,11.69926173119535,11.715534260284587,11.732265220590591,11.748874543241085,11.764899621272688,11.780017042154542,11.794008315205183,11.80673364113015,11.818113180687757,11.828116239819012,11.836765560083684,11.844132753120789,11.850320144088876,11.855452250063665,11.85967846761516,11.86316744195675,11.86609487295627,11.868630020986847,11.870932359333002,11.87313944103111,11.875353730833265,11.877639997665822,11.880030016935805,11.882532714461327,11.885142515219151,11.887847091887192,11.890634018591502,,,,,,,,,,,,,,,,,,,,,,,,,,,,,,,,,,,,,,,,,,-1.350288844707313
1979-09-30,,12.43610721734706,12.030083293972131,11.85639238855898,11.77804900704368,11.740649938802411,11.722015679515568,11.712503918867618,11.708024520040581,11.707159190245381,11.709850225618622,11.716357182485302,11.726724514225348,11.740738064487743,11.757855249187568,11.777317516292122,11.798366724751192,11.820309188849793,11.842500250533094,11.864340900061599,11.885321207330044,11.905035313929965,11.923165360958468,11.939473144906723,11.953812144229412,11.96612399492938,11.976422013122741,11.984761614254188,11.991215498400088,11.995853322225306,11.998740384650578,11.999931966897076,11.99947359782113,11.997411864883965,11.993807196159523,11.98873476936695,11.982277407431551,11.974521104439177,11.965553864014595,,,,,,,,,,,,,,,,,,,,,,,,,,,,,,,,,,,,,,,,,,
1979-10-31,,13.141094302781948,12.909359649456379,12.794189187898898,12.742486896515114,12.721729139712819,12.715101045850194,12.71349851622467,12.71198724044656,12.708276995929541,12.701723410365867,12.692553336236609,12.681462872075505,12.669310587407852,12.656895119435257,12.644922201433303,12.633950560178373,12.62440958807178,12.616633127248052,12.610879095382172,12.607330336881974,12.606090598096527,12.60716771201371,12.610485709873934,12.615904510375277,12.623234502595116,12.632249300154983,12.642702381292029,12.654338362010904,12.666911648382346,12.680199854796562,12.69400629552172,12.708168327684014,12.722571387383441,12.737150881875388,12.75187377275299,12.766719075375574,12.78167151183546,12.796720372295457,,,,,,,,,,,,,,,,,,,,,,,,,,,,,,,,,,,,,,,,,,
1979-11-30,15.18951150916944,14.383766606253168,14.250990079022245,14.325627142829534,14.433234791352273,14.519894844644583,14.572479511513412,14.590377123004986,14.577270209089303,14.538323559052836,14.479045194792418,14.404762915371393,14.320354400416802,14.230009062041589,14.137169017117666,14.044630426144773,13.95453819080483,13.868530587976519,13.787872012423646,13.713517621455455,13.646110415645312,13.586013215626453,13.533341061337465,13.488011902823622,13.449793975327125,13.41834432680658,13.393241054306452,13.374013138180443,13.360161388371573,13.351187360224413,13.34661335583783,13.345993914059823,13.348929852478742,13.35508280549796,13.364172730195996,13.37595921390613,13.390225591315573,13.406775677166843,13.309941085922624,,,,,,,,,,,,,,,,,,,,,,,,,,,,,,,,,,,,,,,,,,-0.6511879501166042
1979-12-31,14.723262298878733,14.326963504441393,14.305910459184702,14.33634430145834,14.361626212950554,14.372940191705256,14.371210532200752,14.35926063056482,14.339680793490714,14.314520566058892,14.285260191708566,14.25277477859202,14.2174764817364,14.179633459515111,14.139515468902038,14.097408004968553,14.053620452397377,14.0084809906418,13.962330979775402,13.915503054941993,13.868290632567307,13.820967810674613,13.773812001109782,13.727082273352371,13.680990997800926,13.635680997179538,13.591216354613872,13.547590840053115,13.504739707376896,13.462553043485551,13.42089529418604,13.379632550000819,13.33865479011116,13.297885801655998,13.257280727873836,13.216814794651528,13.176470664546537,13.136234326726495,,,,,,,,,,,,,,,,,,,,,,,,,,,,,,,,,,,,,,,,,,,-0.4087417328198413
1980-01-31,15.159174799763282,14.41117268927934,14.336057232652182,14.34279790015307,14.349602800912015,14.345217630127257,14.327763806705518,14.297533042507474,14.256026864081539,14.205464212673627,14.148302967152341,14.086730639449465,14.022374816004612,13.956292933623002,13.889097682491627,13.821137514708305,13.752611227956171,13.68361231758545,13.614157273423153,13.544213969195477,13.473723331373302,13.402594254444375,13.330700895987334,13.257893761742343,13.184009408344966,13.10888678086626,13.032384065264413,12.95438013254279,12.874770939509974,12.793480011789125,12.710463952455104,12.625707839093959,12.539222278628062,12.451041885183116,12.361226593311448,12.269860450731386,12.17704196366799,12.082873843864261,,,,,,,,,,,,,,,,,,,,,,,,,,,,,,,,,,,,,,,,,,,-0.9537105870896543
1980-02-29,15.363368514387608,14.954602106037552,14.917656669807547,14.849029212965448,14.777076811899907,14.703891844597633,14.626727153057477,14.544337068416812,14.45750197395688,14.368383939252501,14.279582904420328,14.193323197938506,14.111155818724917,14.033965334908519,13.962146499243376,13.895825416716706,13.834979073599724,13.77947852789145,13.72911953490581,13.683667100566945,13.642882885499597,13.60651457025997,13.574293526598822,13.545947834084233,13.521210710831532,13.499835414402462,13.48160524030426,13.466329550136766,13.453836176361389,13.44397102757747,13.436589060730839,13.431542777574506,13.428677463986329,13.427831860514154,13.428845035176453,13.431562429825254,13.435840546358968,13.441550585088034,,,,,,,,,,,,,,,,,,,,,,,,,,,,,,,,,,,,,,,,,,,-0.9949845751351063
1980-03-31,,14.938634718208771,14.709460510760096,14.619193668873015,14.559703591088468,14.497338881847755,14.423709195460432,14.339836423080001,14.250187862857935,14.160021850469317,14.073887531870561,13.994895661445922,13.924730384758085,13.863882562054043,13.812046464309045,13.768551411066653,13.73254507437155,13.703045731446245,13.678993490936731,13.659373865838395,13.643273338612582,13.629866660088034,13.618416379075558,13.608309401567967,13.599062273229869,13.59030816748084,13.581768867895997,13.573228054217969,13.564509078708177,13.555469872608295,13.545994758986163,13.535990758517155,13.525391998874191,13.514165473114796,13.502306893896781,13.48983095792644,13.47676414788725,13.463141520289625,,,,,,,,,,,,,,,,,,,,,,,,,,,,,,,,,,,,,,,,,,,
1980-04-30,,13.881521318651227,13.714539059338863,13.660199082018512,13.637274655269758,13.613767717321572,13.578523460374255,13.530501334526592,13.472992839684956,13.41055552945715,13.347529938860482,13.287584063251188,13.233546659414541,13.187335267892816,13.150160563350767,13.12260513932645,13.104767693376967,13.096397024776875,13.09698162067939,13.105804983843857,13.122000275690057,13.144609851440203,13.172635964419595,13.205108095567851,13.241116154170129,13.279831406006226,13.320519298646811,13.362540100808312,13.40535784400496,13.44853993668681,13.491746406302715,13.534727697894699,13.577329644085435,13.619483504248937,13.661175030706852,13.702415126978456,13.74322581110616,13.783635492319272,,,,,,,,,,,,,,,,,,,,,,,,,,,,,,,,,,,,,,,,,,,
1980-05-31,14.04608710862533,13.757874083575434,13.65832037642245,13.623598938071657,13.590395853591994,13.54063397274672,13.472405950859933,13.389937385376873,13.299264279213515,13.20636704460506,13.116398979954058,13.033461551251614,12.96046717488425,12.899196061372422,12.850584814354233,12.81488129670999,12.791826931360811,12.780797422557924,12.780904400424625,12.791076353969492,12.810121868140946,12.836784557923414,12.869800904228661,12.90796862493275,12.950176839251938,12.995425338210929,13.042835739369286,13.091651952063822,13.14124903320642,13.191129089567786,13.240909070663813,13.290317234791424,13.339194233389758,13.38747415979491,13.43514813171459,13.482234026039238,13.528762458313317,13.659627765360623,,,,,,,,,,,,,,,,,,,,,,,,,,,,,,,,,,,,,,,,,,,-0.8397200640202698
1980-06-30,13.792590561603118,13.429215901773173,13.222255810633227,13.054294663759848,12.921456951585318,12.819863082270063,12.744134122625724,12.68993371641951,12.654111170813458,12.634178062835039,12.627937203748106,12.633310367184187,12.648392792261966,12.671460752516696,12.700940325105854,12.735392984116025,12.773479760620683,12.813933683795923,12.855543564156877,12.897149903813794,12.93770081121595,12.976308042384613,13.01223836385639,13.044900232852214,13.073814611511164,13.098595320061778,13.118940385829921,13.134622609769659,13.145485704934227,13.151448428246109,13.152516975178848,13.14879610843227,13.140486370659588,13.127856761725903,13.11120873085209,13.090845037339756,13.067053484498512,13.040102879691977,13.010237407982746,12.977676404148047,,,,,,,,,,,,,,,,,,,,,,,,,,,,,,,,,,,,,,,,,-1.1584124987680795
1980-07-31,13.653550836662234,13.001742628132728,12.81579165264914,12.705442149661184,12.617052423856574,12.546110553425521,12.4934234042551,12.459029320431467,12.441876904484662,12.440104529622493,12.451267813501891,12.472578034850935,12.501268380530064,12.534699784194714,12.570462259365744,12.606441160492036,12.640789108111045,12.67186980759905,12.698231432735563,12.718601092836185,12.731881085082483,12.737141822389246,12.733626263995573,12.720752756051466,12.698120518332393,12.665514933857336,12.622886098321699,12.570320792091211,12.508035985082627,12.436361305391223,12.355707967143859,12.26654767464847,12.169395968448079,12.06479333795356,11.953287148944375,11.835410340056342,11.711665449414703,11.582518047828636,11.448387279536854,11.653355807851476,,,,,,,,,,,,,,,,,,,,,,,,,,,,,,,,,,,,,,,,,-1.2134463070397405
1980-08-31,14.62473246831526,13.898348392234277,13.626700469712212,13.495814956614247,13.408944284833828,13.340257370207006,13.282635445883091,13.234484748045599,13.195977059435855,13.16744371886586,13.148629349679515,13.138585468190579,13.135952113373728,13.139143638095996,13.14658339161109,13.156831321342889,13.168622580862143,13.180839440046242,13.192512572835204,13.202825020097503,13.211110791420648,13.216845639066122,13.21965288986783,13.219301580513227,13.215712590844038,13.208952588836626,13.19919227155046,13.186661195093802,13.171624440364711,13.154355995654013,13.135113705619895,13.114127553932933,13.091595205526792,13.067683524258817,13.042532167150348,13.016258623668149,12.988964403509732,12.960739035472828,12.931659956710048,,,,,,,,,,,,,,,,,,,,,,,,,,,,,,,,,,,,,,,,,,-1.4572887494494005
1980-09-30,13.292845397809788,12.859121331945392,12.627717467879052,12.49674163201242,12.416554067919382,12.36654317319251,12.337833731054612,12.32709166492251,12.333070915458544,12.3544225324361,12.388868474554567,12.433404640680074,12.484813457104565,12.539893379087264,12.595866041898919,12.650481037167621,12.701961919902981,12.748892138641965,12.790141822307623,12.824821367896854,12.85226835081575,12.87202891402609,12.883868144814533,12.887759090105918,12.883861322554674,12.872481251262254,12.854018040968644,12.828919489075231,12.797663907428278,12.760727195282865,12.718559417717838,12.671582999825281,12.620198220916018,12.564779886665656,12.505669722823793,12.443175945993687,12.377577398393516,12.309126092909867,12.238045985616756,,,,,,,,,,,,,,,,,,,,,,,,,,,,,,,,,,,,,,,,,,-0.9384228653736884
1980-10-31,13.727068431113231,12.917745993503244,12.71092857054631,12.659669720509667,12.635780510308065,12.612375894120802,12.585129706533367,12.555585576626715,12.52640198745851,12.499828845104137,12.477491040664752,12.460490673143207,12.449364748678942,12.444186430245832,12.444699905131001,12.450418102020704,12.460690275163088,12.47473256832002,12.49160701091587,12.510259780832035,12.529603167165599,12.548569105919457,12.566179643517032,12.581579039727323,12.594059083840946,12.60307078014042,12.608213571104422,12.609235509236779,12.60602451023745,12.59857341800033,12.586956844162906,12.571324350030372,12.551885767783604,12.52887916913649,12.5025421659736,12.473103925561263,12.440785399410156,12.40579892817259,12.36834343473592,,,,,,,,,,,,,,,,,,,,,,,,,,,,,,,,,,,,,,,,,,-1.2272395860090946
1980-11-30,13.113705540196662,12.730228880885551,12.592580245699429,12.530383770751941,12.482659983027549,12.4384339066061,12.39759009468986,12.362344173083716,12.334804228076875,12.316247324899324,12.307170286821913,12.307486277645637,12.316552269770503,12.333321729373406,12.356513907197622,12.384798491309459,12.416883650323893,12.451508433364815,12.487433108513965,12.523454670579312,12.55843585340368,12.591335781381785,12.621255862006498,12.647450792915341,12.669337399683126,12.686492970773267,12.698638063487723,12.705632888363438,12.70746153391065,12.704199451482506,12.695997068381532,12.683075791462617,12.665710583772228,12.644196655926443,12.618822942862442,12.589865555244325,12.557588175978923,12.522240430644471,12.484053385599053,,,,,,,,,,,,,,,,,,,,,,,,,,,,,,,,,,,,,,,,,,-0.797458215297338
1980-12-31,13.342730197297312,12.81100089700746,12.722425865642114,12.71737083209013,12.725041006626657,12.7393274801292,12.76146911184872,12.79220227388564,12.831078036393144,12.876739248311456,12.927272199856795,12.98047493349788,13.034237364304337,13.086693753429396,13.1363007944505,13.181810191448518,13.222209868017785,13.25671249236589,13.284795538862486,13.306203337744382,13.320940218943743,13.329211097467054,13.33136004257783,13.327793169547213,13.318922509337558,13.30513880030912,13.286800001215633,13.264228036751332,13.237718728432569,13.207562159185931,13.174064261691802,13.137554370315154,13.09836894101439,13.056826080253074,13.013204547824905,12.967738653324249,12.920621761973802,12.872009090862846,12.822026247429834,,,,,,,,,,,,,,,,,,,,,,,,,,,,,,,,,,,,,,,,,,-0.4659909489858567
1981-01-31,12.537049447914688,12.402923963714896,12.456406179048427,12.50989084101278,12.558673677233807,12.60898510103683,12.663465423911786,12.722847434965475,12.786761404060378,12.85410150685747,12.92342964047741,12.993244501629448,13.062057230417578,13.128353888737752,13.190637775041658,13.247606269363562,13.298158245804364,13.341432153355358,13.376858189169624,13.404101315314975,13.423008323262824,13.433576985097783,13.435926350286108,13.430264285228262,13.416862897441558,13.396030805800972,13.368095696374953,13.333410140274237,13.29235487377862,13.245331997643707,13.192762243662257,13.13508117386971,13.072728576363074,13.006135034421975,12.935703759088266,12.861797659812076,12.784735381547462,12.704786492539121,13.092162467090633,,,,,,,,,,,,,,,,,,,,,,,,,,,,,,,,,,,,,,,,,,0.31705205894278166
1981-02-28,11.898838225299754,11.744241626811073,11.89660257625915,12.06867952131378,12.20678185510032,12.311347274190714,12.392554605725378,12.460306368549974,12.5217824300423,12.581534996306228,12.642202882069892,12.705050054297013,12.770368205727769,12.837708487984349,12.906149755307593,12.97460573543678,13.041922218683975,13.107019333899649,13.168989916167966,13.22711493577161,13.280857855356832,13.329880147873194,13.374037664597582,13.413377095375736,13.448116548059165,13.478584030750527,13.505153281606077,13.528208360860573,13.548117477979273,13.565215019204965,13.579796507163874,13.592118789846545,13.602403445506807,13.61084075488418,13.617594665472922,13.622809366341873,13.626613980723649,13.629123184157878,,,,,,,,,,,,,,,,,,,,,,,,,,,,,,,,,,,,,,,,,,,0.6826967710064746
1981-03-31,11.806691228302807,11.862704920885774,12.040139135495616,12.182914116052372,12.284508367232807,12.36119888205647,12.425616458223384,12.485489444026197,12.544517473429565,12.603834758586936,12.663149408735586,12.721432521065651,12.777328873697346,12.829489319731804,12.87674946391935,12.918213125102163,12.953197374761473,12.981196185477723,13.001848260396956,13.014925419865003,13.020340060010204,13.018157364994915,13.008589215482685,12.99197622668081,12.968750973637123,12.939387416265898,12.904361719166856,12.864144356302065,12.819177486724724,12.769860345095738,12.716554837352456,12.659596972990617,12.599297844592313,12.53593860558506,12.469772162871072,12.4010283190411,12.329917148734028,12.256627376002745,,,,,,,,,,,,,,,,,,,,,,,,,,,,,,,,,,,,,,,,,,,0.7971435302841297
1981-04-30,11.28102899683237,11.794341129471366,12.200678774116605,12.386856911118544,12.466943591146821,12.502468658591651,12.523390551010447,12.544258970785089,12.571563288294293,12.607579647765528,12.65235612179766,12.704707460798083,12.762816954547635,12.824717429463531,12.888560271787389,12.952729009275672,13.015795136316394,13.076506876987892,13.13376567330371,13.186626514678471,13.234304590104887,13.276186160929193,13.311822790313737,13.340923505945716,13.363338722190097,13.379032244945533,13.388068625899722,13.39060506141523,13.3868637644378,13.377116040395785,13.361681517641681,13.340919089365919,13.315199570429124,13.28488033584318,13.250298697367407,13.211773328219842,13.169605125750964,13.12407362263695,,,,,,,,,,,,,,,,,,,,,,,,,,,,,,,,,,,,,,,,,,,1.3265506509331573
1981-05-31,11.460118819115806,12.101175041054923,12.514142954995028,12.745665660826647,12.877482465331244,12.954668645549475,13.001712296765565,13.032781405203098,13.05638554722276,13.077755507159617,13.100079818314077,13.125025472488915,13.15304526863564,13.183794255603953,13.216554278614375,13.250461101527517,13.284578893709377,13.317988565529534,13.34982414890773,13.379306109205036,13.405749738537525,13.428573641949175,13.447302505797673,13.46157120755165,13.47112174776757,13.475788629331163,13.475502718703941,13.470288265749167,13.46024026119429,13.445514246778096,13.426326408303435,13.40293938580796,13.375631913455047,13.34467497099276,13.310327529709602,13.27283792316946,13.232443650784123,13.189366734071081,,,,,,,,,,,,,,,,,,,,,,,,,,,,,,,,,,,,,,,,,,,1.6176366880438113
1981-06-30,11.745961178149571,12.110365757938062,12.486501337937376,12.778547039721703,13.004713851511633,13.184782695377846,13.332849593364823,13.458564665851908,13.568017629079819,13.664839128719175,13.751132514681524,13.82811389349997,13.89646868626028,13.95654181342807,14.008498466862278,14.052405437083678,14.088316141421226,14.116380042990563,14.136888972423531,14.150294455937209,14.157159782754015,14.158107050310683,14.153749093075048,14.144644120912728,14.131279247022135,14.11406775873738,14.093354326521895,14.069434808928817,14.042584853365078,14.013087067966522,13.981241805435488,13.94735277289545,13.91170300549837,13.874535070532556,13.836046996105214,13.796396430014127,13.755704434128944,13.714064587953454,,,,,,,,,,,,,,,,,,,,,,,,,,,,,,,,,,,,,,,,,,,1.9188779505696036
1981-07-31,13.387029363670777,13.468196529842286,13.515470079761913,13.612280619406267,13.730011673609193,13.844952835417148,13.948265781430452,14.038999426297396,14.118841667324142,14.19000104290898,14.25438279555005,14.313233773957466,14.367051913180298,14.415733025222035,14.458905081585614,14.49606325983753,14.526687862100385,14.550337726602104,14.56662057446564,14.575224902926967,14.575951102314407,14.568717703603339,14.553555534403934,14.530591706859715,14.500022240246489,14.462093092506944,14.417104581042246,14.365410960867209,14.307408498968517,14.243526534781912,14.1742174703654,14.099942037218307,14.021154342044513,13.938282310550111,13.85171343297632,13.761790102132824,13.66880367814892,13.966643973184926,,,,,,,,,,,,,,,,,,,,,,,,,,,,,,,,,,,,,,,,,,,0.8029716792382029
1981-08-31,13.011770743007078,12.946531671812423,13.142860546840739,13.355631954241876,13.547154365161054,13.708205408035992,13.843465145557758,13.959781551634249,14.06282567704735,14.15667198894378,14.243870648222009,14.32559895290143,14.401879336471389,14.472019649252317,14.535150582095465,14.590369554194396,14.636960090691286,14.67452346369307,14.702939652838339,14.722345848494593,14.733090823149634,14.735693724880838,14.730821505437996,14.719254687492315,14.701814407741123,14.679291178971898,14.652410666709816,14.621815225750977,14.58805293561831,14.551578306847157,14.512758885201817,14.471888230488354,14.42919999215309,14.384882439945052,14.339091588286168,14.291960467607396,14.243603809046123,,,,,,,,,,,,,,,,,,,,,,,,,,,,,,,,,,,,,,,,,,,,1.1449012459367012
1981-09-30,14.78580984202454,14.955572446827532,15.024027915455193,15.116723597697728,15.190487074288802,15.24184393314484,15.278782404966822,15.308093349449726,15.33398397286626,15.358741392891115,15.383166546470296,15.406870872348454,15.428785360532551,15.447631343905929,15.462246141789313,15.471597705837869,15.474832624904172,15.47128357537273,15.460469677157588,15.442106964720022,15.416115363443144,15.382607120983693,15.341864860043097,15.294295894479957,15.240370795971202,15.180575428188408,15.115400925786698,15.045322284934203,14.970779405667974,14.892174431100859,14.809877094261642,14.724225237245955,14.635521630458637,14.544035676536469,14.45000822680423,14.353655166002568,14.255167882860002,,,,,,,,,,,,,,,,,,,,,,,,,,,,,,,,,,,,,,,,,,,,0.572931550866576
1981-10-31,14.917223388958343,14.716851316466714,14.758030346948921,14.946430784946063,15.12806883750751,15.264897199835303,15.356572833080907,15.411034390899983,15.437385637100325,15.443788792614331,15.436738276151486,15.420915005853672,15.399598335043189,15.37508809091778,15.349001189356876,15.322449628450677,15.296063100941527,15.27006596996599,15.244390807347214,15.218780936231486,15.192876579671614,15.166273267100888,15.138569927799052,15.109401141254807,15.078445519829705,15.04544495503104,15.010220803328293,14.972664465973352,14.932730640250837,14.890439684483372,14.845869684297677,14.799130915384042,14.75034318529859,14.699629230523286,14.647115308745779,14.592930150687595,14.537199927312448,,,,,,,,,,,,,,,,,,,,,,,,,,,,,,,,,,,,,,,,,,,,0.5265654036559884
1981-11-30,13.486798028330671,13.418049246384584,13.714799028478014,14.016546740717498,14.239644044372904,14.38320669938769,14.46433443763435,14.500683896445702,14.507078148495408,14.494907531695475,14.472321473656104,14.444677811515001,14.415379105478983,14.386556163500613,14.359481852926184,14.334811061005807,14.312689459382469,14.292875571527835,14.274867204507222,14.25800260775772,14.241539640731467,14.224709907522055,14.206768999572503,14.187037682281662,14.164918935548847,14.139930789043547,14.11172027104834,14.08004891161636,14.04478532947724,14.005905464651107,13.963477746908742,13.917632570646479,13.86853996438585,13.816397426881716,13.76141790742983,13.703814434009274,13.643789841653614,,,,,,,,,,,,,,,,,,,,,,,,,,,,,,,,,,,,,,,,,,,,1.0081095033648033
1981-12-31,14.320899260873743,14.387725068931234,14.563609527216782,14.821337733159234,15.06756413495522,15.262521161057828,15.400012098796065,15.485956807708797,15.529716518426248,15.54096236507801,15.528246178306295,15.498448094760908,15.456901378005853,15.40758952861716,15.353451850663781,15.296656816636812,15.238746286943229,15.180826132408388,15.12371566259589,15.06801906998927,15.014162454470185,14.962392403257356,14.912784837790007,14.865276446368597,14.819698577695265,14.77581494653045,14.733367310361645,14.69212338835005,14.6519121661254,14.612634642330177,14.574245723528781,14.536727180654523,14.500065093726441,14.464239276656924,14.429219700700612,14.394962874492816,14.361416962509798,,,,,,,,,,,,,,,,,,,,,,,,,,,,,,,,,,,,,,,,,,,,1.220063104204268
1982-01-31,13.912422367829047,13.591835988074713,13.54316859177203,13.774109277147744,14.076960951282384,14.353075515261922,14.574965206268704,14.74136105154765,14.858967417304248,14.936085996920337,14.98050510850046,14.998760564900019,14.996064312039259,14.97647515698642,14.943192878454072,14.89876491276359,14.845191865698443,14.784001534241732,14.716353747209496,14.643150414952675,14.565107816150084,14.482808324555622,14.396732412730918,14.307276770049059,14.214775305133424,14.119537048932298,14.021870908434678,13.922086797882189,13.820490219743181,13.717371013502788,13.612997642548022,13.507618517280317,13.401452992114882,13.294676183654309,13.187413244750813,13.079741233774916,14.282884868509978,,,,,,,,,,,,,,,,,,,,,,,,,,,,,,,,,,,,,,,,,,,,1.0236636290912902
1982-02-28,12.881455562594251,12.76008532804507,12.902846257983022,13.17711595934789,13.44656668746373,13.67084573410768,13.845419162551826,13.975096563983852,14.066385635986473,14.125368449199822,14.157437917791686,14.167060627800632,14.157776661099197,14.132424453693591,14.093360826487954,14.042671750619714,13.982301963972583,13.914077091175427,13.839713452318787,13.760806417893429,13.678830835896784,13.59516689973399,13.511118155574007,13.427879668390453,13.346496340641984,13.267846787556485,13.192632232911864,13.12136220798123,13.054345451521788,12.991688580625699,12.93333395341039,12.879116624774536,12.828806862901011,12.782144231016645,12.738858842813155,12.698688821935027,,,,,,,,,,,,,,,,,,,,,,,,,,,,,,,,,,,,,,,,,,,,,1.243912886605571
1982-03-31,12.917734776655653,12.534381752900254,12.60500210440014,12.609113281341866,12.56396023868906,12.511862037263583,12.48194903268106,12.489610570800396,12.539878116150422,12.62946799609271,12.749001478908424,12.887255942204982,13.033841752111066,13.180382185428218,13.320152497741542,13.448171610177734,13.561077497023424,13.65678145830625,13.734189191537409,13.792955845975332,13.833292190356522,13.855808093742292,13.861382915462778,13.851055475937374,13.825938156404797,13.787167523838493,13.735861669410253,13.67309210855702,13.599871669570188,13.517145494052967,13.425781046162248,13.32656262598826,13.220194787452657,13.107309493905035,12.988470990629992,12.864178991198493,,,,,,,,,,,,,,,,,,,,,,,,,,,,,,,,,,,,,,,,,,,,,-0.2882667805629424
1982-04-30,,12.807631324811396,12.790287723159649,12.797052478261731,12.790035743990606,12.785057423480824,12.80019644191233,12.846509063586803,12.927439213515107,13.039235983027018,13.17281263038796,13.317821527957696,13.465024877253589,13.607102415641952,13.738283337455885,13.854495037488308,13.95314843520931,14.032816174769696,14.092958921897955,14.133693642598747,14.155610472365723,14.15962873075129,14.14687048868079,14.11855657317947,14.075927537591966,14.02020468164471,13.952554217688293,13.874067767605139,13.78575679439406,13.68854845939803,13.58328067022219,13.470701593257365,13.351477436862705,13.226201876847501,13.095401375722842,12.959540383681196,,,,,,,,,,,,,,,,,,,,,,,,,,,,,,,,,,,,,,,,,,,,,
1982-05-31,,12.070545746566621,12.111567462244244,12.17924565400978,12.222430933441307,12.259709355285244,12.313843712523024,12.398149656692802,12.516084705181727,12.662589062161725,12.827413345535906,12.999651053486978,13.170020300930815,13.331347832685722,13.478174177418142,13.606879994749308,13.71536808928716,13.802713142965414,13.868853816476564,13.914338628655003,13.94012608790472,13.947432994414037,13.937604607349435,13.912017279085637,13.87201161788877,13.818865825924716,13.753771914966718,13.677830150151223,13.592053549356743,13.497368316629329,13.394610551340174,13.284527091403808,13.167784105863955,13.044976351894938,12.916631174077839,12.783213778799,,,,,,,,,,,,,,,,,,,,,,,,,,,,,,,,,,,,,,,,,,,,,
1982-06-30,,12.142519578520746,12.268162664688193,12.264313031160055,12.217948537029887,12.183199515698876,12.188867305763518,12.245366797697919,12.35123197112541,12.496577075510986,12.667522675530812,12.850579862742983,13.034709724075876,13.21136069422297,13.374048589213952,13.518409885214904,13.641765229319645,13.742739628579015,13.820929919834507,13.876645418625717,13.910697937561405,13.924235589862338,13.918593980419848,13.895184201402635,13.855419759315293,13.800676603225837,13.732257244092656,13.651376916754616,13.559161680526856,13.456644979724668,13.344763841953753,13.224361550366288,13.0961966618066,12.960951409603217,12.81923437197813,12.67158594149186,,,,,,,,,,,,,,,,,,,,,,,,,,,,,,,,,,,,,,,,,,,,,
1982-07-31,10.869738763171002,11.082068699124598,11.03671950543262,10.9783198957218,10.936091172304263,10.934329888157693,10.987569487011656,11.099243554280097,11.263573170384523,11.467406528306745,11.694985088144294,11.93187204894432,12.166691901343322,12.390732459573794,12.597590435154764,12.783107529842836,12.94485790339818,13.081738345548835,13.193606119028592,13.281004050791992,13.344940281661025,13.386722453221635,13.407814708282913,13.40973078841212,13.393972491564574,13.361992179043797,13.315165488990187,13.254785843037936,13.182064991448808,13.098124526355052,13.003986480594032,12.900573511633057,12.788716207074339,12.669160334732492,12.542568717723325,12.288885463932282,,,,,,,,,,,,,,,,,,,,,,,,,,,,,,,,,,,,,,,,,,,,,0.5976677651357427
1982-08-31,9.498420028588779,9.976437776748412,10.17050087125813,10.189324232176277,10.151632734921979,10.129519463305837,10.155161987955973,10.23766143470637,10.372222008446654,10.54522951827931,10.740652447956835,10.944337276684122,11.145415626553948,11.335608061241176,11.509002811594842,11.661880667066766,11.792182796279297,11.89909908046074,11.982702006579842,12.043671264884827,12.083082532025417,12.102271411389529,12.102716864133427,12.085950364155787,12.053505285646915,12.00686340260265,11.947413634177236,11.876441416593531,11.795126432001167,11.704532541206207,11.605600381268975,11.499154015491325,11.385914766431059,11.266511934532826,11.14148998274484,,,,,,,,,,,,,,,,,,,,,,,,,,,,,,,,,,,,,,,,,,,,,,1.0468094896905313
1982-09-30,9.567235384675772,9.781418859363079,9.803913492622955,9.80893791706211,9.823673142632947,9.87206467574399,9.965009829751768,10.102166472989412,10.274757305223217,10.468481855682429,10.668892278919536,10.86414208794399,11.045447804653739,11.20676641629313,11.34439471441073,11.456541572713059,11.542885935267547,11.60414027890996,11.641678416529947,11.657272424261071,11.652896085659311,11.630591541547506,11.59235943996462,11.540077520618228,11.475472513453223,11.400092191116919,11.315300300897832,11.22229503535657,11.122123627738294,11.015684329204595,10.903729526871322,10.786882992663108,10.665664292858075,10.540506494042866,10.411769951901556,,,,,,,,,,,,,,,,,,,,,,,,,,,,,,,,,,,,,,,,,,,,,,0.9012464710066563
1982-10-31,8.492899688768906,8.606772300269611,8.779092952808634,8.895614105255998,8.982444865332514,9.07443338238662,9.190139335072756,9.334740959986817,9.503191132492923,9.684222355395159,9.8663299499631,10.040278160018376,10.199472789435536,10.339673254885787,10.458626294237972,10.555602233340855,10.631012197362269,10.686024587653339,10.722254524945205,10.741545367035176,10.745817620537013,10.736956455183934,10.716715269082599,10.686650909880306,10.64812240971073,10.602285628442598,10.55011715159155,10.492456319727756,10.430032639439299,10.363470048844933,10.293289201470566,10.219922369130288,10.143729574347649,10.06500606781017,9.983990289461433,,,,,,,,,,,,,,,,,,,,,,,,,,,,,,,,,,,,,,,,,,,,,,1.1913226666262524
1982-11-30,10.081144139080672,10.117928002120316,10.193289632448073,10.22524156950844,10.24762365249264,10.29010196713183,10.367773803118345,10.482862622010552,10.627428090718507,10.788319233103284,10.95303981784764,11.111698508332205,11.257201178451233,11.384937578316256,11.49239591773898,11.578686898774079,11.644145526169225,11.689911771764573,11.7176044122987,11.729076032644599,11.726242618218718,11.710946686306677,11.684859415862137,11.649429346290974,11.60589638975261,11.555303426159197,11.498531745583515,11.436343445434776,11.369405317958527,11.298292397310043,11.22349085698926,11.145411663639397,11.064403225778863,10.980756110467834,10.894710972224885,,,,,,,,,,,,,,,,,,,,,,,,,,,,,,,,,,,,,,,,,,,,,,0.7071750940226114
1982-12-31,10.103862158645343,10.093578424252003,10.1723440370556,10.142179787627152,10.103633687800627,10.1017835076917,10.14974874997569,10.244129229457211,10.37195637580653,10.517199048089914,10.66618952661978,10.808877865300317,10.938532496063399,11.051085149896252,11.14449917883365,11.218221420854716,11.27273408962491,11.30916566066309,11.329010683351006,11.333930256383464,11.325633950239531,11.305770717110427,11.275843783756653,11.237182766592122,11.190950696273593,11.13813969592209,11.079594445521822,11.016042223872924,10.948107846668538,10.876319018600196,10.801116976972398,10.722875068835048,10.641910728365094,10.558488921256522,10.472830874997342,,,,,,,,,,,,,,,,,,,,,,,,,,,,,,,,,,,,,,,,,,,,,,0.4133368894445706
1983-01-31,10.733235555996387,10.851452322147882,10.824827871944734,10.750911175926833,10.70813495594414,10.722465087640096,10.794347142211942,10.913012640612124,11.061731962257543,11.223632191085942,11.385580474329172,11.538477550047809,11.676537921632928,11.796512997294132,11.897031459772363,11.978076009020821,12.040530485591727,12.085794835263536,12.115523317386447,12.131440719857855,12.135234701591852,12.12845868651102,12.112464024258404,12.088393018187247,12.057203975511234,12.019698919064364,11.976565549759725,11.928412343571534,11.8757807809266,11.819146172594774,11.758923046475397,11.695474690248076,11.62911837228843,11.560125195992102,10.983189253316985,,,,,,,,,,,,,,,,,,,,,,,,,,,,,,,,,,,,,,,,,,,,,,0.4903966350895548
1983-02-28,10.223886266110265,10.367829500117173,10.335158064132786,10.297153287196704,10.297625736372558,10.346148987694868,10.439929578966028,10.568794503437415,10.717728254876812,10.872329835112211,11.021741906364243,11.158582926528076,11.27823315599282,11.378228856559025,11.457714384634162,11.51699869854372,11.557158173804204,11.579699858934712,11.58633428296661,11.578805595594117,11.558798241410626,11.527862107217462,11.487363609740758,11.43848865889955,11.382251602478085,11.319512592456736,11.251014632930847,11.177414798232379,11.099293418461919,11.017155199181097,10.931436180285393,10.842513608362637,10.750710957990817,10.656299677174987,,,,,,,,,,,,,,,,,,,,,,,,,,,,,,,,,,,,,,,,,,,,,,,0.6484435690019463
1983-03-31,10.336871668430613,10.350092071304221,10.389391696140647,10.417002548645454,10.450380510195924,10.503522562183639,10.581383166871081,10.680072357330435,10.789833214640911,10.900896207337919,11.005817566530142,11.099466781549244,11.17856074283294,11.24131865557357,11.287103476122699,11.316137480435536,11.329218164195343,11.327482643951623,11.312246255737856,11.28489200576938,11.246803214282696,11.199297897366371,11.1435805654571,11.080735083706196,11.01171053474392,10.937326554470141,10.858297801842664,10.775249199160564,10.688715868821586,10.599144106874443,10.506903839966393,10.41230347797063,10.315597461196553,10.216991336976804,,,,,,,,,,,,,,,,,,,,,,,,,,,,,,,,,,,,,,,,,,,,,,,0.5640245389073062
1983-04-30,9.819354446097966,9.860515470153551,9.937521195310792,9.991599430436123,10.062003575263102,10.163935336317719,10.29626534488189,10.448304820976585,10.605541781273372,10.75573741702693,10.890448435589036,11.004568591328741,11.095547559178225,11.162730656759752,11.206815503446851,11.22940282323686,11.232623267827373,11.218838331573266,11.190446419756663,11.149755556561034,11.098896473378554,11.039753820748798,10.973924433900615,10.902736162576936,10.827262207718752,10.748354131651528,10.666687193240532,10.58279519806943,10.497088691826972,10.40987392090107,10.32138149556379,10.231789036301677,10.141232575642094,10.049814004593792,,,,,,,,,,,,,,,,,,,,,,,,,,,,,,,,,,,,,,,,,,,,,,,0.9363829709289639
1983-05-31,9.846372362925205,10.061523180637879,10.14591725359049,10.194042371995835,10.24834744643419,10.326202793374677,10.428441761905153,10.545973301184288,10.66649270326738,10.780099802755826,10.880106970354822,10.962475542182808,11.025194637371811,11.067802817118107,11.090953537720393,11.09602872732603,11.08481701147859,11.059264171228055,11.021308553387259,10.972795486736588,10.915418459984888,10.85066951825568,10.779819447034265,10.703937799647877,10.623898892073493,10.540407769815287,10.454035745275247,10.365244553401226,10.27439879403694,10.181782109428621,10.087621628380102,9.992103870336717,9.89537959044829,9.797567786329264,,,,,,,,,,,,,,,,,,,,,,,,,,,,,,,,,,,,,,,,,,,,,,,0.933727439830621
1983-06-30,9.732767880991624,9.999874634845703,10.086415533915071,10.126780088763262,10.185740833485116,10.279915897236615,10.404552223431278,10.546059943615665,10.689712832140906,10.824451494645619,10.943034399525528,11.041264385619558,11.117301180654103,11.171058252607292,11.203647610886746,11.21690548713182,11.213021302242266,11.194271517125426,11.162848497945337,11.120783989477383,11.069885743793282,11.011688588741869,10.947446184256645,10.878163398974648,10.804627460159384,10.727460200056687,10.647171178382834,10.564185189640778,10.478849952178257,10.39144760589839,10.302213786857456,10.211348723589158,10.11901926040252,10.02536279563154,,,,,,,,,,,,,,,,,,,,,,,,,,,,,,,,,,,,,,,,,,,,,,,1.091683613653995
1983-07-31,9.941193327834082,10.533563585713406,10.750271272326062,10.83560230557071,10.907206427309452,10.996165718195535,11.104199515539133,11.222114375126571,11.339288334175146,11.447877427520421,11.542831886776225,11.621259323007699,11.681921007796195,11.724807547230025,11.750747993820816,11.761068086633559,11.757319479060598,11.741102591735865,11.713960128491676,11.677337680692698,11.632532846295007,11.580651887504926,11.522613190590876,11.459174509886799,11.390959505420462,11.318496774233665,11.242252919967902,11.162641875001848,11.080023964111607,10.994712177697318,10.90698322434037,10.817081879171491,10.725217959699501,10.32129128606656,,,,,,,,,,,,,,,,,,,,,,,,,,,,,,,,,,,,,,,,,,,,,,,1.506684099686339
1983-08-31,9.909531930029004,10.471601243131362,10.730129864072227,10.882259095598403,11.00228464577253,11.116079013138593,11.229070210113873,11.337341755925447,11.435683032123498,11.520632027120715,11.590358437971007,11.6441780190096,11.682234215471965,11.705237684850406,11.714239236359079,11.710449356387727,11.695097992600953,11.669353828609424,11.634288383637953,11.590882353885819,11.540009185252629,11.48241901678221,11.418761547887028,11.349604403919443,11.275447642606341,11.196748268343688,11.113937717636007,11.027417571270885,10.937551274348467,10.844666316239907,10.749060276194868,10.651000973203391,10.550720499012014,,,,,,,,,,,,,,,,,,,,,,,,,,,,,,,,,,,,,,,,,,,,,,,,1.611100097091711
1983-09-30,9.424604321649246,9.72452979896543,9.896746244169016,10.056168986875914,10.214417049289915,10.370384178561372,10.519467590641865,10.655590782347417,10.77441628595291,10.873888748532888,10.953481408485402,11.013670368347045,11.055640009936553,11.081027641229365,11.09169638100323,11.08956255933635,11.07644705674562,11.053993767705723,11.023638029843104,10.98662597547224,10.944010926072588,10.896652103432604,10.845247333206084,10.790349388395535,10.73239227170638,10.671731606218506,10.608674805685675,10.54348781857651,10.476397390374801,10.407601553667511,10.33727900523638,10.2655885945527,10.192663941229887,,,,,,,,,,,,,,,,,,,,,,,,,,,,,,,,,,,,,,,,,,,,,,,,1.4492844268836418
1983-10-31,8.90974036161693,9.451105116391357,9.819381450797598,10.053779172210897,10.222238517791892,10.35843548387203,10.475266163452762,10.576177921517498,10.662392387063118,10.734835593311205,10.794326373478292,10.841645133856476,10.877619821377408,10.903147144173232,10.919163245465295,10.926585696357762,10.926243105987284,10.91883250508386,10.904926128971862,10.88500081562459,10.859436454346863,10.828531011640244,10.7925450595138,10.751719442851828,10.706297171803158,10.65654958710052,10.602781297097318,10.545311135995679,10.484454221382755,10.420515446312445,10.35378543022167,10.284530235650836,10.212982870528219,,,,,,,,,,,,,,,,,,,,,,,,,,,,,,,,,,,,,,,,,,,,,,,,1.8250952316942755
1983-11-30,9.088244302738637,9.53316086790636,9.842889449117527,10.04473327408579,10.196774879471189,10.322191376390075,10.427852893409824,10.515368968624545,10.585962112769934,10.641037028262717,10.681976571893232,10.710087416296298,10.72662062708537,10.732790320766645,10.729772210429598,10.71867218045271,10.700482827008116,10.67605625836776,10.646121180057856,10.611293291712474,10.572062219854413,10.52880501930281,10.481826202393918,10.431376560685061,10.377682156396586,10.32097585025042,10.26150439216749,10.199513635787785,10.135237958554534,10.068900528358006,10.00071239089528,9.930862936096963,9.859512401344386,,,,,,,,,,,,,,,,,,,,,,,,,,,,,,,,,,,,,,,,,,,,,,,,1.55279272552408
1983-12-31,9.19223811050772,9.508687645367532,9.813071458568578,10.027153560561253,10.187752767436425,10.31871965056238,10.430669918171233,10.527615680953751,10.611357669354192,10.68271797535691,10.741972344163063,10.78918854042445,10.82445699692602,10.848009534332908,10.86023937918196,10.86164824075957,10.852793520961612,10.834247208893753,10.806598749634334,10.770433856725415,10.726299184133088,10.674707029066179,10.616151564246142,10.551105718614913,10.480032773037806,10.4034010937654,10.321678614028176,10.23531608402501,10.144738989457407,10.050347235875668,9.952512684581771,9.851567852882463,9.747801249374433,,,,,,,,,,,,,,,,,,,,,,,,,,,,,,,,,,,,,,,,,,,,,,,,1.4904798648491902
1984-01-31,9.12593765324203,9.370578688020226,9.702950566273179,9.990911510696995,10.219744969174034,10.400996216475297,10.546080127280677,10.663070332510996,10.757407503231153,10.832633647088603,10.891027720687985,10.934148750473915,10.96323012116227,10.979416827256028,10.98382455157312,10.977511412471298,10.961449267165957,10.936505069544758,10.90345788073878,10.86298652260263,10.81564976698965,10.761910037152113,10.702164399218645,10.63676764641938,10.56606651726039,10.490425040856119,10.410219789188524,10.325823935690678,10.237600614946496,10.145901302487319,10.051060186090831,9.953379072618954,9.755565372615518,,,,,,,,,,,,,,,,,,,,,,,,,,,,,,,,,,,,,,,,,,,,,,,,1.706695993846573
1984-02-29,9.128101274365532,9.235158193219798,9.561133869616993,9.831021758647514,10.041666551863718,10.20470244473504,10.332839436691083,10.435958574751252,10.520785397895148,10.591618515392325,10.651048280219726,10.700561581592936,10.741001448779267,10.772881885355549,10.796550552004499,10.812257514258421,10.820184867685887,10.820477847535987,10.813293961824343,10.79880865168037,10.77721149626307,10.748732152785704,10.713644182074306,10.672259090734213,10.62493052799226,10.572053803230459,10.514046828285652,10.451329336261221,10.38431228235409,10.313390888706667,10.238935656114757,10.161280080325128,,,,,,,,,,,,,,,,,,,,,,,,,,,,,,,,,,,,,,,,,,,,,,,,,1.4635172410267927
1984-03-31,8.733660159245694,9.098930593503253,9.396539181949644,9.63214921770858,9.82159437733909,9.978392474472486,10.111480896825258,10.226179692207442,10.325559812361185,10.411356813524703,10.484526014972184,10.545666148013662,10.59530474154269,10.634001434544485,10.662341988893274,10.680896605686527,10.690187140198347,10.690688601019803,10.682860042325506,10.66714116648801,10.643951359396697,10.61371342994937,10.576858234883774,10.53382513320342,10.485067129866609,10.431047807621873,10.37222445056764,10.309033399091561,10.241885796639474,10.171165037593472,10.09722130562321,10.020362992249327,,,,,,,,,,,,,,,,,,,,,,,,,,,,,,,,,,,,,,,,,,,,,,,,,1.6776966542790088
1984-04-30,8.745841160694841,9.216586867085635,9.608854976209898,9.917863136299568,10.16108510986594,10.355165992319812,10.512751708824803,10.642529409334612,10.750173527175242,10.839293369469761,10.912208915862088,10.970537236114085,11.015566165889364,11.048414730827801,11.070066772620828,11.081352709412002,11.082934158433002,11.07533548913379,11.058994251053496,11.034267173341956,11.00144253910138,10.96078215434308,10.912546769515679,10.857020256684052,10.794530354895176,10.725447685191606,10.650165889722883,10.569083995587025,10.482598615903397,10.391099547695966,10.294963748186602,10.194546918876716,10.090183760951557,9.982190280917866,9.870859018881204,9.569378393832363,,,,,,,,,,,,,,,,,,,,,,,,,,,,,,,,,,,,,,,,,,,,,2.09345220877492
1984-05-31,9.851912050687641,10.43286593859703,10.86964396825684,11.174096184808963,11.391758871193776,11.552491376132714,11.674184984362157,11.767523386913364,11.838866137011188,11.892022711776466,11.929335607201606,11.952372383799245,11.962330622917088,11.960230771983277,11.946975025198281,11.9233570546502,11.890059189443171,11.847687335728912,11.796786108787863,11.73782105052475,11.671184353360227,11.597231288942153,11.516297656180964,11.428718061781678,11.334844281174732,11.235046201974551,11.129698146141163,11.019168807313703,10.903819465463725,10.784003404964713,10.660061168651984,10.532313634283382,10.401063015633362,10.266593127722805,10.129165504293411,,,,,,,,,,,,,,,,,,,,,,,,,,,,,,,,,,,,,,,,,,,,,,2.040110661088825
1984-06-30,9.51632455535759,10.20464907481041,10.736316155493009,11.088376930621113,11.319027451317812,11.474130564078534,11.582101280633736,11.65966215417256,11.716529113228404,11.758341328813545,11.788369691189752,11.808510648072291,11.819892818567514,11.823215688621866,11.818913398205193,11.807247146715179,11.788366097090663,11.762370565005378,11.729327539416493,11.689260051320645,11.642174949028464,11.588105412005111,11.527133107200186,11.459409651878444,11.385169535385728,11.304716088767172,11.2183936383337,11.126567728436417,11.02961474092386,10.927913439314574,10.8218325686638,10.711720527889431,10.597904942680312,10.480690615128493,10.36035667119009,,,,,,,,,,,,,,,,,,,,,,,,,,,,,,,,,,,,,,,,,,,,,,2.242016773455955
1984-07-31,,11.616313249567487,11.983775033554153,12.250464775200562,12.43605726864652,12.562814515004073,12.646932709801362,12.699467408346704,12.727830617193911,12.737072603917932,12.730734462832737,12.711366776156824,12.680863878855318,12.640666970148141,12.591877924971692,12.53533234055036,12.471661232613693,12.401352331602578,12.32476547994853,12.242133515188934,12.153607140295316,12.05931110259766,11.959382118442804,11.854002058033501,11.743414137295485,11.627909130668732,11.507802207206144,11.383417229396855,11.255077876099056,11.12310112713257,10.98778736642237,10.849414766509826,10.708240467183238,10.564499849857508,10.418406558619136,,,,,,,,,,,,,,,,,,,,,,,,,,,,,,,,,,,,,,,,,,,,,,
1984-08-31,10.0926563984412,10.55473209628175,10.943574406644501,11.207763269060644,11.378078674969045,11.486423386882265,11.554173358613658,11.594631470637184,11.616049558122453,11.623627652929681,11.6206508383014,11.609192539290262,11.59057559987207,11.565650662551917,11.534951949322238,11.49879132875442,11.457328756540502,11.410628347910734,11.358674644423624,11.301384348450863,11.238657193004723,11.170416719603725,11.096637831775315,11.017372331422948,10.93275756644989,10.842999112085481,10.748348947210095,10.64909094912117,10.54552825915881,10.437971296544353,10.326723347458985,10.212073559528939,10.094297244525057,9.9736508487901,9.850370585748589,,,,,,,,,,,,,,,,,,,,,,,,,,,,,,,,,,,,,,,,,,,,,,1.530971254488481
1984-09-30,9.99688503618914,10.475353351841981,10.810567620653657,11.039593124206098,11.191592880379094,11.291160968221924,11.354669019221015,11.392436738294924,11.41106643479307,11.414888417178737,11.406796384729375,11.388788266927051,11.36231648779661,11.328494445896109,11.288201867995044,11.242143423114847,11.190892442842042,11.134910484385399,11.074530579242424,11.009951011599771,10.941282834977946,10.868591464251635,10.791931310699153,10.711374979645788,10.62702446393795,10.539006159300774,10.447467242112358,10.352577521488161,10.254528073269741,10.153524631739227,10.049775730613025,9.943486833539826,9.834858709535313,9.72408053069961,9.61132848064215,,,,,,,,,,,,,,,,,,,,,,,,,,,,,,,,,,,,,,,,,,,,,,1.4180033809895978
1984-10-31,10.104684348339914,10.262951687513503,10.51497343751892,10.727576115633491,10.885694142500174,10.99941998566269,11.079860784136825,11.13520480224626,11.171204672983468,11.192016006772857,11.200727820745858,11.199625816062913,11.190370438807115,11.174163306835498,11.151847121294002,11.123980715091236,11.090906466778012,11.052795231987878,11.009661693429058,10.961400639136485,10.907865522092482,10.848922108247816,10.784489393447922,10.714568613770302,10.639247316398611,10.558683602455556,10.473090254843473,10.382723378298857,10.287870679781534,10.188837087662554,10.08592752908684,9.979440059458215,9.869662611493062,9.75686412815845,9.817303641836311,,,,,,,,,,,,,,,,,,,,,,,,,,,,,,,,,,,,,,,,,,,,,,1.0873316584329427
1984-11-30,9.377350966102464,9.624955746974926,9.823053188591027,10.007445860779585,10.168119694210086,10.305274995938051,10.421413799183501,10.5190673547459,10.600361442278755,10.667056812304345,10.720599320789303,10.76218354234046,10.79283797815542,10.813467415957904,10.824863351056946,10.827707438399559,10.8225808453829,10.809935575528922,10.790058551472837,10.763085419492075,10.729074361911014,10.68806150866966,10.640109946536429,10.585345363213913,10.52396268050877,10.456212567217417,10.382390081878881,10.302827339875753,10.217883948340608,10.12793265651081,10.033342796818827,9.934475193136837,9.831676713594959,9.725270409038135,,,,,,,,,,,,,,,,,,,,,,,,,,,,,,,,,,,,,,,,,,,,,,,1.2897058462018816
1984-12-31,,10.134843821368914,10.409207587503001,10.587056052712004,10.714579090293547,10.813167707594426,10.89254564426227,10.957765942048496,11.011733966538129,11.056140421273328,11.0919124486267,11.11955058272828,11.139358456887917,11.15153842715228,11.156231677725867,11.153535784429906,11.143531437410001,11.126261609971458,11.101698229646999,11.069770383481341,11.030425787937675,10.983665460950368,10.929571964454107,10.868324627868398,10.800186591911709,10.725479505587462,10.644565319955658,10.55783408281251,10.465691884713424,10.368544788712262,10.26678429600813,10.160784897792288,10.050899085379166,9.937451582623588,,,,,,,,,,,,,,,,,,,,,,,,,,,,,,,,,,,,,,,,,,,,,,,
1985-01-31,11.275439557385004,11.230858819613783,11.199765177132404,11.200292455254646,11.219335403170716,11.246585912198897,11.276735027678233,11.307198692523649,11.336563555523844,11.363821574297878,11.388091651191873,11.40854549563016,11.424443018582918,11.435150664573758,11.440133583624675,11.438938773834739,11.431185419300732,11.416520523762888,11.394583467810353,11.365052234685171,11.327697807560527,11.282410531566567,11.229225568523947,11.168330342014313,11.100034495072924,11.024728972091596,10.942855399808757,10.854882666073744,10.76128700518228,10.662529593535451,10.559043190892126,10.451233904218876,10.339476027573903,10.224108523831353,10.105439460078173,9.9837481394472,9.859283927445215,9.732268904783574,9.602901356788863,9.471358747825994,9.33780026043987,,,,,,,,,,,,,,,,,,,,,,,,,,,,,,,,,,,,,,,,0.08838201691287395
1985-02-28,12.88691656081275,12.137067658469745,11.811295195134258,11.656505845810816,11.578511442188681,11.536932562557267,11.51290397076741,11.49732635331741,11.485655876085435,11.475517785819282,11.465548038054893,11.454811823056472,11.442603322073687,11.428339887951449,11.411488456808888,11.391520864790099,11.367903388071278,11.340062201050259,11.30736873694668,11.269208862074262,11.225045057164632,11.174463367033278,11.117219390954762,11.053255701474967,10.982672305279966,10.905685469094681,10.82259681787768,10.733766793600383,10.639590501627248,10.540469392746042,10.436794349802778,10.328944975735158,10.217276544543012,10.102114396292015,9.983757664161255,9.862478868325192,9.738520766855864,9.612099100446951,9.483406054419625,9.352613203144081,9.219874023570176,,,,,,,,,,,,,,,,,,,,,,,,,,,,,,,,,,,,,,,,-1.4113987749934687
1985-03-31,12.072901523404928,11.554080059293085,11.431108071277862,11.386331352377049,11.362493113427885,11.345620570271992,11.330979302162742,11.31661078532869,11.301564509851179,11.28525404175246,11.267181511576844,11.24687932301792,11.223950238768744,11.198071363266704,11.16896333339624,11.136364394138166,11.10001508712974,11.059619902652583,11.014842684699303,10.965381884068112,10.91102104124405,10.851653965145358,10.787297719040012,10.718082840952695,10.644223396533263,10.565990787281084,10.483697494636585,10.397681749616988,10.308292038793374,10.215868928537844,10.120735257826942,10.023191915705622,9.92351055541061,9.821932229938731,9.718662897102485,9.613875873948722,9.50771895849935,9.400318106771007,9.291780233040177,9.182195703914385,9.201915016264122,,,,,,,,,,,,,,,,,,,,,,,,,,,,,,,,,,,,,,,,-0.7876474816524688
1985-04-30,11.987591713353083,11.28487927174171,11.156529230019578,11.102056879992329,11.077963675256926,11.06890351864971,11.067754598002194,11.070550899413035,11.074876500183375,11.079128221212152,11.082096485489755,11.082839217888562,11.08065959384845,11.0750659681915,11.065701925639353,11.052293446889808,11.034587126695007,11.012282700192882,10.985028875832128,10.952512297544288,10.914510885566212,10.870919572695218,10.82176309935611,10.767186162040488,10.707424952724864,10.642781127218976,10.573603268573644,10.500269061675894,10.42316584766522,10.342668641592471,10.259129718702843,10.172874089528191,10.084193851069614,9.993347872140566,9.90055760992541,9.806011641683888,9.709872345820594,9.6122795060038,9.513353207926494,9.413196526412435,,,,,,,,,,,,,,,,,,,,,,,,,,,,,,,,,,,,,,,,,-0.9084634921409318
1985-05-31,11.698620063482569,11.36372703335209,11.214786267727035,11.131012770357051,11.080609362419827,11.05090691167612,11.034566348304647,11.026824758360435,11.02446357890053,11.025184619353645,11.027235629507729,11.029288579718724,11.030354369387867,11.029699644493475,11.026746895068538,11.020989085748893,11.01189462142935,10.998841902492456,10.98114853877119,10.958188491244139,10.929467313270099,10.894665625112882,10.853656856681752,10.80648709190394,10.753334708823063,10.694476425479191,10.630260066398248,10.561077338131822,10.487335736593188,10.40943471924138,10.327756851790214,10.242661792538598,10.154479479289357,10.063508692651626,9.970012146285487,9.874219432555364,9.776331642653064,9.676525122635358,9.57495464595909,9.471756247644496,,,,,,,,,,,,,,,,,,,,,,,,,,,,,,,,,,,,,,,,,-0.6734354441289234
1985-06-30,11.600299546414215,11.29659607539479,11.161650783494084,11.09581289620113,11.060909045455094,11.041628773236752,11.03047216399319,11.023387956446745,11.018102959502873,11.013248778394946,11.00789943719593,11.001424998991434,10.993412312934243,10.983595342772755,10.971777034765875,10.957762501955488,10.941261646453208,10.921823326234232,10.898880764748746,10.871871418601021,10.840312914674707,10.803852307277094,10.762292601286626,10.715583743875227,10.663795537167868,10.607095008662615,10.545726327990574,10.479988979730637,10.4102122236136,10.336732817216578,10.259884258709837,10.179985764651178,10.097333313107324,10.01219544531633,9.92480688501702,9.835372143001718,9.744069867521254,9.651056252567253,9.556468030785831,9.460425705417165,,,,,,,,,,,,,,,,,,,,,,,,,,,,,,,,,,,,,,,,,-0.5870507680192691
1985-07-31,10.521922698352926,10.344779745541258,10.346541797753906,10.374947789829893,10.407165279441497,10.439016954012908,10.469531510617,10.498369345389088,10.525252655698427,10.549736465367385,10.57121708075388,10.58911895694152,10.602986882740616,10.612499416935117,10.617443414517016,10.617684699400995,10.613081257088515,10.603412880982766,10.588423625064,10.567894682189198,10.541683814236956,10.509760583951316,10.47222609073968,10.429295407113743,10.381266973330195,10.328500769665558,10.271398299316617,10.21038082230193,10.145863845018514,10.078240155606759,10.007874233186278,9.93509514097882,9.860193379114795,9.78341814591899,9.70497603140024,9.625040146214674,9.543755729095114,9.461243828712451,9.377605488251515,9.292928276365503,,,,,,,,,,,,,,,,,,,,,,,,,,,,,,,,,,,,,,,,,0.027813767014459145
1985-08-31,10.648522798945468,10.454286653208944,10.367986342775227,10.330217898774888,10.315896384161194,10.315896214500192,10.325768287178033,10.34256808419028,10.363981352058408,10.388017591373588,10.412969204180955,10.437448088909346,10.460346474676665,10.480764183084593,10.497947686178698,10.511255021692138,10.520083146135097,10.523824847677975,10.521930379662512,10.513966740090082,10.499650014287077,10.478868787865288,10.451684174662356,10.418293630245829,10.378990146107812,10.334134003129588,10.28412737160135,10.229390463736593,10.170336872196394,10.107361038623164,10.040834901213339,9.971100793542002,9.898469388802356,9.823216117068517,9.74557997123561,9.665769190555686,9.583966572357056,9.50033293283679,9.415010502951244,9.32812661208288,,,,,,,,,,,,,,,,,,,,,,,,,,,,,,,,,,,,,,,,,-0.2605052075718799
1985-09-30,10.606714278610125,10.444154195016733,10.361202917157314,10.325175297548755,10.308276615834298,10.300651150531369,10.298689866474959,10.30063326437057,10.305377555282204,10.312039489049111,10.319822581765742,10.328037384859048,10.336089790866133,10.343441231930537,10.349580406212329,10.353996432561612,10.356124031519947,10.355335002883983,10.35102945374078,10.342699969992767,10.329968381293028,10.312609486142314,10.290549499199559,10.263837583633181,10.232617647199096,10.197109469028472,10.157588480419596,10.11436282730997,10.067747244972571,10.01804938036045,9.965564578978633,9.910567979810342,9.853312257522905,9.794022197216597,9.732893131617741,9.670094213620176,9.605772109392325,9.540053991730009,9.473050615249715,9.39792683449404,,,,,,,,,,,,,,,,,,,,,,,,,,,,,,,,,,,,,,,,,-0.29467478956101445
1985-10-31,11.01661394124595,10.662234612876745,10.472001419552535,10.378981943749833,10.333765734123688,10.314113863840456,10.309397147662963,10.313952435077983,10.324401455432259,10.338444175279294,10.354380766096526,10.370910972566897,10.3869977933415,10.401762936140576,10.41443604350067,10.424300406531017,10.430619128021442,10.432635002066077,10.429671659017268,10.421192989451384,10.406838019009122,10.386440389272325,10.360017569177758,10.32773294523736,10.289859809953459,10.246753486370164,10.198822632094895,10.146499607367607,10.090210355801766,10.030358747137178,9.967319818117785,9.901434472568566,9.833004498290693,9.762291032410403,9.689516619622502,9.614871502524474,9.53851939945969,9.460601169762738,9.381239674419886,,,,,,,,,,,,,,,,,,,,,,,,,,,,,,,,,,,,,,,,,,-0.6781697659666559
1985-11-30,10.991509458755788,10.77169814784468,10.681799610607968,10.620997666403719,10.578398504344733,10.548668211481568,10.52831344452871,10.51497559965809,10.506873399979467,10.502475234655613,10.500485405699512,10.499847381745596,10.499692522334843,10.499243281615069,10.497753085343392,10.494442598347883,10.488450381580243,10.478886739126457,10.46496898535212,10.446094941944711,10.421879421601995,10.392165292629286,10.356998914964558,10.31658649614547,10.271255872131803,10.221422441176687,10.167553588557901,10.110132347200238,10.049625934598094,9.986469039616912,9.921053634652047,9.853719987564958,9.784751391601075,9.714376000325252,9.642772064631652,9.570080968567517,9.496414896339132,9.421861384020112,9.346492392892827,,,,,,,,,,,,,,,,,,,,,,,,,,,,,,,,,,,,,,,,,,-0.48903422410017505
1985-12-31,11.491242650953378,11.292086923800937,11.165417143505499,11.084217720245608,11.025719045291176,10.978566980270628,10.93769337608241,10.901108013221213,10.868070693933042,10.838239281621318,10.811344765069267,10.787073780935826,10.765011031730536,10.744622358422417,10.725259624172544,10.706130162636327,10.686281802137986,10.664703359876576,10.640469717783013,10.612820082077842,10.581204199883048,10.545301154664994,10.504996742976363,10.460342789356401,10.411524027369294,10.358827573342362,10.302609702252628,10.243258566317309,10.18116185536461,10.11668756653182,10.050171189329138,9.981905597513526,9.912135704356572,9.841059790842598,9.768834471447528,9.695585621503756,9.62141395004864,9.546399314252824,9.470608874981611,,,,,,,,,,,,,,,,,,,,,,,,,,,,,,,,,,,,,,,,,,-0.65300336933206
1986-01-31,12.383852288166333,12.019837848778229,11.750525341798536,11.57236909293665,11.4530999598126,11.369571533113776,11.308148535023966,11.260955288672278,11.223175449687783,11.19168581430117,11.164383408821452,11.139790333743628,11.116810747579903,11.094558143524273,11.072244590826871,11.049070952057557,11.024168031348994,10.996676138455273,10.965842165843464,10.931067721691285,10.891946258670242,10.848279920020934,10.800053433600565,10.74739213013302,10.69052993055069,10.62978210943098,10.565517222890419,10.498122963190612,10.427979422726544,10.355444731034591,10.280844172567281,10.20446095719198,10.126531543809024,10.047248250123781,9.966765273013253,9.885206493145573,9.802672035360192,9.71924502865348,9.63499630483177,,,,,,,,,,,,,,,,,,,,,,,,,,,,,,,,,,,,,,,,,,-1.1921664738651625
1986-02-28,11.61950390785317,11.049000586791198,10.766970888109446,10.607604380759597,10.497027010296701,10.410152192699565,10.33826585856246,10.278238844996146,10.228717095288408,10.188832848419791,10.15779603344839,10.134695299843367,10.11840550527079,10.107567624347695,10.100663241349064,10.096048712472722,10.092002125509541,10.086877718226816,10.079230883283195,10.067887866459017,10.05198624548424,10.030979603008605,10.004597584122429,9.97279615120028,9.935715704146585,9.893637307930561,9.846938707743472,9.796047714413756,9.74140712888256,9.683451447616013,9.622586885299532,9.559175325056932,9.493525586511756,9.42589443044545,9.356492418268346,9.285492498880862,9.213038075280437,9.139250594325802,9.064234970891881,,,,,,,,,,,,,,,,,,,,,,,,,,,,,,,,,,,,,,,,,,-1.4306710594333794
1986-03-31,11.165416243351753,9.699830117615688,9.601776646353263,9.515634718257049,9.421064606828601,9.323418856434776,9.229486970906576,9.144274373550775,9.070871789949441,9.010704957028137,8.964015813885188,8.930180232255807,8.907923135124134,8.895525172174011,8.891039844585986,8.892378698474532,8.897403959360583,8.904110986476773,8.91073780350095,8.915818596925094,8.918213807817597,8.917108554656728,8.911975705021538,8.902530432239447,8.888686382358035,8.870516597532859,8.848214685747601,8.822050204122958,8.792333522795387,8.759391713620222,8.723547467262563,8.685101532193858,8.644322172105976,8.601443550128167,8.556667425596467,8.51016751644989,8.462093513517587,8.412574785261759,8.560413220230954,,,,,,,,,,,,,,,,,,,,,,,,,,,,,,,,,,,,,,,,,,-2.154711286323616
1986-04-30,9.436151835731959,8.975449016109552,8.733141255522217,8.589066116087096,8.502435137842548,8.451595621689128,8.424562485169947,8.414378013691168,8.416545053952238,8.427937896328237,8.44636190779309,8.470270140288216,8.498524737531017,8.530215317089363,8.564476134648508,8.600299321775472,8.63649916706936,8.67183626276994,8.70511924416808,8.735289089018384,8.76148700614633,8.78308397425143,8.799668612440291,8.811025926972567,8.817114647293584,8.818038640261284,8.81401233889457,8.805322687932991,8.79229947325776,8.77529211215174,8.75464896439825,8.73070047196212,8.703749455350628,8.674068349053302,8.641898646062202,8.60745395681421,8.570922795682561,8.532471782919872,,,,,,,,,,,,,,,,,,,,,,,,,,,,,,,,,,,,,,,,,,,-1.0082139394037224
1986-05-31,9.219298192502015,8.949954374129106,8.792384611307147,8.71321644851059,8.672018587311594,8.65154728162773,8.645324338702405,8.650752594646356,8.66637921654369,8.69101632042158,8.723510458598925,8.762627441817873,8.807007897392964,8.855184417223427,8.905559751553577,8.95636098331245,9.005751151459554,9.052024594986511,9.093725693912138,9.129718765039263,9.159220029374842,9.181774375275184,9.197196425342318,9.205516040972794,9.206933930464913,9.201779577116376,9.190467732076677,9.173456619981204,9.151219396979329,9.124223746046447,9.092915520034667,9.057705371042282,9.018962800638397,8.977015450086453,8.932150985572799,8.884621828724237,8.834649294018128,8.782428365047611,,,,,,,,,,,,,,,,,,,,,,,,,,,,,,,,,,,,,,,,,,,-0.5282818720804343
1986-06-30,9.197732014806403,9.147014505621595,9.103245443486992,9.061750021847681,9.026873657015729,8.999936090613364,8.981840073908957,8.973124584436656,8.973829136422221,8.983571615512005,9.001652179264982,9.027118792851677,9.058827670240838,9.095482474760422,9.13556903908581,9.177281103641858,9.218667600890043,9.257870702167128,9.2932714678402,9.323577474872204,9.347865401214852,9.365562343274645,9.376399204029848,9.380367239446704,9.377672265707064,9.368681715285128,9.353866793405647,9.333748152855543,9.308856495741374,9.279705653816912,9.246773650928057,9.21048841695368,9.171224309668373,9.12930328480642,9.084999086889946,9.038543504161492,8.990132064557123,8.939930562104115,8.888081150499753,8.834707223754192,8.779918604272922,8.723814104493016,8.666483466762053,8.608008785726204,8.54846537527149,8.487922505562933,,,,,,,,,,,,,,,,,,,,,,,,,,,,,,,,,,,-0.21416039929439812
1986-07-31,9.64340065921323,9.59547494146289,9.533671358443973,9.462682326027542,9.400858216121394,9.354332786310936,9.323603055028073,9.307096740858332,9.30252389393997,9.307613213513728,9.320336064430988,9.338932447400875,9.361843226149265,9.387606372916547,9.414681786804634,9.441344189802276,9.465847613773883,9.486632067609088,9.502436592740205,9.512362844578767,9.515895809792378,9.512861175663518,9.503358873076396,9.487703344208768,9.466367205019395,9.439928993264362,9.409018273929096,9.374269106993903,9.336288742230836,9.29563679273444,9.252811204942743,9.208238507140004,9.162274162383689,9.115206949119381,9.067267779549024,9.018638496070587,8.96945981712416,8.919838520810469,8.86985431953613,8.81956637229403,8.769019497336318,8.71824703070867,8.667274018539926,8.616120106397195,8.564801215775251,8.51333002776805,,,,,,,,,,,,,,,,,,,,,,,,,,,,,,,,,,,-0.33578744569950203
1986-08-31,9.55805652092957,9.389548033122553,9.30412923527093,9.238381313037815,9.18818136660529,9.153626896466067,9.13364546660289,9.126464975028899,9.13009801333215,9.142692309859884,9.162584618564557,9.188248575285082,9.2182101262312,9.250963092583136,9.284841389600784,9.317999921015955,9.348643111738816,9.37522283794491,9.396533604578098,9.41175489198052,9.420446363730893,9.422486923234551,9.418004504147353,9.40732039987367,9.390897801815573,9.36929314909206,9.343102069513744,9.312916468639214,9.279298073759605,9.242762703333062,9.203768729456694,9.162709656931355,9.119915771494938,9.075658606364343,9.0301586700841,8.983593235729217,8.936103578173647,8.88780216201354,8.8387788111113,8.789106452533275,8.738845791014642,8.688047526034799,8.636754780279114,8.585004999820677,8.532831014074766,8.480261555800368,,,,,,,,,,,,,,,,,,,,,,,,,,,,,,,,,,,-0.41536421106968646
1986-09-30,10.742304647030037,10.952447659256583,11.009864425837657,11.016581532543059,11.005874262649048,10.990700506055676,10.97594606596677,10.963208944486375,10.952626840181539,10.943782075945032,10.936059679997813,10.928754981043744,10.921079965444875,10.912113313824028,10.90072421925936,10.885638993329696,10.86569481568681,10.839997694774276,10.807983363443475,10.76943920882452,10.724482121407432,10.673485955747687,10.617005024307577,10.555712864157245,10.490346720703819,10.421660084519623,10.35037556078198,10.277156922473186,10.202596639725655,10.12721057158273,10.051434078710367,9.975621336809597,9.90005068605413,9.824931533426193,9.75041364570596,9.676596322906684,9.60353740627042,9.531263063313615,9.45977557132794,9.38906119299848,9.319095789819873,9.249847392990707,9.181279624866223,9.113355037039447,9.046036253493167,8.979285985264015,,,,,,,,,,,,,,,,,,,,,,,,,,,,,,,,,,,0.20147742891499476
1986-10-31,10.813220454128068,10.761343153776401,10.803865031215834,10.838918869229076,10.856404563133562,10.861557289321503,10.859802276399305,10.854740513248904,10.848489621658631,10.842244598753325,10.836571132016623,10.831581100203513,10.827034938588826,10.822355618206043,10.816589484348997,10.808518797672921,10.796929159275416,10.780775366780716,10.759274597108105,10.731960248293122,10.698683078395574,10.659562341519461,10.61493245947716,10.565294250228545,10.511263488286405,10.453518130019232,10.392742432158094,10.329587384149375,10.264646654114415,10.198442896826956,10.131418331825127,10.063933142965928,9.996270949653846,9.928648067207325,9.861224065759112,9.79411196477888,9.727387052615603,9.661094978753932,9.595258059177514,9.529882215777773,9.464961360853955,9.400480501570424,9.336419656107584,9.272757181413532,9.209470647067732,,,,,,,,,,,,,,,,,,,,,,,,,,,,,,,,,,,,0.029024144625257264
1986-11-30,10.983928491135922,10.925864764426056,10.928920122165609,10.935157802103683,10.942210681922536,10.951341629153797,10.962752508805707,10.97582239501375,10.989745338523356,11.00378661336351,11.017311642951945,11.029739530156247,11.040502833649745,11.048931639545767,11.054129425511423,11.055062878072455,11.050777574570809,11.040515431554086,11.02377156180558,11.000317944170147,10.970184410331097,10.933609597491365,10.890996427553475,10.84287417065562,10.789858949916493,10.732608126256904,10.671773079623492,10.607969428376474,10.541760805730993,10.473648850726596,10.404064774535758,10.333368222664996,10.261851365188772,10.18974586235244,10.117231524799806,10.044444385897274,9.971484497628067,9.89842341376049,9.825310206019049,9.752178232672245,9.679048839826953,9.605934436535389,9.532841847765933,9.459774765146069,9.386734413894422,,,,,,,,,,,,,,,,,,,,,,,,,,,,,,,,,,,,0.019858122227587316
1986-12-31,10.748740839946517,10.615889078976492,10.626608504167384,10.626362926902122,10.607272815244793,10.577806592933596,10.54494697293951,10.512962618085476,10.484195638764092,10.459785655242293,10.440058176509542,10.424760154886451,10.413226292531219,10.404454238721081,10.397155809136386,10.389926940436128,10.381432552046922,10.370508238600763,10.356224145931305,10.337922274969142,10.31520900181113,10.287923955109468,10.256108471272242,10.219969486502388,10.179836185743676,10.13610967920398,10.089215254711753,10.039571348275832,9.987571372155907,9.933571719557339,9.877882179749635,9.82076436242306,9.762434112525264,9.703067038651485,9.64280479077181,9.581761104818709,9.520027379694875,9.457677621691705,9.394772507849208,9.331363188847922,9.267493104978263,9.203199511032258,9.138514850227995,9.073467696175163,9.008083227285129,,,,,,,,,,,,,,,,,,,,,,,,,,,,,,,,,,,,-0.2889551847042249
1987-01-31,10.354427898334079,10.170802223282934,10.117239776558874,10.086801853761283,10.063473379508059,10.045427711074536,10.032701284533474,10.02525307467744,10.022821289269437,10.024970009294485,10.031101109538344,10.040442987535503,10.052053515690595,10.064780216367009,10.077254499839054,10.088067090512789,10.095944184529262,10.099831544297466,10.098936404614607,10.092741740160708,10.080985553957257,10.06363088365867,10.040838561450192,10.012934173457788,9.980367010660103,9.94366016152107,9.90336255273203,9.860014878024746,9.81412641125775,9.766158545573989,9.716512057595569,9.66552456251324,9.613472511479424,9.560578112594726,9.507017131536388,9.452926465574777,9.398411359581518,9.343551950560558,9.28840898610188,9.233028971139182,9.177446663739522,9.121687636857509,9.065771319226394,9.009713015890108,8.953524460088166,,,,,,,,,,,,,,,,,,,,,,,,,,,,,,,,,,,,-0.3294578890395936
1987-02-28,9.916913011417222,9.672469712689663,9.605072911314926,9.566719758667839,9.536966664523835,9.51485531763359,9.500651307447894,9.493788249080264,9.493349043050694,9.498340177360495,9.507755544052513,9.520555925849669,9.535639306279744,9.551787335620983,9.567675268150918,9.582023098378855,9.59370675636166,9.601814199881442,9.605681243025177,9.6048978602804,9.599275677942886,9.588812183805159,9.573663797734788,9.554113362992899,9.530531480246832,9.503331438472554,9.472932244401584,9.439735747296226,9.404113745100428,9.366398646220905,9.326878031712642,9.285796413922741,9.24335951809264,9.199740321042427,9.15508396198592,9.109511450035919,9.063123339537128,9.016003332772733,8.968221871630153,8.919839182159304,8.870906916862749,8.821469771372104,8.77156655505138,8.721230935283499,8.670492397093408,,,,,,,,,,,,,,,,,,,,,,,,,,,,,,,,,,,,-0.41857283405672696
1987-03-31,9.306396046107656,9.049238894259185,9.009524787644574,8.96364795159301,8.926598795732875,8.903280950649645,8.893672958169436,8.895872117185268,8.90771457172683,8.927211973092906,8.952568965718902,8.982127853457833,9.014286570410396,9.047363962113886,9.079597627118819,9.109342163108346,9.135194695288352,9.156056821632344,9.171173529932101,9.180133271374654,9.182820801021299,9.17936626455992,9.170104973423575,9.155536527650403,9.136278071078635,9.113004675980608,9.086396249039494,9.057100152321265,9.025707299616355,8.99273577486135,8.958620295133162,8.923711642502187,8.888282013604925,8.852536192297892,8.816623633269625,8.780649494965807,8.744684769171274,8.708774035975452,8.672943691923596,8.637207991480517,8.60157248614713,8.56603816748905,8.53060307197968,8.495262887636777,8.460012045211686,,,,,,,,,,,,,,,,,,,,,,,,,,,,,,,,,,,,-0.3791840730147502
1987-04-30,,8.559579489368687,8.556253066936177,8.562624133403087,8.568997694743667,8.576815470372628,8.588210555360396,8.604345106819938,8.62563518762653,8.65193173395961,8.682641287446167,8.716818830995157,8.753204825143955,8.790191965022295,8.825946220820535,8.858692865186672,8.886896064779153,8.909365984800596,8.925319263742313,8.934368453334736,8.936458027181997,8.931805637623803,8.920853388495406,8.904214694230566,8.88261463397273,8.85682261718577,8.827600702153338,8.795668519215917,8.761679719344649,8.726203471454482,8.689713802617174,8.652588481236057,8.615115053209216,8.577504407532777,8.539905541454095,8.502418533240947,8.465106648847113,8.428005625757022,8.391133147419335,8.35449436506955,8.31808578311798,8.28189943924535,8.245924805776234,8.210149514983495,,,,,,,,,,,,,,,,,,,,,,,,,,,,,,,,,,,,,
1987-05-31,8.332309572961174,8.463572664253498,8.522446403033777,8.543200085785092,8.54900832608206,8.551289263072707,8.555071962007462,8.562541692174271,8.574666526821225,8.591770613716136,8.613724442158851,8.640009444001072,8.669655092418123,8.701145428476174,8.732622649721351,8.762266843601662,8.788504612594869,8.810114614931315,8.826272549839587,8.83652311202247,8.840709150329815,8.838911533908291,8.831408678545762,8.81863666582199,8.801136551019468,8.77949332574474,8.754291936554539,8.726092334453101,8.695412833144049,8.662714416528308,8.628393192890913,8.592778902740212,8.55613819928009,8.518682678163612,8.480577192878343,8.441947539752936,8.402888023654725,8.363468165520485,8.323740278545248,8.2837436332965,8.243508242963244,8.203058051445034,8.162412208227218,8.121585868417249,,,,,,,,,,,,,,,,,,,,,,,,,,,,,,,,,,,,,0.259461040754962
1987-06-30,8.810391515301214,8.940882381847263,8.978233560565208,8.978759982241764,8.968427148302666,8.957914550958447,8.951883881389453,8.952391703116527,8.960151180595055,8.9750864177741,8.996573176516593,9.023533343496409,9.05442008252493,9.087212153208736,9.119704955809713,9.14984740592288,9.175908184049616,9.19656730715284,9.21095808438676,9.218630384358663,9.219471362035986,9.213637935468203,9.201508018949955,9.183630686278267,9.160660272650809,9.133282308615886,9.10216063133565,9.067912010388664,9.031094181673238,8.992195308900069,8.95163127358563,8.909746606005816,8.866820216474169,8.823074446240103,8.778683617333906,8.733781931704605,8.688471263517481,8.642828125173423,8.596910469444207,8.550761302456374,8.504412411660939,8.457887590656428,8.411204589494266,8.36437635195396,,,,,,,,,,,,,,,,,,,,,,,,,,,,,,,,,,,,,0.16469490247288654
1987-07-31,9.374841029956954,9.50673641682303,9.509296795352501,9.498040266538045,9.491997840694285,9.493739669658043,9.50320162811566,9.519884914450799,9.543098357193365,9.571955428258214,9.605302159949764,9.641727643343454,9.679498533310039,9.7165318455576,9.750685969360518,9.780061063010347,9.803153443853782,9.81893128513619,9.826848471193781,9.826777949656812,9.818919158435087,9.803719895477245,9.781810652791,9.75394276863579,9.720918285233475,9.683527772907777,9.642512033039397,9.598546687955297,9.552234524804184,9.504098481064535,9.454582370092323,9.404053933228747,9.352812707779844,9.30109988154635,9.249107290182208,9.196985558276875,9.144851335447022,9.092793538166424,9.040878857377294,8.989155134008984,8.937654640235259,8.886397063142924,8.835391631680789,8.784638935872977,8.734133364576056,8.683865171479498,8.63382290969025,8.194068590468952,,,,,,,,,,,,,,,,,,,,,,,,,,,,,,,,,0.19711439830125954
1987-08-31,9.837528166725415,10.3161540250181,10.318229571555591,10.288739693656336,10.256027800573746,10.230031256536146,10.213044040876662,10.204901421423147,10.20458747025894,10.210681385205934,10.221476213158823,10.235108179486959,10.249563962415417,10.262728786636476,10.272632542029642,10.277632247828462,10.276501655169483,10.268472983175313,10.253223830130318,10.230801864690537,10.201543551672465,10.166010287179438,10.124925950279335,10.07911448789673,10.029428795259886,9.976690452820504,9.921654174419038,9.864995024945326,9.807301659774229,9.749072119525486,9.690717818623726,9.632568542516193,9.574881383723595,9.517851263500365,9.461620615744188,9.406288527851439,9.351918419159409,9.29854549240955,9.246183420199477,9.194828167479349,9.144462258744937,9.0950580686116,9.046579731845883,8.998985130254846,8.952228450974907,8.906262508964293,8.861041132307276,,,,,,,,,,,,,,,,,,,,,,,,,,,,,,,,,,0.3731532184805193
1987-09-30,,9.966430617175751,9.957174540278329,9.940356273375661,9.930079078123958,9.92981306321904,9.938887638847062,9.95571769379106,9.978584787191503,10.005755889631832,10.0354910178636,10.066022757405795,10.095446255727786,10.12175785473176,10.143130611605368,10.158088428217196,10.165581401856588,10.165014139673644,10.156217741176565,10.139366174574501,10.114896064406365,10.083445586214825,10.045795196146635,10.002808514347732,9.95536587635322,9.904312837362498,9.85043216289665,9.79443342553022,9.736944743252563,9.678507599268231,9.619578945000528,9.560534468296769,9.501676609449742,9.443243754104605,9.385418463974794,9.328335306665474,9.272087990250865,9.216737144879282,9.162316777732084,9.10883860523381,9.0562967215674,9.004671811739504,8.953933586212592,8.904043762209566,8.854959245136854,8.80663516440562,8.759027282009873,,,,,,,,,,,,,,,,,,,,,,,,,,,,,,,,,,
1987-10-31,,8.943881857417303,8.947325000846089,8.945445115724713,8.951268231514028,8.967467804626043,8.993118178630187,9.026660933530813,9.066501798409758,9.111003790260296,9.15843258004604,9.206925841321679,9.254450798887184,9.298924519748741,9.33847357122338,9.37157664577865,9.39714454705356,9.414561430166671,9.423654235566786,9.424600790919396,9.417848041276995,9.404048368879717,9.383993720772816,9.358546049710997,9.328564152942757,9.294855373257857,9.258155508288125,9.21912415256116,9.178339341098017,9.136296643125114,9.093413696112234,9.050036291789484,9.00644697186892,8.962873057939689,8.919493601784007,8.87644587509776,8.833831572257466,8.791723658159873,8.750171454779199,8.70920447667907,8.66883617521425,8.629066839693618,8.589885524436834,8.55127268572287,8.513202661405792,8.475647065806328,8.43857684883138,,,,,,,,,,,,,,,,,,,,,,,,,,,,,,,,,,
1987-11-30,8.371837709584634,8.473120514433798,8.520714844495254,8.546911982695471,8.570600742315328,8.600830585935269,8.640916720287816,8.691219322890708,8.750604413830366,8.81716532617188,8.888652078444128,8.962622165877773,9.036424176460375,9.107373787273703,9.173044673732203,9.231446854368718,9.281126197009185,9.32120190380399,9.351315937164225,9.371528194635333,9.382224156274358,9.384039806966937,9.377790924322891,9.364399660670443,9.344818789123623,9.319976941917954,9.290751214869301,9.257953519023989,9.222316483895957,9.184486219053877,9.145020285323007,9.104389015865975,9.062982691297885,9.021119083499643,8.979051666708228,8.93697811648582,8.895048449278473,8.85337404026112,8.812034000912869,8.771080769957575,8.73054563527385,8.690443105818296,8.650773597964807,8.611527345720754,8.57268757172696,8.534234349869191,8.496146373025967,,,,,,,,,,,,,,,,,,,,,,,,,,,,,,,,,,0.44532761658724596
1987-12-31,8.728467581111527,8.867316456105954,8.873977769240339,8.860779206355323,8.862330551934244,8.885406595804783,8.928405175311157,8.98733216242555,9.057777654069021,9.135477762743248,9.216585901221338,9.297623829242442,9.375339535202663,9.446853482047967,9.509871353506329,9.562748977528669,9.604489590977787,9.634704918659189,9.6535088545566,9.661390829350376,9.659119212521107,9.64766104764565,9.628108418469926,9.601602068203398,9.569261016182109,9.532137189929502,9.491196008359445,9.447307380604743,9.401236100037284,9.353640825902698,9.305076306695222,9.256000012992759,9.206783083735457,9.15772048307978,9.109041004197591,9.06091679607384,9.013472351047351,8.966794017089533,8.920936161344713,8.875927074628137,8.831774372009018,8.78846889795213,8.745987528954327,8.704297249540813,8.663358589510947,8.62313025375884,8.583570521892886,,,,,,,,,,,,,,,,,,,,,,,,,,,,,,,,,,0.40701018163172087
1988-01-31,8.766463513947336,8.86412135247828,8.900501758620175,8.903635844327972,8.899531469896932,8.902187061679665,8.91645977089225,8.942915621182342,8.980107542826257,9.02570510266155,9.077048201180808,9.131299995606314,9.18550880867225,9.236907780330965,9.283160839313911,9.322463729360098,9.35359195504874,9.375897918908652,9.389220536122167,9.393771203943555,9.390047404283948,9.378760514865478,9.360765894742865,9.336982670777536,9.308322658383155,9.275648445373106,9.23975782453774,9.201374660063403,9.161138852705703,9.119604855572268,9.077242458734965,9.034442134179539,8.991523386872197,8.948742173779296,8.906298533625185,8.864344102538874,8.82298974895505,8.782313182498376,8.742363979448749,8.703168441873418,8.664734068551564,8.627052781964572,8.590103714877467,8.553856973952454,8.518277050884278,8.48332702866938,8.670236400631962,,,,,,,,,,,,,,,,,,,,,,,,,,,,,,,,,,0.25924158871421454
1988-02-29,9.196189172584782,9.041335020702347,9.032218249178447,9.00647385626889,8.987018110351833,8.978716716763822,8.98163755039838,8.994566448712105,9.015893904990087,9.043803193805596,9.076309091358757,9.11115820869111,9.145865378074616,9.178092798899476,9.205899202890638,9.227825428162422,9.242925443428012,9.250744823399964,9.251223053480569,9.244589630726047,9.231293145695785,9.21194996388639,9.187291656293425,9.158098581242035,9.12514126696408,9.089146262374785,9.050783525865118,9.010656742169155,8.96929439935828,8.927149336917948,8.884600073961913,8.841956863420153,8.799469588961689,8.757334820590364,8.715702871066744,8.674684568144631,8.63435814153806,8.594775473715027,8.555966051349706,8.517940785792618,8.480695642677901,8.444214136274942,8.408469823417985,8.373429321592281,8.339055389137302,8.305310139785524,,,,,,,,,,,,,,,,,,,,,,,,,,,,,,,,,,,-0.15238597877918636
1988-03-31,,8.403066062968069,8.453199673162073,8.489060506648832,8.528179147933582,8.573602012662025,8.625151853415307,8.681637438073121,8.741423353616684,8.802703903644947,8.863613952618216,8.922148116330748,8.97624312913826,9.024093345112673,9.06431079004627,9.095971639147974,9.118631681722789,9.132286805090859,9.137262507581582,9.134108292543583,9.12353016973024,9.106345204192325,9.08343498695862,9.055685657408597,9.023939712781837,8.988972271094886,8.951485624618874,8.912103180964076,8.871365069293946,8.829730087245151,8.78757884685282,8.745221334348239,8.702905463563392,8.660824914820367,8.619126926715909,8.577919521024704,8.537279287533106,8.497257611907983,8.457884755112852,8.419173886105302,8.381124185973368,8.343722923708082,8.306948101350457,8.270771188745313,8.235160429201803,8.200083435288603,,,,,,,,,,,,,,,,,,,,,,,,,,,,,,,,,,,
1988-04-30,8.28872358232864,8.528643045125285,8.614592926496016,8.654575609867125,8.689786073979437,8.730355988454319,8.778476800666109,8.833942942410086,8.895602571106275,8.961799753409517,9.030431248387707,9.098892305355065,9.164324593084386,9.22411733289986,9.276166007528506,9.318972983678387,9.351677199431151,9.373995381372708,9.38608891614534,9.38843803881501,9.381753099890627,9.36690818483026,9.344875709623478,9.31665309802303,9.283206473557053,9.245442181512567,9.204195506399898,9.160218984941121,9.11417557726724,9.066638559832985,9.0180934231798,8.968945027989681,8.919525205345598,8.870100266509686,8.82087877121853,8.77201932046226,8.723639188703688,8.675821136757609,8.628618579106805,8.582060742591343,8.536157430265611,8.490902064863892,8.44627585070417,8.402251539625166,8.358797949173438,8.315882678093189,,,,,,,,,,,,,,,,,,,,,,,,,,,,,,,,,,,0.6730761710808775
1988-05-31,7.844748045165171,8.380029487621202,8.571461166675439,8.650149883097196,8.70174385053822,8.752695196114628,8.810498077439615,8.876147762682628,8.948185550210095,9.024319629182692,9.101871105528318,9.1778208991573,9.24913925963815,9.313224307979999,9.368089329087494,9.412416909193718,9.445549385886137,9.46739533542182,9.478288502517218,9.478869848637446,9.470002590602727,9.452701215204975,9.428056986133855,9.397160492489439,9.361047975607072,9.320677099376482,9.276917766478919,9.230542280170287,9.182222126017868,9.132529648680626,9.081942808335626,9.030854896887744,8.979583809461905,8.92838102603543,8.877440454842656,8.82690707176437,8.776886249436428,8.727450302403616,8.67864393475703,8.630489586806757,8.582991842006862,8.53614027499149,8.489913572525063,8.44428296942629,8.399216720018737,8.354682099072573,,,,,,,,,,,,,,,,,,,,,,,,,,,,,,,,,,,1.1795715840175207
1988-06-30,9.513612353224225,9.56779281297942,9.561217458163318,9.54051897956501,9.522576286894793,9.512496601938647,9.511565616372847,9.51960773338536,9.535763711622623,9.558717990420545,9.586615693816528,9.616993747911453,9.647159513496474,9.67463952301962,9.69738420222642,9.713857051671681,9.72306298887883,9.724495786007973,9.718040596619172,9.703891044804504,9.682487232406341,9.654456813500643,9.62054587767911,9.581545091552842,9.538236262206272,9.491365333071686,9.441626477573312,9.389646367867623,9.335978034778561,9.281099059924468,9.225413559173194,9.169258522843265,9.112909613365135,9.056587634183659,9.000465226113297,8.944673770478067,8.889310545947849,8.834443811158383,8.780117110506211,8.726353599284991,8.67315968523138,8.620527739122563,8.56843990402683,8.516871333223982,8.465794538134302,8.41518082029542,,,,,,,,,,,,,,,,,,,,,,,,,,,,,,,,,,,0.0451056371963201
1988-07-31,10.131768350088974,9.919522426000555,9.799853697797362,9.740086249947613,9.70642929103119,9.685064505439897,9.671446121567788,9.664283325261822,9.663079386258353,9.667185249487721,9.675301955372895,9.685413030628682,9.695274995665876,9.702849737120983,9.70647347156072,9.704920096345294,9.69741279612201,9.683566593630879,9.663312938846866,9.636843411245469,9.604556990063658,9.567001907922295,9.524807642644754,9.47862091422673,9.429065388152464,9.376727359744216,9.32214701856369,9.265808480393451,9.208137271948075,9.149499802766321,9.090206239022525,9.030515849770392,8.970641484894331,8.910754237460768,8.850988541227698,8.791447805122834,8.732209903895376,8.673330834719865,8.614847700029506,8.556781506024205,8.499139462161454,8.441917280981418,8.385102146610107,8.328675593790795,8.272617107495014,8.26834579246477,,,,,,,,,,,,,,,,,,,,,,,,,,,,,,,,,,,-0.46458310060125285
1988-08-31,11.408201743895157,10.917094047970116,10.611261896536462,10.437640663020527,10.331408672253293,10.26209529582192,10.215454949603313,10.18420295759462,10.163796603238108,10.150886008519203,10.142463059654519,10.135577547006966,10.127641714074132,10.1166240819092,10.101055294833015,10.079991235881277,10.05295351696569,10.019825448490115,9.980756749859538,9.936099828252289,9.886356087480603,9.83212485961272,9.774048047594594,9.712763740622677,9.648879005934436,9.582960135648147,9.515524262651377,9.44703103149458,9.377881346804118,9.308417531838977,9.238926727579486,9.16964529915378,9.100762196118737,9.032422369231604,8.964730912469477,8.897758724230902,8.83154874509427,8.766120346444442,8.701473928509973,8.637595656768658,8.574460451018709,8.512035007951356,8.450281656110935,8.389161052048477,8.32863471443636,,,,,,,,,,,,,,,,,,,,,,,,,,,,,,,,,,,,-1.257315735375954
1988-09-30,10.869000371635487,10.281522473545149,9.995628840217524,9.884071543612166,9.842128204210697,9.829030337027708,9.828591700980416,9.834069497090434,9.842085046039747,9.850464587054606,9.857311489149575,9.86081149555845,9.859458447018271,9.852156560157983,9.838224770437845,9.817377286915022,9.789667535484645,9.755386999732872,9.714983610841939,9.669015552065947,9.618114507911164,9.562948004076953,9.50417514016355,9.442415716864936,9.378239969365424,9.312171651924938,9.244686236459213,9.176208417302973,9.107112953114568,9.037725115016014,8.968323163399145,8.89914089236323,8.830369608343137,8.76216017634977,8.694626348747159,8.627849381238969,8.561882754750382,8.496755725600067,8.432476647471786,8.369037208569978,8.306415257808615,8.244578318649328,8.183487227246445,8.123099926708392,8.063374421676475,,,,,,,,,,,,,,,,,,,,,,,,,,,,,,,,,,,,-1.0185357845808802
1988-10-31,11.251713642524344,10.614173156663101,10.20598038963823,9.996776584807234,9.874318012496847,9.793201661673109,9.735336283062983,9.692822325968892,9.66125303895851,9.637430549513876,9.618463238758933,9.601670877471575,9.584815847458056,9.566174234475499,9.54451767269552,9.51906542994368,9.489397481732347,9.455346078721856,9.416923649155137,9.374286431837685,9.3277050805767,9.277530477894656,9.22415438248107,9.167980469166073,9.109412897312447,9.048852088614215,8.986685406870233,8.923279649937774,8.85897663235262,8.79408817718697,8.72889300381072,8.66363344629506,8.598513330972146,8.533697182666545,8.469312150686177,8.405452137852624,8.34218241626266,8.279543106081027,8.217552712435364,8.156212518940595,8.09550944633351,8.035420211806429,7.975914992005232,7.916961320768244,7.858526391436541,,,,,,,,,,,,,,,,,,,,,,,,,,,,,,,,,,,,-1.6142830930104672
1988-11-30,12.178193488878863,11.565878126704147,11.222271386048009,11.009409564930435,10.854728370762876,10.732127220161642,10.631000797702338,10.545814471040035,10.472712293931313,10.408408406879776,10.349764576786876,10.293955014892882,10.23872481080909,10.182413978944743,10.123895779716383,10.062499923453329,9.997909969180643,9.930057724160333,9.859054161041698,9.785144278138391,9.708663782669706,9.629996006004541,9.549534997157139,9.467664332796465,9.384752628844653,9.301151429651286,9.217187528326349,9.133157881556809,9.049326701986807,8.965922697791589,8.883138599980407,8.801130423691122,8.720018055554599,8.639886829457271,8.560790724284109,8.48275733333362,8.405792046975128,8.32988173133181,8.254998857138279,8.181105372859601,8.108154843406517,8.036096141446198,7.964876176537849,7.894442920025067,7.824746559021075,,,,,,,,,,,,,,,,,,,,,,,,,,,,,,,,,,,,-1.7697850819990872
1988-12-31,12.216967706345665,11.508626891798258,11.124349373829496,10.872842911820312,10.689264795034296,10.54951118118965,10.441669587608066,10.358151429795162,10.293126111676372,10.241510262946711,10.198675172402952,10.160644313534076,10.124239282982582,10.087039735589624,10.047305072321075,10.003896729606472,9.956159824086393,9.90380205055418,9.846809662550797,9.785383042309707,9.719876094103585,9.650736784439239,9.578457092699963,9.503541157335365,9.426491441717898,9.347797856744974,9.267922763900588,9.187290568095372,9.10627967533286,9.025216511743624,8.944374472864682,8.863972844974729,8.784178958905526,8.70511230614764,8.62685097377667,8.549440206836586,8.472898133313942,8.397221510470057,8.32239164318521,8.24837874927054,8.175144509183117,8.102646391737931,8.030840285892475,7.959683158827317,7.889133692028733,,,,,,,,,,,,,,,,,,,,,,,,,,,,,,,,,,,,-1.9754574433989536
1989-01-31,11.849488600770028,11.054325247874804,10.647678209166592,10.40223005382624,10.230439623639155,10.101641875746102,10.002674244129448,9.92595023091833,9.86603104060005,9.818342827676547,9.77878821391338,9.743880250716389,9.710853472787406,9.677643588362356,9.642810670753649,9.605435193952214,9.564983081842442,9.521201107162813,9.474057921077241,9.423699191280981,9.370400412253668,9.314513636625305,9.256421793754066,9.196511837415214,9.135166590571355,9.072756301877616,9.00962654233313,8.9460908840865,8.882424895221066,8.818863067872739,8.75559916683788,8.692786395536057,8.630539779996708,8.568940230374793,8.508039926021945,8.447868266147905,8.388435676241066,8.32973744849654,8.271757505329644,8.214470967727369,8.157846185529065,8.101847732927897,8.046438532905116,7.991582238127981,7.88347039284252,,,,,,,,,,,,,,,,,,,,,,,,,,,,,,,,,,,,-2.031145773093481
1989-02-28,12.17742961665223,11.579721467515828,11.182897712139747,10.8970103655622,10.677819151478474,10.505917699840131,10.370688776230724,10.264622658738482,10.18146006677503,10.115452889273769,10.06124362447725,10.014175021510423,9.97046716408142,9.927207314281487,9.88226746829979,9.834198874977798,9.782101426384658,9.725516794201365,9.664348947310888,9.598788085571766,9.529234214006882,9.456220656224618,9.380347546914567,9.30223635363341,9.222503929569163,9.141740448605145,9.060488808632785,8.97923476878533,8.898399684643794,8.81833870818824,8.739342214515286,8.661636837323057,8.585388423010976,8.510706954999014,8.437654265967893,8.366252893657517,8.296492538564214,8.228337140888016,8.161732410090579,8.096610357758513,8.032893448967595,7.970500045921583,7.909348173919327,7.849359116456512,,,,,,,,,,,,,,,,,,,,,,,,,,,,,,,,,,,,,-2.061976727378461
1989-03-31,11.895825335922387,11.434343350579889,11.135895410248649,10.897657677480305,10.701838283440468,10.541831065246537,10.412431487782209,10.308752768914106,10.225965705571266,10.15917722956336,10.103611875096723,10.055029064211626,10.009951102439093,9.96569695055465,9.920324491098965,9.872528332531719,9.821504563540863,9.76683767784683,9.708416372047633,9.646361119336369,9.580958539908508,9.512599196664608,9.441730078485007,9.368825438726791,9.294368137621168,9.218828307891599,9.142644135929837,9.066211301848424,8.989874585449414,8.913925595203583,8.83860303157268,8.764093812766625,8.690536171713727,8.618024579528129,8.54661673501511,8.476340244337173,8.407197541716267,8.339171088138732,8.272228523827023,8.206325629636849,8.141410106717867,8.07742551530015,8.014314729939912,7.952022546523517,,,,,,,,,,,,,,,,,,,,,,,,,,,,,,,,,,,,,-1.736648106359027
1989-04-30,11.875666386220406,11.467357427467077,11.216923834407652,11.003817037964934,10.819533534054369,10.66365365825891,10.534367057240777,10.428387148330653,10.34162239197917,10.269623759889694,10.208038389032883,10.153021283659632,10.101429679231273,10.050837690708041,9.999477544143645,9.946138151368793,9.890043198345946,9.830761854668278,9.76814424359666,9.702261470720725,9.63334778204551,9.561745071798386,9.48785940717785,9.412135840590677,9.335040862239614,9.257039584079184,9.178575915129718,9.100059846823648,9.021856691674786,8.944282179480464,8.867598336159938,8.792011304436429,8.717671559038033,8.644678123845011,8.573086789882103,8.502917701645787,8.43416161536996,8.366786782618886,8.300745539335622,8.235977648389957,8.17241519888226,8.1099868231852,8.04862171626332,7.98825186435829,,,,,,,,,,,,,,,,,,,,,,,,,,,,,,,,,,,,,-1.6060426263307122
1989-05-31,13.136789279748488,12.562589683254233,12.046623418898484,11.63895321389183,11.322773402455498,11.078336520666786,10.890043800568444,10.74588044655277,10.635950168469195,10.551557238986158,10.485082356038351,10.430206804765504,10.381941315985738,10.336491074858104,10.291086963110661,10.243812582853018,10.193440114310825,10.13929120809413,10.081113104984611,10.018963919694231,9.953113546372862,9.883960047794845,9.81196860518511,9.737635332065029,9.661462400275715,9.583932650023298,9.505492130273955,9.426539541029205,9.347419471554927,9.268422034759142,9.189783025041033,9.111686584460577,9.034269561220787,8.957627084815607,8.88181943714211,8.806877664283718,8.7328086507884,8.659600757135065,8.587229012873694,8.5156578475481,8.44484550706678,8.37474724818096,8.305318589616858,8.236516603641588,,,,,,,,,,,,,,,,,,,,,,,,,,,,,,,,,,,,,-2.58523204076233
1989-06-30,12.5680448303911,12.194093586672903,11.839274581801769,11.508751187276612,11.231353483805538,11.008217522738299,10.832655626690464,10.696372579952406,10.59108952475806,10.508988000480034,10.443118374704248,10.387739373245399,10.33836546457342,10.291623494228542,10.245073369682043,10.197023375476268,10.146366537754787,10.092450992164833,10.03497497533369,9.973895148826582,9.909350167458827,9.841600937986206,9.770988228123748,9.697907230624986,9.622783426927121,9.546045029125935,9.468103951461128,9.389342590270598,9.310104712485384,9.230692084552576,9.151361055419027,9.072321993250409,8.993740602677576,8.91574174831575,8.838414786168373,8.76181846287959,8.685984722857745,8.61092330873171,8.536626178380956,8.463070747126274,8.390224709278316,8.318049746317207,8.246506159952958,8.175554255934884,,,,,,,,,,,,,,,,,,,,,,,,,,,,,,,,,,,,,-2.059056829911066
1989-07-31,12.03674427816515,11.64589021704667,11.184549949215212,10.81183221186668,10.53320467518281,10.328186451700882,10.1783103110453,10.069304945008579,9.99002848149572,9.931529879754205,9.8866715445474,9.849931396257723,9.81717273749547,9.785385900755932,9.752459140065968,9.716964398407454,9.677993374201392,9.635049052124913,9.58795996386588,9.536800050300148,9.481813821144552,9.423352899001925,9.36183294696712,9.297711050973755,9.231463999402342,9.163564331116584,9.09446476142525,9.024585191644347,8.954302547002857,8.883946015616923,8.813792289343052,8.744064422357392,8.674933493804637,8.606523719749992,8.538919705246947,8.472172330705577,8.406304138107046,8.341315434419949,8.277188976800089,8.213893639938949,8.151389523285607,8.089631819613434,8.028575227308194,8.091575271442766,,,,,,,,,,,,,,,,,,,,,,,,,,,,,,,,,,,,,-2.1052143984109453
1989-08-31,12.33970607923701,11.952565292214437,11.448213471708497,11.045317941583265,10.74720125508912,10.527492064057958,10.365315941819532,10.245495544249161,10.156448793392563,10.08893801799955,10.035745183547574,9.991425091000151,9.951953289450369,9.914391698523346,9.876629955536906,9.837188174724158,9.795081766280013,9.749727588921422,9.70086435981814,9.648476389760171,9.59272177291705,9.533871014844191,9.472265399762245,9.408292758610008,9.342362527798064,9.274880873970972,9.206235245885557,9.136781646574905,9.066836941457579,8.996675691241144,8.926527952201194,8.856580050520035,8.786977274337996,8.717828241849796,8.649210028050081,8.581172461580096,8.51374185813767,8.446925787251374,8.380716552282104,8.315094655233638,8.25003295240438,8.185500193382278,8.121464489509782,,,,,,,,,,,,,,,,,,,,,,,,,,,,,,,,,,,,,,-2.2507680612374603
1989-09-30,13.215909063715994,12.777675168428605,12.290754441764252,11.874449588198049,11.541098783529607,11.278362926686137,11.072523702791964,10.910877222817293,10.7823548057821,10.677629123915624,10.589271222510694,10.511683891420496,10.440823621167926,10.373844460469533,10.308759277312879,10.244184833914625,10.17917736928126,10.113129001210416,10.045694282158074,9.976730024259524,9.906242907593427,9.834344579488182,9.76122162430288,9.68711475443155,9.61229427941945,9.537037149644174,9.461611495741849,9.386263632435675,9.31121062810553,9.236636039157762,9.162687548822003,9.08947737057423,9.017085130332502,8.945562461980357,8.874937505713563,8.805218203785751,8.736395423524746,8.668446746692716,8.601338918121314,8.53503098560704,8.469477568579594,8.40463208291071,8.340449226201716,,,,,,,,,,,,,,,,,,,,,,,,,,,,,,,,,,,,,,-2.53827993980037
1989-10-31,13.674664838630715,12.745715031456179,12.070040942932863,11.59189958406691,11.250790171561118,11.004864741148475,10.826142587823243,10.694834963264103,10.596349793657874,10.51973162385339,10.457004279188498,10.402509855828239,10.352298303818028,10.303663627277155,10.254798380542788,10.204531435931687,10.152155179076816,10.097313369891408,10.0399129314019,9.980046782341368,9.9179250071892,9.853825179357667,9.788066389529302,9.72099327463149,9.65295490879727,9.584286742283583,9.515299039229568,9.446267288881739,9.377427876195124,9.308975968736688,9.241065996965002,9.1738141106876,9.10730204897835,9.041582816988038,8.976685663133269,8.912619946835022,8.849378954455316,8.78694335237698,8.725283357721652,8.664361831568682,8.604137076512053,8.544566307326564,8.485607658975681,,,,,,,,,,,,,,,,,,,,,,,,,,,,,,,,,,,,,,-3.1549332147773246
1989-11-30,14.036528454997546,13.225681952700388,12.572037511701884,12.08364327760434,11.722862961421269,11.453930571271378,11.251396599124456,11.096801932867516,10.976146571652597,10.878777729932459,10.796884722098074,10.724901313072861,10.658922117562087,10.59624244886062,10.534999800637804,10.473921395884465,10.412176872852697,10.349284516754985,10.285029133076558,10.219387141879798,10.152459562262505,10.084423007510873,10.015505541692418,9.945969908562736,9.876092022717533,9.806143974133388,9.736381334893094,9.667030344835128,9.598280729546321,9.5302821369285,9.46314545957846,9.39694664261861,9.331732340573621,9.267526034848748,9.204332001581813,9.142138031266372,9.080918589466698,9.020638194117934,8.96125331845077,8.902715236996631,8.844972424029951,8.787973987121031,8.73167101196922,,,,,,,,,,,,,,,,,,,,,,,,,,,,,,,,,,,,,,-3.157750725065087
1989-12-31,14.011499230348019,13.12080512727836,12.458290326934536,11.889035444703772,11.481007387493019,11.18380163731978,10.963989992044402,10.798348565207752,10.670324565076623,10.568079490882857,10.483257562843676,10.410008898268435,10.344234611276635,10.283061713384154,10.224463985165421,10.16700440027616,10.109683458238637,10.051842897037893,9.993085095024623,9.933203751818192,9.872125521838273,9.809867651203017,9.74651774568874,9.682216508489333,9.617137244410099,9.551470937051754,9.485414310242163,9.419158435497623,9.352881322778048,9.286741503933905,9.220875132375175,9.155394802132353,9.090390681848262,9.02593017696623,8.962060121951486,8.89880955866166,8.836191178791458,8.774202338527596,8.712827417068974,8.652041336298602,8.591812767330625,8.532108656032282,8.472895597590831,,,,,,,,,,,,,,,,,,,,,,,,,,,,,,,,,,,,,,-3.4434197394651616
1990-01-31,,13.559833792656109,12.937666827452583,12.46462890532527,12.10101132938493,11.821104747307245,11.605486383868094,11.438821674177053,11.308563253568403,11.20464880918821,11.119282959932558,11.046542650312611,10.981960945243731,10.922188419687464,10.864725633337287,10.807742791310115,10.749959157437244,10.690549955976376,10.629055516734804,10.56528751746915,10.499236713109518,10.431010019268653,10.360797042113408,10.28884226354823,10.21541740626666,10.14080278919226,10.065272821286792,9.989085242673935,9.912475085028351,9.835649292794075,9.758784559853025,9.682027394620704,9.605495839615735,9.5292803288997,9.453447003447645,9.378040988813646,9.303088413072288,9.228598243389232,9.154565311596402,9.080974282579088,9.00780330564486,8.935028417925253,8.662002626576568,,,,,,,,,,,,,,,,,,,,,,,,,,,,,,,,,,,,,,
1990-02-28,,13.710184920294498,13.251850180444572,12.865682935641216,12.55238403648592,12.303571777407095,12.107546801819526,11.952675191719072,11.828381664097485,11.725998485458003,11.63887671627885,11.562052602169002,11.491863345238691,11.425634800978075,11.36142535289525,11.29784665254694,11.233941791684353,11.16909065731516,11.10292767991292,11.035267404144502,10.966042377129805,10.89526515419683,10.823010979252574,10.749399137244934,10.674575111208856,10.598699027834805,10.52193593799824,10.444447554468697,10.366386434626246,10.28789131563783,10.209084734377996,10.130072445546949,10.050943059780638,9.971767441377338,9.892600843042793,9.813484881062521,9.734448271478668,9.65550790952529,9.576671320588149,9.497939585005899,9.419309769887015,9.34077728960643,,,,,,,,,,,,,,,,,,,,,,,,,,,,,,,,,,,,,,,
1990-03-31,,14.088371125208448,13.723558525635598,13.391360263883097,13.115596014390103,12.895925208818625,12.723592825072798,12.588047042259864,12.479340296771829,12.389263308735663,12.311468372817764,12.241186446462015,12.174908650139864,12.1101170801719,12.04505395237265,11.978549666974141,11.909895232416012,11.838744805548925,11.76502912483218,11.68886641922629,11.61048345801309,11.53016617547131,11.448235891572184,11.365021191426756,11.28084296356668,11.196002942754031,11.110772058384264,11.025386626217195,10.940046340551838,10.854914036671966,10.770117507464601,10.68575230052889,10.601885830592522,10.518561889863255,10.435804066484883,10.353619030269506,10.272000594825482,10.190932229439902,10.110389902387062,10.030344997251529,9.95076711901393,9.871626264205341,,,,,,,,,,,,,,,,,,,,,,,,,,,,,,,,,,,,,,,
1990-04-30,,14.3112847088894,14.004931811017316,13.724548202920717,13.494280178145093,13.314852492158893,13.17856947679583,13.075367883243082,12.99565368579548,12.931621921705098,12.877287401843658,12.828139578421172,12.780819561452764,12.732873514279587,12.682557651669665,12.628694087670638,12.570556963053122,12.507777901437386,12.440262156689815,12.368108946786474,12.291544906855345,12.210883486261908,12.12650181251382,12.038801762632852,11.948192718088057,11.855083657862334,11.759859350235502,11.662874371428511,11.564448108974236,11.464861809194522,11.364357880814836,11.26314168862106,11.161383021079786,11.05921919658895,10.956759598957964,10.854089280320888,10.751271541411217,10.648350779897791,10.545356529196807,10.442307087925894,10.339213775728476,10.23608365384397,,,,,,,,,,,,,,,,,,,,,,,,,,,,,,,,,,,,,,,
1990-05-31,,13.658960592511594,13.101196733511157,12.68904547578978,12.394706489498452,12.189059422817209,12.047910428122846,11.95203412218566,11.88669482932093,11.841096417919392,11.807393378944123,11.779850200138524,11.754280801893803,11.72767913398027,11.697952379993177,11.663731930436445,11.624227427076509,11.579098202270218,11.528338206645271,11.472167663726694,11.410945999750512,11.345122665837229,11.275204434409584,11.20170735745399,11.125143319535937,11.046008920725704,10.96475895058649,10.881804508661087,10.79750773609982,10.712180252812704,10.626083792188625,10.53943386502116,10.452404040136567,10.365131270382246,10.277721108743249,10.190252198421778,10.102780135450853,10.01534089008038,9.927955265156934,9.840632733950521,9.753376434873287,9.666185589829022,,,,,,,,,,,,,,,,,,,,,,,,,,,,,,,,,,,,,,,
1990-06-30,,13.159311624532128,12.606166516783778,12.227885408890153,11.963198737557796,11.777423505627654,11.647390610076092,11.555757774145855,11.489634695914752,11.439744685706398,11.399451729276223,11.363977865969225,11.329905162681738,11.294852164516097,11.25723383831831,11.216082056287394,11.170906544579392,11.121576727975205,11.068214137366361,11.011092520260794,10.950565691603689,10.88703513131608,10.820926214084597,10.752657140974078,10.682634497951563,10.611243417906934,10.538829982666151,10.465700202456668,10.392115520834905,10.318293131895416,10.244408291136567,10.17059847084609,10.096968080036447,10.023593165452123,9.950525508055271,9.877796658794324,9.805421479704949,9.733401011723045,9.66172637731613,9.590381983607617,9.519349622135492,9.448609816345009,,,,,,,,,,,,,,,,,,,,,,,,,,,,,,,,,,,,,,,
1990-07-31,13.816087378868284,12.955317539144048,12.43139107570334,12.09713357522674,11.87566918866411,11.728793531357596,11.632584089804805,11.569809437857003,11.528171391157999,11.499108485887342,11.476606507578392,11.456365993218435,11.435317205812707,11.411313383057339,11.38292413128234,11.349302450758993,11.310073913136572,11.26522413848413,11.214991144419914,11.159765107541135,11.100017554896308,11.036269997459675,10.969061910507184,10.898918662485281,10.826349310888943,10.751831060141178,10.675792334817904,10.598612230494165,10.5206159078432,10.442075423678256,10.3632126136289,10.28420397309231,10.205186243189315,10.126262089752672,10.047505054921837,9.968964347752227,9.890668779471756,9.81263042544242,9.734849154776317,9.657316618685396,9.58002092549838,9.41521164492732,,,,,,,,,,,,,,,,,,,,,,,,,,,,,,,,,,,,,,,-2.3169788929809414
1990-08-31,13.502328584557151,12.669740225040451,12.149977398042068,11.841346249672275,11.665675666841327,11.575297701085178,11.539017897208506,11.535434078999861,11.550034949947172,11.57299765314825,11.597611918467567,11.619310566501847,11.635114603720762,11.64321030191517,11.642614777618938,11.632940559704386,11.614223195420852,11.586789856545332,11.551152022620105,11.50792523836555,11.457777605879501,11.401404827090685,11.339494712087747,11.272702891953346,11.201654940788758,11.126930542598025,11.04905153987779,10.968483243732736,10.885634245684324,10.800858482012497,10.714459890471415,10.626697079991064,10.537786712647943,10.447909241140625,10.357213793764712,10.265820956396714,10.173825777232114,10.0813020002243,9.988306441362088,9.894883522902186,9.801069687633147,,,,,,,,,,,,,,,,,,,,,,,,,,,,,,,,,,,,,,,,-1.9293309314089022
1990-09-30,13.576478997617162,12.837362487957837,12.342084095877764,12.034271130214035,11.85035858927181,11.74868497939434,11.700409066614293,11.68493095075406,11.688092842026284,11.7003188676935,11.71507560590476,11.727902455576157,11.735853114363104,11.737077042432782,11.730510578374522,11.715664749341517,11.69246936753297,11.661150661933606,11.622126399773187,11.575926300503848,11.523141911867434,11.46439996741247,11.400323479054187,11.331512609487289,11.258544726290927,11.181956048960192,11.102233389367711,11.019814735776807,10.935088932205751,10.84839910531245,10.760044773634029,10.670280808729888,10.579323210122098,10.487354813881394,10.394528932510433,10.30096936711348,10.20677286379718,10.112014334319024,10.01675191989339,9.92103185051157,9.824892335758774,,,,,,,,,,,,,,,,,,,,,,,,,,,,,,,,,,,,,,,,-1.8761601299236617
1990-10-31,12.378994559251746,11.392419707456122,11.139773653127362,11.006667920315445,10.942806066590627,10.923344337506956,10.931715559987706,10.95607859339195,10.988410991504946,11.023313709620073,11.057116245481797,11.087376433038534,11.112534384235062,11.131621217564701,11.144082816353412,11.149674788207912,11.148383265978294,11.140358044563587,11.12585332361941,11.105187208720663,11.078721818756987,11.046850394646428,11.009974290599361,10.96849386186885,10.922805695978752,10.873291689917817,10.82031552051899,10.764220588943287,10.705327428582569,10.64393452913199,10.580314221216524,10.514708657973225,10.447333768477566,10.378383065028416,10.308028332195569,10.23641634358155,10.163670609304376,10.089895175477476,10.015178006678124,9.939594796877348,9.863211635089634,,,,,,,,,,,,,,,,,,,,,,,,,,,,,,,,,,,,,,,,-1.355680849631673
1990-11-30,,11.040847363893933,10.832467810440034,10.70081939841882,10.627880946318978,10.598833037071866,10.597772508415838,10.611409871778616,10.630584718572111,10.649446528614108,10.66453252781182,10.674114471952,10.67760296672785,10.675018097254906,10.666671346803573,10.653002753059134,10.634493683004795,10.611612440095898,10.584785345729065,10.554395486332169,10.520797086713989,10.484323609035227,10.445284269020856,10.40396649842228,10.360638275747117,10.315546311373573,10.268916941906863,10.220955329210982,10.171847563104963,10.121762877114978,10.070850536193275,10.019239521294203,9.967041458709364,9.914353083489921,9.861256204871575,9.807816112346039,9.754083276275493,9.700095935052396,9.645882543128316,9.59146520792175,9.536861458890113,,,,,,,,,,,,,,,,,,,,,,,,,,,,,,,,,,,,,,,,
1990-12-31,,11.430047702210272,11.183117694824553,11.024742122724398,10.932263469068909,10.884301196911421,10.862295687771006,10.853249318487808,10.849295992080508,10.845807067687087,10.84011987417837,10.830815449763044,10.817220053227096,10.799084485059467,10.776430247183734,10.74945719683892,10.71846864449543,10.683809612986193,10.645826229837509,10.604850743170102,10.56120327470339,10.515189932123269,10.467095611053365,10.417186216070542,10.3657093908784,10.312892119880692,10.258941566423893,10.204044627111301,10.148370484779578,10.092071861079743,10.035280949036364,9.978109879926429,9.920653703843065,9.862992686617288,9.805191408684818,9.7472973780415,9.689343250476469,9.6313499498875,9.573329614524795,9.515289534813924,9.457233625739981,,,,,,,,,,,,,,,,,,,,,,,,,,,,,,,,,,,,,,,,
1991-01-31,,11.54482407246259,11.096170422617513,10.80084884577895,10.608208815072059,10.481255865654056,10.394463766116308,10.331394002476934,10.281879604256837,10.239750365403518,10.201385586542905,10.164798359784829,10.128942406137295,10.09327413468394,10.057536478349475,10.021635179389017,9.985555967310644,9.949306112077979,9.912890687930505,9.876311903376166,9.839579060910612,9.80271003692169,9.765729092761282,9.72866547498085,9.691552320457962,9.654425722174183,9.617322998419793,9.580280680716191,9.543334981784342,9.506521731088245,9.46987204116402,9.433411678253542,9.397161860341223,9.36113960611912,9.325355566538823,9.289812624024085,9.254507030610858,9.21942992604214,9.184569143237637,9.149911562994003,9.368510500535656,,,,,,,,,,,,,,,,,,,,,,,,,,,,,,,,,,,,,,,,
1991-02-28,,10.627461799882102,10.289116066736165,10.099176905146546,10.001398684854289,9.96068912297656,9.952605678625105,9.961536945519045,9.977912724285288,9.995914001758102,10.012154533413652,10.024855668504081,10.03315190600716,10.036669996298771,10.035346756853851,10.029309092996582,10.018785654276874,10.004043649650573,9.985364441849853,9.96304517725603,9.93740403841899,9.908762222653136,9.877428795681508,9.843701187902708,9.807859507584752,9.77016200304745,9.730845772763324,9.69012760911894,9.648207779590088,9.605269403142703,9.561472695818598,9.516956866092036,9.47184329269688,9.426237213098887,9.38022468607789,9.333872118592845,9.28722942530757,9.24033340775712,9.193211373547834,9.145884759295964,,,,,,,,,,,,,,,,,,,,,,,,,,,,,,,,,,,,,,,,,
1991-03-31,,10.440041763068042,10.137797235197878,9.990786992397467,9.933311269751508,9.924320517358149,9.93825021413734,9.960507935207188,9.983115392321883,10.00193781392428,10.015177331246749,10.02243408213454,10.023964665513557,10.020268216777994,10.011921482480203,9.999487603290094,9.983463345255638,9.964249305517702,9.942164566151417,9.917483198486583,9.890458300033323,9.861320851402125,9.830279572941137,9.797525223154409,9.763233624733054,9.72756816235951,9.690682027057347,9.652720168895655,9.61382299209868,9.574123800400523,9.533741828733637,9.492783408316726,9.451343909545065,9.409507681147854,9.367343440909014,9.32490401165019,9.282229055391728,9.239347732062965,9.196281909680636,9.153048777678539,,,,,,,,,,,,,,,,,,,,,,,,,,,,,,,,,,,,,,,,,
1991-04-30,10.753260144743521,10.272083760270894,10.060142596196519,9.97876172601194,9.968148373417389,9.991981192051684,10.028429400476364,10.066148829712631,10.099548924008111,10.12603388281346,10.144716413058104,10.15567329992662,10.159396430083378,10.156523205575777,10.147740258668787,10.133727371039985,10.115117029249532,10.092468632301596,10.066274707060222,10.036985799637936,10.005022133267799,9.970761626597707,9.934540357013397,9.896659542499028,9.857386123319877,9.816956143937707,9.775579007011007,9.733441597279722,9.690712502301288,9.647539409562471,9.604046755174194,9.560338914521298,9.516503204946721,9.472610436982045,9.4287122771044,9.384842660865186,9.3410214394115,9.297257737334457,9.253554405408382,9.20991083684559,,,,,,,,,,,,,,,,,,,,,,,,,,,,,,,,,,,,,,,,,-0.6272262619300619
1991-05-31,10.396016634506818,10.082137269808038,9.948743699366641,9.919376615934793,9.946616308914432,9.999085043051318,10.05866641734775,10.116440891971132,10.168163664846928,10.211922499700457,10.247095999692005,10.273741782330534,10.292195819894191,10.302928598721886,10.306493671608047,10.303484470214524,10.294493403009431,10.280083345126954,10.260787386855652,10.23712731948124,10.209611649631182,10.178712157137452,10.144863714411484,10.108467178615955,10.069883064577919,10.029433722214826,9.987405199013939,9.944051729845517,9.899599085367164,9.854242321002005,9.808146972082847,9.761453508864397,9.714281029050465,9.666727813618992,9.618869889471178,9.570763530149284,9.522448992541117,9.473954027145515,9.425298898988311,9.37649886675968,,,,,,,,,,,,,,,,,,,,,,,,,,,,,,,,,,,,,,,,,-0.1840941348063616
1991-06-30,10.34739242874585,10.069315784081935,9.983182395481911,10.001963785686133,10.069954825322046,10.151643337501469,10.229105108956292,10.295124569932184,10.347359860186906,10.38563765001376,10.410867747878083,10.424416690396948,10.427726004452722,10.422211022909845,10.409223258476297,10.390008912582479,10.365668547407656,10.33713809212187,10.30519917159151,10.270507399230443,10.233613956457893,10.19497878941476,10.154988257655372,10.11396877673038,10.072195466373657,10.029900138883797,9.987276618463376,9.944486648916868,9.901663740364885,9.858914300505598,9.816320667671608,9.773944841248824,9.731831489906321,9.690009427240698,9.648492571931655,9.607282307080474,9.566370839124978,9.525744111329097,9.485385686211785,9.445278027621745,,,,,,,,,,,,,,,,,,,,,,,,,,,,,,,,,,,,,,,,,0.03824522126790875
1991-07-31,10.160783492868578,9.977844408672404,9.886391379542673,9.88099415976075,9.91825898139041,9.967757153193533,10.014329756404553,10.051910085961547,10.078562777279659,10.094302136424185,10.10014292846805,10.097469701360696,10.087681816769303,10.072098523383541,10.051920222479543,10.028202593804876,10.001830356973443,9.973516847177498,9.943825588955109,9.913201805690447,9.88199485989674,9.850475389308233,9.818851886431037,9.787284872886918,9.755898209430482,9.724787432584735,9.694026674993673,9.663673354956105,9.633771779094463,9.604353213033136,9.575437241291016,9.547033585539781,9.519143478591333,9.491759847621251,9.464867613545875,9.438445206881214,9.412466649555153,9.38690359851889,9.361727945708639,9.308870731268794,,,,,,,,,,,,,,,,,,,,,,,,,,,,,,,,,,,,,,,,,-0.06648135644439357
1991-08-31,9.97270731233339,9.744241354451098,9.672112913802321,9.676042189227548,9.710678728842474,9.752049395607427,9.78974184861686,9.819843737532596,9.841168212771139,9.853858725669781,9.858757511817593,9.856888694551971,9.849226568815425,9.836686623226667,9.820120353751063,9.800294781437472,9.777864551052247,9.753373371168614,9.727276473756769,9.699965643756572,9.671775648842607,9.642989008728605,9.613846307787313,9.584551281293713,9.55527462094562,9.526157802673264,9.497316073783134,9.468842367811124,9.440808905759072,9.413268120291114,9.386255416049215,9.359791829127701,9.333886014786982,9.308535023088199,9.283725387612902,9.259435297397244,9.235637073874141,9.212300012728349,9.189393292867335,,,,,,,,,,,,,,,,,,,,,,,,,,,,,,,,,,,,,,,,,,-0.1188485866636082
1991-09-30,9.586835889736909,9.36605060068015,9.292077135120726,9.305101488914461,9.352111055373854,9.404399037458331,9.450467079216525,9.486593943647465,9.512101470138749,9.52764349504814,9.534460755219587,9.533865325776803,9.527041236024992,9.515042758210168,9.498805893736941,9.479152147993867,9.456781782272387,9.432283343101735,9.40615552536495,9.378827762222368,9.350658743109117,9.321940945354033,9.292913343124699,9.263765445166287,9.234642707204852,9.205656120414291,9.176889651584826,9.148405688535457,9.120249609929665,9.09245285610982,9.065035193705457,9.038006539708599,9.011368461733579,8.985115435203634,8.959235890991724,8.933713375432262,8.908527744589765,8.883657300452619,8.859080536990177,,,,,,,,,,,,,,,,,,,,,,,,,,,,,,,,,,,,,,,,,,-0.059192394688768246
1991-10-31,9.719946056882566,9.473617476579872,9.395424825859086,9.41435820450536,9.464352006526823,9.514847144658342,9.556088053824258,9.585880746245353,9.604595630340253,9.613636295994281,9.614757213677958,9.609604235877379,9.599568091122311,9.585803266297342,9.56924769693129,9.550634976961678,9.53051094086715,9.50927297620559,9.487216574540142,9.464567297101635,9.441494471621855,9.418122376674965,9.39454078996282,9.370815525919703,9.346995568424479,9.323120471101722,9.299224582589,9.275340921232617,9.251500831625973,9.227731431976016,9.204056066777289,9.180494874777704,9.157064169205237,9.133774233526585,9.11062943143702,9.08762904510695,9.064768193959893,9.042039790167273,9.019435756401364,,,,,,,,,,,,,,,,,,,,,,,,,,,,,,,,,,,,,,,,,,-0.10630976088828525
1991-11-30,9.94535140596847,9.718565601564903,9.645072469015211,9.667463952045555,9.718229838454743,9.766690368458585,9.803627353790343,9.827422978164648,9.838992929409919,9.840172046494136,9.832989309281855,9.819265115858881,9.80052452148428,9.778032758703679,9.752829903482164,9.725749126093378,9.697434108933393,9.668371629484644,9.638934233222518,9.609408363387598,9.580005971643878,9.550878735437772,9.522131502403795,9.493833108192453,9.466025520049218,9.438734317682016,9.411974150853185,9.385753641157397,9.360076257305094,9.334939925222198,9.310337864362097,9.286259295610618,9.262689365079538,9.239608574482244,9.216993322262962,9.19481695161407,9.173050873873208,9.15166670818393,9.130637112097821,,,,,,,,,,,,,,,,,,,,,,,,,,,,,,,,,,,,,,,,,,-0.10517935947433443
1991-12-31,10.365862046803151,10.02203069289062,9.845512218448503,9.810212254642545,9.823208943692691,9.841768664968363,9.852361487647585,9.851567352276607,9.839609827835602,9.818197546068099,9.789488041448392,9.755519171713443,9.718036077056187,9.678471721027625,9.637962746870365,9.597362521813666,9.557278176908827,9.518125153726665,9.48018047040748,9.44361647614335,9.408523869073235,9.374930030279023,9.342816420891575,9.312135189445444,9.28282050337338,9.254801016858192,9.228004471664589,9.202363093237071,9.177813056074985,9.15429294368896,9.1317433396491,9.110106493372179,9.089325764120314,9.069345101131017,9.050109200748516,9.03156442134165,9.013659467949568,8.996346558939868,8.979581431864187,,,,,,,,,,,,,,,,,,,,,,,,,,,,,,,,,,,,,,,,,,-0.5476645007350527
1992-01-31,10.081342904954202,9.41790189447939,9.308533956851113,9.327189603962891,9.374896940708528,9.41837900099562,9.449055025141076,9.465614946604802,9.469224196686486,9.462001450798825,9.446212964313963,9.42388258502522,9.396744524883518,9.366252120145168,9.333584949795174,9.29964896491773,9.265115014635082,9.230477087022553,9.196107922725355,9.162286125237085,9.129210743833964,9.097018287896908,9.06579564450143,9.035589682193843,9.006418104385705,8.978279540196441,8.951159004056413,8.92503358054054,8.89987450658287,8.875648080268167,8.852316456802138,8.829838310867713,8.808169489915336,8.787263537919124,8.767072326877086,8.747547030759856,8.728639510400395,8.710304348346229,8.765917641740124,,,,,,,,,,,,,,,,,,,,,,,,,,,,,,,,,,,,,,,,,,-0.6193414541553768
1992-02-29,9.565342387199003,9.190841953636083,9.147005646212216,9.195025856006268,9.247913486220503,9.285189378244063,9.305466214160234,9.31123020526946,9.305691341691025,9.291982156883485,9.27269900391986,9.249783178052853,9.224664736215997,9.19839336945164,9.171720675090699,9.14514673425638,9.118979333143269,9.093398922554629,9.068510763223134,9.044366619537088,9.02097647869515,8.998318447528389,8.976350703747274,8.955020858604845,8.934275124454672,8.914065875353835,8.894354616797564,8.875114182965662,8.856323091489829,8.837963663908452,8.820021409441223,8.802484013787009,8.78533815962362,8.76856802365829,8.752155399135436,8.736079795747441,8.720319626960494,8.704853626172412,8.689660980329613,8.67472147322432,,,,,,,,,,,,,,,,,,,,,,,,,,,,,,,,,,,,,,,,,-0.27336023031551804
1992-03-31,10.320491663133563,10.04028159606481,10.005286881078776,10.02606265893383,10.044866949638863,10.050414714090556,10.042772593174673,10.024060960261469,9.99677685518198,9.963323075279806,9.925657354182393,9.8852336066859,9.843145229234175,9.800243377086831,9.757198722735685,9.714518913863547,9.672573330779553,9.631631581282262,9.591895917346559,9.553510919896063,9.516572023181585,9.481136408676953,9.447231235208967,9.414860126088302,9.384010088983606,9.354656424196754,9.326765695750106,9.300297316889214,9.275203691775198,9.251431236544928,9.22892134531137,9.207611202886634,9.187434525999143,9.16832219304088,9.150203747832245,9.133009091197772,9.11667074121144,9.101125554515995,9.086314352802457,9.072181928043456,,,,,,,,,,,,,,,,,,,,,,,,,,,,,,,,,,,,,,,,,-0.3571685878537565
1992-04-30,9.737743333743275,9.353862854899523,9.262604846714742,9.256900374806643,9.265144242168574,9.269247016188778,9.265547692710028,9.254188486566267,9.236553633956778,9.21432215045553,9.188922907251191,9.16143451248316,9.13269253681707,9.103368684747553,9.07400042753265,9.044995109804187,9.016653277582762,8.989205656092754,8.962835705538614,8.93767423301057,8.913803747423586,8.891268212034728,8.87007720792156,8.8502122780105,8.831637915841558,8.81430773121109,8.798167231675803,8.783158505234793,8.769223333771185,8.756303430625973,8.744340463549102,8.733276676108076,8.723056346039517,8.71362585273336,8.70493288789208,8.696926109075111,8.689556592708625,8.682778593168983,8.67654919967381,8.670828388301441,8.665579661089513,8.660769894702321,8.656368969430407,8.652349435043336,8.648686214307238,8.645356345050404,8.642338755156665,8.63961406568462,8.637164418094684,8.634973322208921,,,,,,,,,,,,,,,,,,,,,,,,,,,,,,,-0.5234211832877449
1992-05-31,9.30058683423207,9.014013733912495,8.96087751660494,8.973356113929805,8.991213297192779,9.001198977912006,9.001250787901482,8.99234614395089,8.976408937315874,8.955431599973357,8.931038511697912,8.904444342538833,8.876566003767573,8.848110029711378,8.819606320834817,8.791429031373424,8.76383907318826,8.73703481408541,8.71117397426074,8.686370467784052,8.662700480456955,8.640210068715303,8.618919118899207,8.598826941171174,8.579919475771755,8.562173061651574,8.545557016446047,8.53003667315552,8.515574935182054,8.502132717843644,8.489669267937527,8.478142397010922,8.467508651265431,8.457723297771206,8.448739460067763,8.440508366092471,8.432981934822504,8.426113767938348,8.419858999771483,8.414174956688042,8.409022314240888,8.40436502627177,8.400170128072958,8.396407431938172,8.393049218890683,8.390069970343143,8.387446134013617,8.385155919102091,8.383179116547424,8.381496940853467,,,,,,,,,,,,,,,,,,,,,,,,,,,,,,,-0.3451552342587121
1992-06-30,9.217857115095379,9.037279951421047,9.062778227510174,9.111792853543985,9.144182539866442,9.160334245830532,9.164065422238957,9.15852721800873,9.146304058292001,9.129454579820724,9.109454855104888,9.087332502673716,9.063843626750618,9.039579144124597,9.014984426317442,8.990360284140152,8.965895458670389,8.94171722605857,8.917918675104147,8.894569989933991,8.87172441551945,8.849424458699476,8.8277087567295,8.806612705877182,8.78616657571098,8.76639551698387,8.747318255733983,8.728944646981914,8.711275983238613,8.694306394751246,8.67802392134826,8.66241026894903,8.647440333410405,8.633083200543934,8.619303593657577,8.606063507062043,8.59332486163889,8.581050237096273,8.569202905644262,8.557748243273995,8.546655218794035,8.53589610339304,8.525445992946633,8.515282471598653,8.505385335269711,8.495736351246684,8.486319048462896,8.477118533993277,8.468121332019507,8.459315242119343,,,,,,,,,,,,,,,,,,,,,,,,,,,,,,,-0.08840253527465514
1992-07-31,,9.490748446326199,9.50763426493878,9.530847835426856,9.53510204320792,9.523167435614965,9.499167128891335,9.46658231845327,9.428410578204245,9.387079195213804,9.344365130028587,9.301531122910538,9.259447186607833,9.21866059931516,9.179435588116602,9.141829226583548,9.105778677008889,9.071171392271467,9.037878618542567,9.005773000010583,8.974730672449734,8.944642179975382,8.915424715750397,8.887020378935954,8.859393960464208,8.832529459326663,8.806424950886559,8.781083109960505,8.756508423862927,8.73270687382338,8.709685184668036,8.687446412502243,8.66598701800014,8.645297575905648,8.625363579584274,8.606166496833234,8.587685012656427,8.56989553876305,8.552772454303618,8.536287944959097,8.520412058912509,8.505114344657112,8.490365419018323,8.476136997906083,8.462401774194808,8.449133311531602,8.436305951700863,8.423894733568309,8.411875321950236,8.400223945018471,,,,,,,,,,,,,,,,,,,,,,,,,,,,,,,
1992-08-31,10.064127023045438,9.842507529882592,9.839540339186497,9.860751405965887,9.86771056100539,9.861174301887589,9.844035908861935,9.81877610007802,9.787551890568116,9.752030653134861,9.713337108783117,9.672252113270531,9.629386455374817,9.585264459497917,9.540331217505498,9.494954493887631,9.449451944342432,9.404119486315922,9.359223873530045,9.314994818420399,9.27163188419019,9.229304739578701,9.188153389335492,9.148291651715889,9.109810003177955,9.072778454357415,9.037246405714557,9.003243349191914,8.97078184669925,8.939860350482993,8.91046521785946,8.882571163055026,8.856142217362116,8.831133740783882,8.807494539763224,8.785169292816324,8.764100978179757,8.744231351749415,8.72550116578157,8.707850623476029,8.691219894366917,8.675551186049177,8.66079007315307,8.646885212923811,8.633788002708792,8.621452282120392,8.609834073220554,8.598891353182283,8.588583854788524,8.575972892147213,,,,,,,,,,,,,,,,,,,,,,,,,,,,,,,-0.3120963699105772
1992-09-30,7.979593805577051,7.836199588670828,7.971604343029,8.119169556317447,8.240371440740605,8.336378437940345,8.41271171554704,8.47491950928666,8.52779809891102,8.574864146176107,8.618391412423009,8.659788238818045,8.699944478643172,8.739427600483795,8.778535592650993,8.817348543268833,8.855817184689098,8.89383309206406,8.93125193180706,8.967903317632935,9.00359870490008,9.038146020996454,9.071359161597917,9.103072001365069,9.133145918410229,9.161471589053857,9.187973436404274,9.212606546722167,9.23535160055806,9.25621060713842,9.27520347544201,9.292365258329838,9.30774375023117,9.321395891163052,9.33338432514442,9.343775248364448,9.352636855767686,9.36003898602216,9.36605290879152,9.370751137323973,9.374206651279616,9.376489706503236,9.377666489585806,9.377799521232465,9.37694806358315,9.375168474404479,9.372514516065639,9.369037625892263,9.364787153415802,,,,,,,,,,,,,,,,,,,,,,,,,,,,,,,,0.5952703405990567
1992-10-31,6.497219812870022,6.332631178508843,6.534198473774758,6.73262106541917,6.899533117196005,7.041468068250023,7.165682450588377,7.277748484391999,7.381783183834405,7.480331122682948,7.574691869224861,7.665452393450689,7.7529328913456785,7.837379033578329,7.918927344677268,7.997573944359819,8.07324205591327,8.14584544605469,8.215313815590761,8.281596504370677,8.344663051411315,8.404519101318803,8.461208449958207,8.51480973016967,8.56543209737152,8.613212143491864,8.65830095745416,8.700852269840452,8.74102131282194,8.778964494161505,8.81483555242367,8.848777067124416,8.880919662694705,8.91138269780405,8.94027499374251,8.967695997828468,8.993736892821692,9.018481689172683,9.042008710715363,9.064392637885934,9.08570475570459,9.106011589754111,9.125374825539962,9.143851848088524,9.161496219778067,9.17835809584403,9.194484586840982,9.209920075796896,9.224706496532187,,,,,,,,,,,,,,,,,,,,,,,,,,,,,,,,0.9831113098129256
1992-11-30,6.6002557122326975,6.5220227354595455,6.751621388303527,6.982012962355662,7.179370805522815,7.347105247537793,7.491930256955859,7.620085157003713,7.736637257797647,7.844986217199673,7.94708135912018,8.043928311892179,8.13604801690477,8.223714673761034,8.30702567155491,8.385955970232091,8.460454141054683,8.530493806037084,8.596083614237875,8.65726234453342,8.714097053458126,8.766691375743617,8.815182393418008,8.859734787522925,8.900535881927327,8.937790459664003,8.971706898149183,9.002489883446929,9.03034076266787,9.055457918256062,9.078032733185058,9.098242964040116,9.116253263608401,9.132216237864602,9.146273371971159,9.158555262225796,9.169182497106695,9.178266950870853,9.185912732735021,9.192216864717691,9.197269523395377,9.201153545210722,9.203944956903234,9.205713747376347,9.2065245385681,9.206437168816942,9.2055072017553,9.203786371591464,9.201322973867141,,,,,,,,,,,,,,,,,,,,,,,,,,,,,,,,1.2447305049669755
1992-12-31,6.404236615806067,6.412699007474271,6.5854703275169975,6.768396215342717,6.9326064372520095,7.077494876848074,7.206727726250548,7.324412312071129,7.4339686787034145,7.537549669807381,7.6361822241177695,7.730249288448044,7.819906809441832,7.9052346779232625,7.986224503717917,8.06280300798527,8.134916944205838,8.20257234686428,8.265837470987456,8.324830488727972,8.379712364377648,8.430685923056068,8.477986617721083,8.521870200666077,8.562608092255514,8.600482074458691,8.63576316453206,8.66870553834099,8.699549274382411,8.728522002047868,8.755831602542134,8.781658696592162,8.806159298228302,8.829467325577687,8.851697561000313,8.872948902260845,8.893306688658877,8.912844570186017,8.93162706413638,8.949711868527519,8.967150863374476,8.983990874838769,9.000274273924315,9.016039482753678,9.031321413332675,9.046151849084797,9.060559777679115,9.074571682254714,9.08821179698495,,,,,,,,,,,,,,,,,,,,,,,,,,,,,,,,1.1333130540013148
1993-01-31,5.654473193505735,5.647762935346628,5.815283268059165,6.0336727954867095,6.25846922801985,6.47399057906298,6.6755777522806925,6.863232223967558,7.038491003188747,7.202868449240077,7.357381081662379,7.502595336750087,7.638926660979487,7.7667849063612575,7.886535401441366,7.998497972541277,8.103002359616005,8.20039192632155,8.291006526015064,8.37518132977716,8.453245089205934,8.525518830057656,8.592321875437056,8.653974832876653,8.710802681417599,8.763135901146175,8.811293992667316,8.855582502269163,8.896295386133856,8.933715800260892,8.968108148756718,8.999713100033576,9.02874981455865,9.05541711028823,9.079895194435313,9.102346972589892,9.122920124309083,9.141749137088498,9.158957254102162,9.174658016517858,9.188955646606376,9.201945278016163,9.213713923358293,9.2243413970513,9.233901115120327,9.24246079067468,9.250083040601009,9.256825916419816,9.262743370139159,,,,,,,,,,,,,,,,,,,,,,,,,,,,,,,,1.5483952557343414
1993-02-28,5.487190889473999,5.395279635608168,5.5259283421119205,5.739170269763953,5.970341056466684,6.196096295693242,6.408323197344209,6.605178181860227,6.7872852600745714,6.955915061572059,7.112245086420629,7.257206239558941,7.391628869213092,7.516280686944772,7.63181006761136,7.738761297184632,7.83763869824941,7.928924823536702,8.013081082748664,8.090552239093284,8.161767106162067,8.227139771601697,8.287073937301686,8.341964911365169,8.392205381763121,8.438182337049675,8.480257521776839,8.518767746049292,8.55402917211007,8.586338407997705,8.615962464049858,8.643135669939339,8.668063841515542,8.690927700300277,8.711886659858783,8.731082260571828,8.74864065156227,8.764674980180839,8.779289035224023,8.792579388959174,8.804635166483452,8.815538039149166,8.825363033831012,8.834179287980332,8.842050704005501,8.849036518298323,8.855191797618781,8.860567873431686,8.865212723059233,,,,,,,,,,,,,,,,,,,,,,,,,,,,,,,,1.4687241720980593
1993-03-31,5.587888513587395,5.582989456311039,5.782903801548733,6.012969756726322,6.231769145093165,6.4310975564783,6.611122151418031,6.774551020410796,6.924183299119406,7.0621033066836105,7.1896460551887325,7.307652045202612,7.416798764201962,7.517708399418622,7.610935362862676,7.697002742969865,7.776449341458497,7.8498050224838005,7.917573364034762,7.9802341889881045,8.038229835576463,8.091963030139459,8.14180503980557,8.188099404340074,8.231169426976223,8.271314946759741,8.308803654214586,8.343875212304251,8.376746071061731,8.407610923281187,8.436637326659236,8.463966424567898,8.489717335314289,8.513991143597949,8.536875695011233,8.55844949362534,8.578783150943332,8.597941506306185,8.615988222802523,8.632986912129038,8.648998550241826,8.66408039432266,8.678286365080595,8.691667425896595,8.70427191141554,8.716145813278406,8.727333029378006,8.73787558195775,,,,,,,,,,,,,,,,,,,,,,,,,,,,,,,,,1.4742147930962153
1993-04-30,5.772005094236243,5.983325314270528,6.268857991198931,6.521958939438139,6.739915310331433,6.930053614388762,7.099115808316498,7.252185669799182,7.392510499704859,7.521879938126371,7.641101141554455,7.750522958904881,7.850475767860725,7.941387683569926,8.02375796131778,8.098165823397954,8.16527028380143,8.225738528378075,8.280219369337962,8.329336723463332,8.373653231204939,8.413665476250463,8.44981645571099,8.482506656007319,8.512106860413574,8.538955375317302,8.563353075382148,8.585569279653996,8.605847110932954,8.6244039955735,8.641426454794141,8.657072480661283,8.671475901133707,8.684750211188925,8.696992930844244,8.708288757151525,8.718711358351271,8.728325518003146,8.737189899665188,8.745358146556267,8.752879238031946,8.759797932471796,8.766155121125198,8.77198817670613,8.777331339614898,8.78221605840703,8.786671286798024,8.790723743542515,,,,,,,,,,,,,,,,,,,,,,,,,,,,,,,,,1.7498748438901277
1993-05-31,5.615377212801183,5.769953078863672,6.054167120372721,6.33644266479694,6.589600652027501,6.813248287512036,7.011754905943879,7.189744608058689,7.350678679263347,7.496828697147045,7.629576746135513,7.749838751218419,7.858453777120368,7.956265159871207,8.044113855750643,8.122876600095614,8.19346342161955,8.25674213519427,8.313527609477363,8.364576122088113,8.410546989608848,8.45200718946552,8.489450656860692,8.523314366920362,8.553991739170483,8.581834416743618,8.607154849943585,8.630230644165175,8.651302387173372,8.67057572832912,8.688225043936875,8.704397798095897,8.71921763762096,8.732788119015536,8.745198919979618,8.756529311389016,8.766849657269422,8.776223799383951,8.784711911580265,8.792371038791616,8.799254855938367,8.80541375175613,8.810894480193841,8.815740224178457,8.819990982063558,8.823683913778627,8.826853642789064,8.829532520311188,,,,,,,,,,,,,,,,,,,,,,,,,,,,,,,,,1.8814514843458614
1993-06-30,5.450337617732749,5.519010411226519,5.7680022408940275,6.0370196274889185,6.285443906068014,6.5055633355090725,6.698802509143968,6.868722620155772,7.0187063812352894,7.151417544387901,7.268807411448518,7.372434319829746,7.4637575567646905,7.544155243645299,7.614901426313295,7.677200887508576,7.732187199714593,7.780872827853291,7.824165432049595,7.86286629120396,7.897641438184934,7.929038050700626,7.957510430153896,7.983441191175495,8.007159103321968,8.02894723903512,8.049049705362249,8.067677251150117,8.085009967243762,8.10120110859208,8.116380771561317,8.13065919822631,8.144128920982011,8.156867556501327,8.168941475135666,8.180407851631585,8.191315981372632,8.20170924251894,8.211626927155836,8.221104737264547,8.230175006238289,8.238867042757274,8.247207417147951,8.255220250995874,8.262927488935217,8.27034913527391,8.277503460411342,8.28440718145382,,,,,,,,,,,,,,,,,,,,,,,,,,,,,,,,,1.7010799266551526
1993-07-31,5.315417463958049,5.282816580221391,5.440784809550075,5.673570846703405,5.91596202793408,6.1443102490094255,6.3517318473206785,6.537284554176676,6.701859198425696,6.846820873918614,6.973597633296496,7.083775693050984,7.179164858705336,7.261635081023243,7.332998605122712,7.394975707006128,7.4491502950075414,7.496923131188042,7.539482285110341,7.577794849912908,7.612601962799573,7.644447800870495,7.673737208026896,7.700775910334258,7.725807404986225,7.749028500796867,7.770597555120082,7.790641704429497,7.809263167458262,7.826546449791669,7.842563642850964,7.8573774511788015,7.871044861919322,7.883619262101741,7.895152301479943,7.905694412884472,7.915295043641133,7.924003328255847,7.931868515009171,7.938939418486034,7.945263840543673,7.950887922534816,7.955854904651402,7.9602051439453305,7.963976433453067,7.967204280892977,7.969922151784273,7.972161682176091,,,,,,,,,,,,,,,,,,,,,,,,,,,,,,,,,1.5314034099605651
1993-08-31,5.417041333109048,5.326556858782768,5.440726882538949,5.630111954074049,5.829501576107918,6.014651522081262,6.17801839218351,6.318638635857972,6.438051178481543,6.538611108584331,6.62281829427952,6.693168845600742,6.752053451703996,6.80162711191831,6.843788620984321,6.880220165045809,6.912384989177975,6.941510806947344,6.968579795479525,6.9943255052447055,7.019233874712259,7.0435776038386555,7.067478420900528,7.090949946663268,7.113942339330232,7.136371001236843,7.1581263323380595,7.1790888883479544,7.199144307375399,7.218192463105532,7.236150338707854,7.252952856679129,7.268555733896854,7.282933833614457,7.296079023876725,7.30799789592473,7.318709684001512,7.32824412087042,7.336639748390214,7.343942213110867,7.3502028147068375,7.355475349958463,7.3598123490219685,7.363264724206493,7.3658819495191565,7.367712217002236,7.36880257311241,7.427071001869558,,,,,,,,,,,,,,,,,,,,,,,,,,,,,,,,,1.1215697754752831
1993-09-30,5.451651097638003,5.444469698634229,5.571543273264836,5.7478611359680105,5.927846821817771,6.094710151797422,6.243893538426924,6.375393661485353,6.49057682571715,6.590960550664581,6.67797015398165,6.753096770393131,6.8178910900587315,6.873842039700915,6.922341330766972,6.964683547414674,7.002024986353085,7.035349767235721,7.065456607457046,7.092956342611416,7.118279255176348,7.141711291930821,7.16344120884841,7.183595432526954,7.202265330677949,7.219519782150875,7.23541051417169,7.249978574180523,7.263259395865019,7.27528622499022,7.286091454619788,7.295707594848196,7.304168304956472,7.31150926643976,7.317768779431533,7.322987475430145,7.327208079695011,7.330475409651515,7.3328361223609635,7.334338035033589,7.335029595925358,7.334958180960246,7.3341686172937,7.332703328414908,7.330602601220838,7.327904818254511,7.32464666029585,,,,,,,,,,,,,,,,,,,,,,,,,,,,,,,,,,1.1393094530265788
1993-10-31,5.224036199260276,5.167312485821946,5.27991727418894,5.4540488452762395,5.643469642779,5.827041608398318,5.996360035867579,6.1489107638734195,6.28467379888937,6.4045992760652295,6.510027382671387,6.602532969223332,6.6837552104189095,6.755246528528708,6.818429353430234,6.874581328775601,6.924791810893311,6.969950919787965,7.010766450320064,7.047791172480572,7.081445977387183,7.112045888342331,7.139826724586833,7.164965082376164,7.18759650546106,7.207827800643222,7.225743768522249,7.241416509733125,7.254912248819297,7.266296930784568,7.275637696004281,7.283004549629054,7.288471459852756,7.29211610888006,7.294019513255814,7.294265558318326,7.292940148138084,7.290129830338438,7.285920946489468,7.280398059714318,7.273643266304644,7.265734257587953,7.2567433158337735,7.246737847883806,7.235780926866116,7.2239317632509685,7.211246115771869,,,,,,,,,,,,,,,,,,,,,,,,,,,,,,,,,,1.1805630768049538
1993-11-30,5.003372792186289,5.036142205183099,5.161004956053298,5.3323171879659,5.515260310247155,5.692541455042076,5.856790554522783,6.005318640112534,6.137495435707993,6.253569127875222,6.354275923188325,6.4407535940188865,6.5143698335480815,6.576575855842561,6.628857160583488,6.672675268058501,6.709382506410406,6.740179824792523,6.766110761247074,6.788065677655102,6.8067897638379335,6.822886773183092,6.836839718764254,6.849022709404185,6.859720404146359,6.8691447696198,6.877448191117653,6.88473329377769,6.891065000833492,6.896483354285797,6.901009590021861,6.904653933648368,6.907421428458274,6.9093188201336835,6.910357054996559,6.910550841115973,6.909919782326995,6.908490441941066,6.906295260144364,6.903370314119085,6.899753962341683,6.89548416138752,6.8905973670944345,6.885128671610958,6.879111954917352,6.872580016583037,6.865564690703911,,,,,,,,,,,,,,,,,,,,,,,,,,,,,,,,,,1.2501963356889334
1993-12-31,4.9277853348940965,4.876001474456548,4.949672721950243,5.080304012385795,5.2237026272178495,5.360764471088967,5.485008510450996,5.5954464163969595,5.693055831790321,5.7792492982159605,5.85536805974256,5.922612815877283,5.982015158824224,6.034484806306419,6.080897100095035,6.122102641985306,6.1588873640967385,6.191952958839783,6.221913720257182,6.249294615402706,6.274524555896043,6.297929940603395,6.319745372823404,6.340118199190997,6.359134683755125,6.376836214358075,6.393231289895778,6.408309648620781,6.4220532197940905,6.434444135360112,6.445466935079276,6.455113393191879,6.463384432269885,6.470291741537024,6.4758571122885185,6.4801110995766145,6.483092541995589,6.484848217996594,6.485431286600637,6.484899531298408,6.483313328887219,6.480731567459283,6.477210643577995,6.472804731547479,6.4675660303303,6.46154497825849,6.454790440334682,,,,,,,,,,,,,,,,,,,,,,,,,,,,,,,,,,0.8514639633218639
1994-01-31,5.006810338847638,4.934733282458381,5.040569245671342,5.184981320415023,5.3277813172922945,5.459124501893562,5.577584989248606,5.684037022331936,5.779793159786745,5.866021927040935,5.943682601572613,6.013589613141946,6.0764165745042975,6.132778100770691,6.183311899340995,6.2286620206790895,6.269432804307586,6.306170130051909,6.339357947967857,6.369416285872903,6.396691157588241,6.42145065673094,6.443891105794438,6.464141610801253,6.482287397866653,6.498381467256765,6.512455324464612,6.524530853710992,6.534629111082465,6.542775351724349,6.549000475213488,6.553344437977684,6.555855871781406,6.556590557866689,6.555610414402127,6.5529828509296575,6.548779705805018,6.543076282341612,6.535950411838446,6.5274815771050525,6.517748896190787,6.506827607814066,6.494788754667617,6.48169965730004,6.467624327687375,6.452623828860561,6.436756588622998,,,,,,,,,,,,,,,,,,,,,,,,,,,,,,,,,,0.8592115881932969
1994-02-28,4.818629868836574,4.910256040498904,5.182226780994964,5.472732541430415,5.733395482510238,5.955978713461576,6.143735237260193,6.302174091478638,6.436296786766256,6.550113826069165,6.64684240354208,6.729094586179499,6.798968652389084,6.858217065740375,6.908377173852106,6.950790117983989,6.986602061631389,7.01679095556713,7.042198830168128,7.063555732165526,7.081478815143273,7.096473579442815,7.1089399240511435,7.119180859295323,7.12742991168284,7.133866229445757,7.138628808426718,7.141829120851862,7.143561196086857,7.143907420786015,7.14294231667221,7.140736814016482,7.137359272619123,7.132875764618144,7.127350346331776,7.120845193552427,7.113420691221464,7.105135493720607,7.0960459212381926,7.086205574732828,7.075664852454729,7.064470216475939,7.052664488039993,7.040287261209332,7.027375261440982,7.0139626573914935,7.000081332916988,,,,,,,,,,,,,,,,,,,,,,,,,,,,,,,,,,1.7314839572325909
1994-03-31,5.039533097863734,5.433503494062456,5.847327997553097,6.23111326308137,6.551251498765206,6.805779181300982,7.004384773327957,7.158266811120681,7.277006785495611,7.368174496545384,7.437712856789472,7.490214531269334,7.529190975488357,7.557428141733033,7.577219807615285,7.590452606610762,7.598666309219142,7.6031180422374876,7.604840475082,7.604683565837496,7.603326274745515,7.601295017160271,7.598976520140354,7.596640437111321,7.594471000109293,7.592584990223354,7.591049751602232,7.589897870247504,7.589139822660637,7.5887703171310585,7.58877375855102,7.589129120346692,7.589811382471954,7.590792384311819,7.592041939340624,7.5935299794365045,7.595228987338693,7.597114662698669,7.599166428180149,7.60136737385136,7.60370331928855,7.606162009453201,7.608732849930194,7.611406718220606,7.614175800195461,7.617033447881613,,,,,,,,,,,,,,,,,,,,,,,,,,,,,,,,,,,2.3286413986816505
1994-04-30,4.921131540960971,5.435911424908362,5.989835546549609,6.458096116715533,6.8288899657427065,7.116938333748539,7.339672142794017,7.511493457390195,7.643370104842869,7.743593913787254,7.81859926161676,7.873439402986968,7.912117756546488,7.937896785170102,7.953474531149283,7.961045496469259,7.962374799389965,7.958885888767502,7.951744877482398,7.941915359258715,7.930180445358505,7.917170134697725,7.903377205083577,7.889178646376042,7.874858657730986,7.86062654256995,7.846631327808198,7.832975207170989,7.819727284184896,7.806930985813193,7.794611515203341,7.782781354977914,7.771442375516895,7.760587408277395,7.750201782435004,7.7402656954066185,7.730757387236857,7.721654210257434,7.712933354429154,7.704572193014703,7.69654898471926,7.688843256976332,7.681435684287791,7.6743079578751825,7.6674426727108775,7.660823229284299,,,,,,,,,,,,,,,,,,,,,,,,,,,,,,,,,,,2.8224623728262825
1994-05-31,4.980291185399219,5.554047918256607,6.226839088711775,6.796586834929447,7.241856815514548,7.584822242813021,7.849703390160888,8.05536209760821,8.215559830981777,8.34017720907268,8.43640639539544,8.509589964454245,8.563845296367,8.60252635611551,8.628444031529785,8.643939160205187,8.650960403659177,8.651145721027186,8.64589262199795,8.636400056149148,8.623682424857789,8.608596253339838,8.591851483783605,8.574026934581157,8.555589919640179,8.53691495408057,8.518292921256439,8.499943728687628,8.48202961966407,8.464665250822492,8.447926815605907,8.431859315510456,8.416483194756049,8.401798985639624,8.387792078484047,8.374438496593063,8.361709551236176,8.349573651849695,8.33799812356151,8.326950028678677,8.316397669768115,8.306311144236789,8.296662156379119,8.287423834776135,8.278570574041415,8.270077897208841,,,,,,,,,,,,,,,,,,,,,,,,,,,,,,,,,,,3.359886023673461
1994-06-30,5.148014402239551,5.789404100825567,6.4776405220969195,7.041137868223268,7.4777273536857125,7.814494613391413,8.074870769500757,8.276198757564813,8.431180738338666,8.549176089851185,8.63726101252599,8.700917882009724,8.744541380066051,8.771780119091082,8.785697294568068,8.78883864702106,8.783316152592931,8.770898555213723,8.753088174666004,8.731165801985158,8.706211438409397,8.679134376163079,8.650686292741247,8.621481648654761,8.592020642284048,8.562708034509964,8.53386385807783,8.505736664249229,8.478515649030081,8.452340468123763,8.427309022888902,8.403483815230379,8.380897052389363,8.359555066761352,8.339442525480472,8.320528524059943,8.302772093523368,8.286124719160664,8.270532627705473,8.255938921464285,8.242287771297748,8.229525546512345,8.217600576278201,8.206462926917304,8.196064208886623,8.186357408937383,,,,,,,,,,,,,,,,,,,,,,,,,,,,,,,,,,,3.4011616876116344
1994-07-31,5.734808207029232,6.340537464917969,6.914916546601425,7.357561038610973,7.687370796836139,7.934322486889773,8.121077799962032,8.263145573761525,8.371082977064923,8.452250418914074,8.511994115973387,8.554330256400606,8.582411768168999,8.598827067866656,8.605730921351165,8.604908169236893,8.597846297797927,8.585804015383566,8.5698630987742,8.550946956322663,8.52982701022001,8.507139640300407,8.483392508435282,8.458986887943698,8.43423793383384,8.409390605192847,8.384632041480089,8.360104874889265,8.33591752824825,8.312151205977182,8.288866972663428,8.266109090922898,8.243906529036215,8.22227479885475,8.201217295324236,8.180728605171184,8.16079729002548,8.141406704886009,8.12253560524226,8.10415979446539,8.08625470581935,8.068795935554661,8.051759225973267,8.035120448831789,8.018855590957656,8.00294074174143,,,,,,,,,,,,,,,,,,,,,,,,,,,,,,,,,,,2.7174422118848423
1994-08-31,5.665706388839872,6.444769507465978,7.035396333693846,7.46075674895014,7.768512250915163,7.993885133793442,8.160334790570806,8.283624456257417,8.374529505274982,8.440640596165546,8.487479052605208,8.519142413707174,8.538770150431041,8.548843484040322,8.551331286386297,8.547786456460491,8.539442424602735,8.527300362666265,8.512192170874181,8.494811949195464,8.475737853399016,8.455449115326832,8.43433680196524,8.412717821545035,8.390848671122876,8.368934942148545,8.347138679313746,8.325587139700042,8.304379497479461,8.283591848207255,8.263281369459241,8.243488373795998,8.224237518864696,8.20553966471436,8.187393564610694,8.169789823859812,8.152713444253733,8.136145027435894,8.120061721885557,8.104438947602183,8.089252406655492,8.0744783058921,8.06009329835203,8.046074432564895,8.032399108606635,8.01960488433808,,,,,,,,,,,,,,,,,,,,,,,,,,,,,,,,,,,2.774934207325673
1994-09-30,5.978331528185863,6.867680357656352,7.468802608816424,7.875377666106995,8.15793702641517,8.360240574945717,8.50775073771999,8.616032718980495,8.695111216235318,8.751799746482748,8.790909261645044,8.81591850564856,8.829465736943037,8.833658398454723,8.830221394138956,8.820589064247795,8.805976061739957,8.787427877786312,8.765854556257233,8.742038165728449,8.716645651479336,8.690236639773344,8.663268834609955,8.636110850680058,8.609053925029544,8.582324486556939,8.556095602591345,8.530497374190873,8.505624756386657,8.48154420734343,8.458299160515098,8.43591350403656,8.414394344928695,8.393734558431138,8.373915802077812,8.3549128851877,8.336695754773137,8.319230249829285,8.302478866087885,8.28640316824286,8.27096582442963,8.256130642635744,8.241862438159936,8.228126919144943,8.214890587372615,,,,,,,,,,,,,,,,,,,,,,,,,,,,,,,,,,,,2.773468218296885
1994-10-31,6.036370174598662,6.786694557109488,7.363208240715296,7.783013887568627,8.082567591992461,8.296496477707544,8.449719255804768,8.55922440357745,8.636584240781998,8.689863961378943,8.724796214362318,8.74551383265741,8.755072033958472,8.755784458878527,8.749438281634818,8.737452812445683,8.720989157147075,8.701024540870687,8.678399013470061,8.653832451559506,8.62794135173826,8.601245190004322,8.574172183972623,8.54706830003763,8.52020648403477,8.493797526021263,8.468000521783287,8.442932295973927,8.418674872977835,8.395282293274624,8.37278597172208,8.351198438167541,8.330516309841187,8.310722899410248,8.29179166835403,8.273690579056101,8.256383730532942,8.239832307639208,8.22399542192433,8.208832474523735,8.194304552923873,8.180374306655946,8.167005765662786,8.154164183433904,8.141815901055857,,,,,,,,,,,,,,,,,,,,,,,,,,,,,,,,,,,,2.653493786780281
1994-11-30,,6.655208456064568,7.225924664275432,7.629185636549493,7.903053788919252,8.08879982349448,8.215188331435568,8.301161456192743,8.35908128180768,8.39712019724452,8.42074979747096,8.43370508722081,8.438614518224213,8.437375340792268,8.431388783706687,8.421726123784731,8.409238263139605,8.3946290663053,8.37849589700499,8.361341401290494,8.343585777718275,8.325567734078815,8.30755079386538,8.289733190808825,8.272258447814476,8.255226926917658,8.238705838651017,8.222737841744948,8.207346064349757,8.192539049676176,8.17831413045265,8.164659506541305,8.151555818750893,8.138977935271054,8.126897788566456,8.11528721050022,8.104118513318381,8.093364787699779,8.083000037056133,8.072999710372404,8.063340832898483,8.054001827463203,8.04496235196516,8.036203159023877,8.027705974344144,,,,,,,,,,,,,,,,,,,,,,,,,,,,,,,,,,,,
1994-12-31,,7.08478707673285,7.622056028795417,7.992560342613906,8.234124420959528,8.392187530644387,8.49671377886437,8.566163532380223,8.612001550745894,8.641528332184091,8.659450414273872,8.668830837850148,8.671697357487007,8.669418347244209,8.662951890108854,8.653015526373098,8.640187451654004,8.624970374013564,8.60781859253411,8.589144347659055,8.569321525828652,8.548680921529417,8.527507531874402,8.506039755294465,8.484472659908864,8.462963742319413,8.441638877066165,8.420597414467332,8.39991662698096,8.379655151087045,8.359855508229437,8.340545523804538,8.321740124319122,8.303442746889877,8.285648324861322,8.268346389735848,8.251521991522592,8.235156274807323,8.219227645776211,8.203714047941702,8.188593628146513,8.173844719767558,8.159445821025939,8.145375576254636,8.131612759663879,,,,,,,,,,,,,,,,,,,,,,,,,,,,,,,,,,,,
1995-01-31,6.553607711949466,7.055610573392561,7.524801119488495,7.858866547064365,8.088294539026364,8.246165554638237,8.354985625684638,8.429575622110228,8.47989637681526,8.512786706493879,8.532957747682332,8.543672493020559,8.547217843712861,8.545220125582102,8.538870556851894,8.5290828434614,8.516590693237818,8.502010000395439,8.485867131504602,8.468611096256778,8.450623738545055,8.432220099216927,8.413652258814729,8.39511481598223,8.3767532550242,8.358672891408458,8.340947703399905,8.323627151389303,8.306741371388876,8.290306524702094,8.274327869254947,8.258801977612618,8.243718357076357,8.229061539852916,8.214813923432823,8.200957505872017,8.18747459498185,8.174348366921443,8.161562552211407,8.149100834119778,8.136946739688776,8.125083658025044,8.11349491178375,8.102164044096414,8.091074942370975,,,,,,,,,,,,,,,,,,,,,,,,,,,,,,,,,,,,1.9591789945444127
1995-02-28,6.605219086215194,7.112659358177284,7.566277905228774,7.888548341156534,8.11177318791025,8.267445012218616,8.376960912209109,8.454319979323792,8.508773193575388,8.546536393100395,8.571835866417373,8.587602468039103,8.595907211567999,8.598239864620927,8.595708418053107,8.589177125174729,8.579354107033772,8.566846714739357,8.55218621535923,8.535839570300855,8.51821663239942,8.499669457254514,8.48049357170815,8.460930759462306,8.441175827469033,8.421384076156832,8.401678355689397,8.382154811307828,8.362887733906337,8.343933607760214,8.325333720093143,8.307116069391295,8.289297318096317,8.271884801018269,8.254879656258188,8.238278702083432,8.222075089309573,8.206258813957819,8.190817273949808,8.175735810749776,8.160997991700373,8.146585824174423,8.132480266345572,8.118662486443501,8.105114269014653,,,,,,,,,,,,,,,,,,,,,,,,,,,,,,,,,,,,1.9413173068852005
1995-03-31,6.378347354553002,6.9045459043820205,7.393878089685071,7.7344036206983615,7.963177485045675,8.117918750104506,8.223801040098293,8.29679173277992,8.347195703712531,8.381817330115629,8.405223132087606,8.42053188927049,8.429888762790684,8.434772682264713,8.436223818025764,8.434994416919855,8.43163956166616,8.42657334647589,8.420114040095783,8.41251771494606,8.403997498812405,8.394733229715555,8.384873513754622,8.37453843259028,8.363824306401664,8.352808466185182,8.341553893387685,8.330112293225627,8.318527022189153,8.306835620665817,8.295071083578877,8.283262776286392,8.271437355667274,8.259620020018106,8.247835437955013,8.236107420828334,8.22445599247967,8.212896259518311,8.201438511540958,8.19008836206361,8.17884727819618,8.167713090083147,8.156681075263636,8.145745758637206,,,,,,,,,,,,,,,,,,,,,,,,,,,,,,,,,,,,,2.003469975562627
1995-04-30,6.377623729277822,7.148718326055958,7.513494602256557,7.767000084254026,7.943033103805691,8.066997865249956,8.155502525664955,8.219305333750029,8.26564130826952,8.29949154602961,8.324267742344801,8.342274829729726,8.355025053983692,8.363504650888675,8.368388322995719,8.370175344762428,8.369274262694137,8.366047002028644,8.360827689256123,8.353928669942857,8.345640446591005,8.336226623865755,8.325918710719769,8.314913814989483,8.303376647963216,8.291443000436361,8.279222933503858,8.2668047199548,8.254257885764677,8.241635797656787,8.228978540592694,8.216315234301112,8.203666308348401,8.19104620739438,8.178465846770951,8.165933564000063,8.153455702455092,8.141036922463204,8.128680163145116,8.11638668041929,8.104156242558942,8.091987316240576,8.079877420296258,8.06782356232458,,,,,,,,,,,,,,,,,,,,,,,,,,,,,,,,,,,,,1.9218678167517886
1995-05-31,6.346046686836226,6.622901707914601,6.918941658278874,7.14039840241317,7.298731120398479,7.4141220575179005,7.500914517802674,7.568393359103346,7.622586601313927,7.667427596688134,7.705438749331932,7.73818877199552,7.7666242038681945,7.791315954960898,7.812627606464662,7.830816213012502,7.84609690063024,7.8586740161293465,7.868757074331982,7.876562030452549,7.882309010238318,7.88621157630248,7.888467489863578,7.8892549508715,7.88873315139266,7.887043307598804,7.884309150926646,7.88063918478733,7.876127348482604,7.870854432081028,7.864890581279583,7.858297225840522,7.851129135481296,7.8434363174881225,7.8352651401988185,7.826658833728932,7.8176577493302695,7.80829937939544,7.798617300802104,7.788640984890101,7.778396278083206,7.767905820245436,7.75718924678289,7.746263338593647,,,,,,,,,,,,,,,,,,,,,,,,,,,,,,,,,,,,,1.3213809098519071
1995-06-30,6.602303656933187,6.958855941886438,7.28193658898494,7.522624626927694,7.702078318526762,7.839918466901818,7.94854055236045,8.035849093300639,8.107133200296142,8.166035776992313,8.215093621898582,8.256097159488215,8.290332615649346,8.318758748982102,8.342127812193887,8.361059596001088,8.376088379554535,8.387687971034369,8.396286991641894,8.402279218877975,8.406026747795304,8.407856050492287,8.408053670836377,8.40686602938553,8.40450176859128,8.40113593317481,8.396914043900924,8.391956991491174,8.38636480151016,8.380220222855865,8.373592347762571,8.366539137037151,8.359109986125933,8.351347750949131,8.34328995165567,8.334969695043325,8.326416509709903,8.317656620325934,8.308712680126904,8.299603995385855,8.290346930752479,8.280955260156176,8.271440473604304,8.261812040966335,,,,,,,,,,,,,,,,,,,,,,,,,,,,,,,,,,,,,1.563732120059126
1995-07-31,6.313415895522212,6.6699580612108855,6.968476292439063,7.197032923852653,7.3704765277147475,7.504564095900144,7.6109300305233205,7.697704863472851,7.770517772392651,7.8331607897185735,7.888107027395365,7.936919246048272,7.980558283118021,8.019619718245377,8.054495374443281,8.085469635932006,8.112780107812538,8.136650167903388,8.157308996036486,8.174996389104482,8.18996387480934,8.202462459986755,8.212731296236093,8.22099242197077,8.227448990889421,8.23228497676759,8.23566609148485,8.237741950620068,8.238646608873848,8.238500063659423,8.237409538153601,8.23547112275219,8.232770801986417,8.229385468194465,8.22538403656541,8.220828151590563,8.215772728959466,8.210266415818065,8.204351613763013,8.198065087930397,8.19143865372704,8.184499796380592,8.177272330239704,8.169776900082525,,,,,,,,,,,,,,,,,,,,,,,,,,,,,,,,,,,,,1.5197448941963616
1995-08-31,6.4497996385267005,6.492525772367938,6.701394130489137,6.9093958798841255,7.085366963996461,7.2312350403085235,7.353579661542924,7.458181760937276,7.549298691919931,7.629819779129534,7.701639491812116,7.765984312662815,7.823657132315331,7.875217112433298,7.921099991684725,7.961688776685954,7.997353934796972,8.028470192236751,8.055421787476993,8.07860125738157,8.098400565869078,8.115195015355225,8.129330435181723,8.14111809682015,8.150833640318766,8.158717318256121,8.164977112154528,8.169792560728336,8.173316674689858,8.175680214767143,8.176995802798528,8.177361164643845,8.176862405191605,8.17557629598568,8.17357176728697,8.170911014161632,8.167650388487612,8.163840686412664,8.159527180434619,8.154750213116115,8.149545797883862,8.143946095045132,8.137979726301255,8.098890497222122,,,,,,,,,,,,,,,,,,,,,,,,,,,,,,,,,,,,,1.1800201406028332
1995-09-30,6.405879275659284,6.438110089149133,6.6111620006847565,6.816587258380522,7.006969411166677,7.17278781557885,7.315167177892579,7.437708621873402,7.544034190886198,7.637086745128123,7.719074182978726,7.791606114828732,7.855875330649704,7.912814772806729,7.963195884813941,8.007684822219675,8.046875090332165,8.081308167385938,8.111489001018816,8.137894718257016,8.160972011174955,8.181127607962422,8.198720892855494,8.214062989097878,8.227420417886297,8.2390213449789,8.249061828993884,8.257710751818555,8.265113635104807,8.271396837412862,8.276671032661339,8.281033995143932,8.284573100943218,8.287366832629333,8.28948595799675,8.290994419253499,8.291950074345758,8.292404568264613,8.2924032273463,8.29198576913345,8.291186985138573,8.290037274989775,8.288563037090876,,,,,,,,,,,,,,,,,,,,,,,,,,,,,,,,,,,,,,1.2312074694688384
1995-10-31,6.3981145567032565,6.361948383583921,6.544905331184594,6.731279378802292,6.89398851111789,7.03263373341073,7.151658058714355,7.255573611829266,7.3479006632392565,7.431109233150927,7.506843072028948,7.57615526883398,7.639715733594925,7.697971334006232,7.751248248700574,7.799820828015366,7.843946373235993,7.8838886842997375,7.919924445591477,7.95234648093395,7.9814543303935075,8.007537438136403,8.030862539566922,8.051668287328193,8.070166848575298,8.086548191320317,8.100983912993705,8.113629885581748,8.12462837495985,8.13410975477455,8.14219408291791,8.148992635592295,8.154608984563277,8.159139697090254,8.162674905912437,8.165298134984187,8.167086560574392,8.168110170138803,8.168431547252125,8.168106736485198,8.167186028981067,8.165714386939268,8.163731647822287,,,,,,,,,,,,,,,,,,,,,,,,,,,,,,,,,,,,,,1.0329946764476707
1995-11-30,6.150148181439379,6.0326920987839125,6.123906938642147,6.264347341328196,6.407703238459112,6.541799287119115,6.664536248270756,6.776697047982935,6.879645027398107,6.974624364492151,7.062584277195336,7.144180393718937,7.219853015142852,7.289913190532159,7.354603453126976,7.414143839203229,7.468752243375567,7.518659659551669,7.5641125618830225,7.605374038438723,7.642712292543995,7.676384878781553,7.706628402246934,7.733654713085989,7.757654386009932,7.778802040224251,7.7972596716522,7.813179781477329,7.826707676903523,7.837983416043173,7.847143067252464,7.854320166856511,7.8596462224847174,7.863249917708707,7.86525637732371,7.865785518942278,7.864951412549502,7.862859415279867,7.85960556603029,7.855277700002608,7.849956368864086,7.843714676891476,7.836617998474518,,,,,,,,,,,,,,,,,,,,,,,,,,,,,,,,,,,,,,0.8244761830527718
1995-12-31,5.944719225853163,5.959310964468505,6.055703829256271,6.1798703926530845,6.307497300803314,6.429684888837006,6.543984978230497,6.65029833244579,6.74924448257387,6.841527821544583,6.927704820615406,7.008144041247326,7.083077258929176,7.152665794954494,7.21704703632417,7.276369078812821,7.330806559112757,7.380579507939795,7.4259529162816635,7.467235964607435,7.504756850221504,7.538834506240599,7.569761448030664,7.597795666433289,7.62316356367944,7.646064925167591,7.666677697562864,7.685161791532129,7.701662633587153,7.716314924288599,7.729245029760511,7.740573838197391,7.750417975534258,7.758889706491302,7.766096490019848,7.772140107324854,7.777116091620855,7.7811113500045685,7.784204248849106,7.786465668593206,7.787959806182097,7.788744113299453,7.788869429121323,,,,,,,,,,,,,,,,,,,,,,,,,,,,,,,,,,,,,,0.8968085956914198
1996-01-31,5.830430182932385,5.831478595955415,5.983226481401121,6.152217516866772,6.30835548178721,6.447715476836585,6.572294053004711,6.684911709393174,6.787941191864977,6.88314531172508,6.971750197405692,7.054553441173486,7.132055978789252,7.204576266432907,7.272331096695402,7.335489233741907,7.394205348513899,7.4486535321326,7.499038013563707,7.545600737917243,7.588601041996806,7.628292280588886,7.66490789300934,7.698655110903473,7.7297188286168526,7.758265989386384,7.784449200047829,7.808409990084643,7.830281397053258,7.850190343647143,7.86825915489907,7.884607570348848,7.899352915282425,7.912609680629632,7.924488370322865,7.93509437923176,7.94452696650274,7.952876938772962,7.960227061318199,7.966653060114164,7.972224251366843,7.977003152371031,7.981045661117952,,,,,,,,,,,,,,,,,,,,,,,,,,,,,,,,,,,,,,1.0527151287926957
1996-02-29,5.7224306683223345,6.023739592602805,6.2705050023782976,6.49371941248158,6.6872012900236815,6.854529054785028,7.000902954625294,7.130833455273039,7.2477288404603115,7.354064810370699,7.4515972844595915,7.5415361413346425,7.6247100962076155,7.701693390728708,7.772903109001598,7.8386629831513535,7.899254088255994,7.954951746402742,8.006042179095004,8.052828003267978,8.095609547979901,8.134667085108045,8.170251860766498,8.20258293384446,8.231848957958594,8.258211842724089,8.281810594377442,8.302763785700234,8.321174560659392,8.337135647222658,8.350732499918601,8.362047869734653,8.371164226338538,8.378164406740357,8.38313190588771,8.386150977628715,8.387305589419901,8.386678100445605,8.384349273150528,8.380398472538449,8.374903814470334,8.367942238876822,8.35958961842691,8.349920744577107,8.339008010106784,8.326920271878215,8.313723103602378,8.29947913783389,8.284248366088994,8.268088402949413,,,,,,,,,,,,,,,,,,,,,,,,,,,,,,,1.6316341420483642
1996-03-31,,6.14485346836107,6.48348237578281,6.7535140383566645,6.967370731536898,7.140659192512271,7.284995781633932,7.408262748647208,7.515732839900977,7.610984787617822,7.696454186153461,7.773793546998939,7.844146835681409,7.9083336949233,7.9669719502563074,8.020550001284416,8.069475164056332,8.11410540192414,8.15476824764758,8.191766906189587,8.225375497415591,8.255835384452446,8.283356251059244,8.308120502209357,8.330288783129877,8.350004148595788,8.367395078653388,8.382577856643517,8.395659212336106,8.406738470952806,8.415909434558763,8.423262653697023,8.42888673103618,8.432868750614247,8.4352941615541,8.436246679697698,8.435806913243194,8.434051202062694,8.431052024780945,8.42687847724643,8.421596505909351,8.415268869187797,8.407955404731608,8.399713252214504,8.390596431414384,8.380655696869225,8.369938860014491,8.358491095756337,8.346355211505198,8.33357188392536,,,,,,,,,,,,,,,,,,,,,,,,,,,,,,,
1996-04-30,,6.096453670649119,6.388894663739104,6.635239893802813,6.83601806649358,7.001971418371238,7.142583379404196,7.264505954797832,7.372183745162687,7.468612895194769,7.55581209024561,7.635140161346986,7.707539384931031,7.773694894793985,7.8341410584842635,7.889320245138019,7.939624704591764,7.985419184913671,8.027054980553972,8.064869952219496,8.099180362241249,8.1302743627299,8.158409456158578,8.183813841221593,8.206688220510133,8.22720970692711,8.245533543825983,8.261794923299766,8.276112640938859,8.288592108853104,8.29932845617631,8.308409732368801,8.315918964740462,8.321935205928161,8.32653442806737,8.329789923962828,8.331771684753647,8.332546159307288,8.332176672060184,8.330723812000794,8.328245731459319,8.324798380371341,8.32043575223204,8.315209896313787,8.309170216357217,8.302363329195005,8.294833349091919,8.286622148428966,8.277769586467045,8.268313710658958,,,,,,,,,,,,,,,,,,,,,,,,,,,,,,,
1996-05-31,5.88120371633066,6.127794361347502,6.427025234492081,6.694661355768414,6.916707049837193,7.100077546276066,7.25359237014828,7.384299552665417,7.497330448878553,7.5963756279147105,7.684077894807228,7.7623394295948955,7.832559432813724,7.895796401937,7.952881148628168,8.004486915353661,8.051182695934145,8.093467096022795,8.131789669118115,8.166554684999607,8.198118704981747,8.226790463571335,8.252833893533072,8.276473910878378,8.297901555262717,8.317279665287144,8.334746114629338,8.350417410375574,8.36439325615466,8.3767598725335,8.387593351739117,8.396962963025638,8.404933366819801,8.41156584664045,8.416919614296853,8.421052136911978,8.42401870385144,8.42587240527508,8.4266644056045,8.426444213761863,8.425260248576311,8.42316036137109,8.420191936006434,8.416401550732907,8.411833956564053,8.406531931264663,8.400536485268631,8.393887045775925,8.386621618307059,8.378776928871051,,,,,,,,,,,,,,,,,,,,,,,,,,,,,,,1.7151719115840507
1996-06-30,5.543889516230505,5.77229775267086,6.0968360875556336,6.38349061798246,6.617214031706078,6.807789680102459,6.966129467048987,7.100452361493032,7.216538737185488,7.318469395259231,7.40913634317515,7.490603362731691,7.5643707994471026,7.631557622373991,7.693025156877224,7.749456071128348,7.801413085730569,7.849375933005098,7.893764287950307,7.9349433269390754,7.973223705153463,8.008863944874262,8.04207511004871,8.073028869944826,8.101864761698245,8.128696202832073,8.153614996843967,8.17669571649608,8.198000535077005,8.217582182106748,8.235487584828292,8.251761357133056,8.26644770442714,8.279591631486156,8.29124037754222,8.301443215251107,8.310250756330703,8.317714639002245,8.32388739460082,8.32882237037745,8.332573903237588,8.335197413204043,8.33674926289349,8.33728573014597,8.33686116897809,8.335527821893027,8.333336043026398,8.330334494851195,8.32657032079644,8.393172198826157,,,,,,,,,,,,,,,,,,,,,,,,,,,,,,,1.7745798790287264
1996-07-31,5.592194683331828,5.785014386181097,6.079503176220146,6.351269503049115,6.581379827467664,6.774387421521407,6.93770808498931,7.077709177103561,7.199304541756344,7.306204598471861,7.401173620608014,7.48627335393772,7.563058033402162,7.632722626291499,7.696204109034048,7.754250907229836,7.807476129335928,7.856395047072468,7.901448294763648,7.94301337727776,7.981410596821274,8.016909808970128,8.04973762618307,8.080085129499642,8.108114253677936,8.133962983009797,8.157748943682504,8.179573480634518,8.19952575764773,8.217685444765495,8.234126005801745,8.248917337944699,8.262127127486423,8.273821978887685,8.284068368502368,8.292932163913648,8.300477529463151,8.306766895509412,8.31186117967545,8.315819949605334,8.318701454200168,8.320562709489716,8.321459593897995,8.321446178321246,8.320573821749088,8.318891312877827,8.316445143492823,8.313279747730048,8.30943771204031,,,,,,,,,,,,,,,,,,,,,,,,,,,,,,,,1.714009915140033
1996-08-31,5.54069879607022,5.711671860877585,5.999476542307808,6.265556261431655,6.490729416405195,6.681199939969612,6.844902176397144,6.987984437471502,7.114973206999121,7.2291696588194325,7.332934367805468,7.427944463720528,7.5153927271484475,7.596141072196864,7.67082090836647,7.739908775750662,7.803788590803337,7.862790398617147,7.917219321347585,7.967362629888252,8.013489817206622,8.05585241069417,8.094684409988986,8.130201828317611,8.162604021244924,8.192074715316288,8.218781483045396,8.242877863816082,8.264505540656264,8.283796475287831,8.300875014560601,8.315859283285775,8.328862142183231,8.33999189289094,8.349352806573927,8.357044439956011,8.363160565135276,8.367789695234707,8.371015757498965,8.372918562718375,8.373573964431817,8.373054206566827,8.371428265460846,8.368761445774682,8.36511505699475,8.36054678569245,8.355111080940654,8.348859491553151,8.341840962029432,,,,,,,,,,,,,,,,,,,,,,,,,,,,,,,,1.6884708627492122
1996-09-30,5.700277022693526,5.897280563106457,6.131840016027648,6.332752242559009,6.50008981970404,6.642714335200032,6.767392671268828,6.878574930519191,6.9792757716877425,7.0715813637077805,7.15693397373391,7.236342724744698,7.310528117347222,7.3800173657488335,7.445200292985805,7.506370997717745,7.563764021944146,7.617578139923684,7.6679919474870415,7.715167323766513,7.759249489354511,7.800367939564362,7.838638535724957,7.874165745476808,7.907044653614387,7.937362389523236,7.96519932461749,7.990631778313615,8.01373418957145,8.034580546832931,8.053246507855762,8.069809944702424,8.084350859802788,8.096951551864702,8.107696372739326,8.116669704686588,8.123954257294628,8.129631137180862,8.13378004771334,8.136479219859156,8.137805031008167,8.137832086348578,8.136633201891689,8.134278140868549,8.130832974566204,8.126360433167566,8.120920261188033,8.114569528482518,8.107362903169982,,,,,,,,,,,,,,,,,,,,,,,,,,,,,,,,1.3713043410142545
1996-10-31,6.019240611899162,6.265757212507747,6.4757098529698345,6.640684469987565,6.772005870819976,6.880656461849228,6.973543472572876,7.054818669427555,7.1272245766793105,7.1926815175041146,7.252549527493093,7.307809739099038,7.359186574028039,7.407226721298597,7.452344875865178,7.494856178601558,7.535006585143526,7.572991789622835,7.6089664672833734,7.643045650967748,7.675305212005539,7.705785245913688,7.734497720286156,7.7614377554008955,7.786589077273131,7.809931419530084,7.831446276292831,7.851122425732176,7.86895842807592,7.884964176653074,7.899163216216327,7.911591457774782,7.922295390471177,7.931330544670922,7.9387597542870525,7.944649125931327,7.949065570530152,7.952076591559955,7.953750178179521,7.9541540800149635,7.953354790286045,7.951417524167865,7.948406023547212,7.944381254658552,7.939401042023495,7.933520391506019,7.926791790169672,7.919265468652616,7.910989631415113,,,,,,,,,,,,,,,,,,,,,,,,,,,,,,,,1.1734409056049522
1996-11-30,6.301680953431105,6.422476698257615,6.5726825823302155,6.672215152309277,6.744693962071764,6.8036486751280885,6.855317423201036,6.902503283579206,6.946591868545294,6.988313657435777,7.028063737771649,7.066072709538845,7.102493804587228,7.1374463286405705,7.171029708073436,7.2033195841357465,7.234367708141144,7.2641972468899105,7.292805884862793,7.320167466945496,7.346233273954604,7.370935363662152,7.394195330004527,7.415934649541282,7.436077645031208,7.454559001394438,7.4713277765327115,7.486351211982185,7.499614691430143,7.511122239910715,7.520896257178763,7.5289741548435565,7.535405587828138,7.540249832581647,7.543573244287259,7.54544407637997,7.545930284374229,7.545099511070191,7.543019050841256,7.539754952648669,7.535371150094771,7.529929603371846,7.523490159296598,7.516109736241162,7.507842320301528,7.498739280139407,7.488849645432692,7.4782203505196,7.466896448208844,,,,,,,,,,,,,,,,,,,,,,,,,,,,,,,,0.6866327040046718
1996-12-31,,6.47376154468962,6.659785896157338,6.7972761484760875,6.9028032073083185,6.986912483444169,7.0557591478691055,7.113330885211585,7.16248480657847,7.205288399078276,7.24322271791655,7.277344418390725,7.30841380358339,7.336989722892537,7.363487570085088,7.388211982106808,7.41138349184611,7.433154079664058,7.453623080486741,7.472847726103394,7.49085200808302,7.507635339436361,7.523182842762879,7.537473540298916,7.550483741858477,7.562193112100504,7.572587545352031,7.581661996265148,7.589420504334376,7.595877260674468,7.601056343573161,7.604989941651374,7.607716998008417,7.6092820590160555,7.609733464731276,7.609119982431985,7.60748985603919,7.60489086414635,7.601370320838618,7.596974684457621,7.5917493249752415,7.585738620355646,7.578985687004899,7.57153177352282,7.5634163127810705,7.554677118775456,7.545350558846758,7.535471704373979,7.661888934286105,,,,,,,,,,,,,,,,,,,,,,,,,,,,,,,,
1997-01-31,,6.284175807242065,6.464392764656137,6.5951300428231345,6.696787000819823,6.78072169205831,6.852775009187137,6.916323534660183,6.973527889612934,7.025818417412705,7.0741545855414305,7.119181146589086,7.161347789176651,7.200988096248326,7.2383627480319594,7.273681017007435,7.307112772555534,7.33879570923995,7.368839604702937,7.3973245222866995,7.424300872073848,7.449790695387763,7.473791802949552,7.496285588681201,7.517245138323189,7.536643499966273,7.554458389774162,7.570677073749864,7.585296793895051,7.598326965858179,7.609789163716344,7.619715512511137,7.628147415321335,7.635134461887622,7.640731756265799,7.644996178989674,7.647985533700387,7.6497584231336075,7.65037395187977,7.649890724190816,7.648366425145243,7.64585786146715,7.642420196754003,7.638105989087163,7.632965329389504,7.627046109561367,7.620394256419124,7.613053936391432,,,,,,,,,,,,,,,,,,,,,,,,,,,,,,,,,
1997-02-28,5.982130365313886,6.253414897415845,6.4282167161942185,6.548298664346394,6.638559011040944,6.7108512702575736,6.771249617403872,6.823440461293498,6.869855643172581,6.912109941586683,6.9512652758233004,6.988004491377155,7.022777056358805,7.05589234999127,7.087565120821102,7.117936200800207,7.147087754634245,7.175061067603214,7.201874169340563,7.227527196077931,7.252003207429494,7.275266605213153,7.2972636778682025,7.317929476079503,7.337196444143715,7.355002849567795,7.371297378212332,7.386043084876749,7.399217178715899,7.410812946325505,7.420838937645274,7.429316928795937,7.436280384333457,7.44177296118402,7.445845040507995,7.448549982040364,7.449943331182893,7.450082528110248,7.449026346603712,7.446833670295334,7.4435630964131025,7.439272844215308,7.434019568033895,7.427857367596406,7.420837972162967,7.413010998185772,7.404424174075898,7.395123536874244,,,,,,,,,,,,,,,,,,,,,,,,,,,,,,,,,0.9299795762727969
1997-03-31,6.17653616059364,6.515422730009412,6.746388758714378,6.905294312270548,7.021624427596679,7.110926660970616,7.1819847714316065,7.24035691063028,7.289742433009449,7.332611140370659,7.370614201140773,7.404848650999001,7.436064325021712,7.464792878395586,7.4914206758973,7.516231093935423,7.539430947185431,7.561171930369344,7.581565164113103,7.6006879730092844,7.618587996398802,7.635285715873099,7.650778851290158,7.665050878286221,7.678080002375236,7.6898464111683245,7.700336591694332,7.709546025951862,7.7174793657229195,7.7241515887259755,7.729586692184672,7.733816183432002,7.736877834341815,7.738814532706546,7.739671699224779,7.739495126094456,7.73833076546635,7.736224703455235,7.733222931651133,7.729370871733354,7.7247133232526295,7.719294399130949,7.713156689578666,7.706340820905075,7.698885641774628,7.690828416429196,7.682204993243662,7.673049952212067,,,,,,,,,,,,,,,,,,,,,,,,,,,,,,,,,1.156074979777019
1997-04-30,6.266943317003873,6.473046514280351,6.6398387472454035,6.761573429060775,6.854313892621306,6.928009314773384,6.988602310125602,7.040099105744664,7.085238076774668,7.125849146216362,7.163133877511902,7.197866919659198,7.230560360882749,7.261560555335023,7.291099361162415,7.319324854864758,7.346320022645792,7.372122797126881,7.396740676505793,7.420158684689509,7.442343791369973,7.46324747686137,7.482810082259359,7.500968040290019,7.51766237027256,7.532844393582263,7.546480317334029,7.5585527071320415,7.5690603030096995,7.578018552929242,7.5854571697942355,7.591417722181415,7.595951407830213,7.599116966918894,7.600976096845037,7.601590646470017,7.601022467053437,7.5993333752416605,7.596584345545898,7.592834314978622,7.588140215201937,7.582556982056737,7.576136789012336,7.56892889460041,7.560979953107774,7.552334297646445,7.543034187087161,7.533120022126165,,,,,,,,,,,,,,,,,,,,,,,,,,,,,,,,,0.8589058292124889
1997-05-31,6.349612258934057,6.573220380574979,6.71352294331476,6.801518020401201,6.862309758630948,6.906966783009935,6.941115579353153,6.968245217965661,6.990649403984076,7.009838226333078,7.026805067267506,7.042207395893764,7.056495466440681,7.069983670252071,7.0828841042525745,7.0953311587609145,7.107394859544943,7.1190991205834235,7.130435344133917,7.141370895439553,7.1518545487803395,7.161820129988777,7.171191955093904,7.179891330212207,7.187843990527656,7.194984185770957,7.201258862830644,7.206628174015016,7.2110660679595915,7.214560907187494,7.217113899158343,7.218737290701176,7.21945293939678,7.219290231635755,7.218281849595643,7.216461846052653,7.213865417878402,7.210528705082529,7.20648803956855,7.2017792326669205,7.196437564214253,7.190497602577757,7.183992588557072,7.176954366940074,7.169413538987474,7.1613995975988205,7.1529410452232645,7.144065497031476,,,,,,,,,,,,,,,,,,,,,,,,,,,,,,,,,0.660225967399021
1997-06-30,6.674823064226784,6.817222737482387,6.887090723848729,6.9248086216508975,6.948763834301161,6.9648176243478686,6.975525013839466,6.982575291629374,6.987185785614581,6.990228250392503,6.9923230528688824,6.993927432627282,6.9953995505790125,6.997026131055712,6.999015503269299,7.0015035720855465,7.004549031068561,7.008147918814256,7.0122478674719675,7.016759684126347,7.0215678074535735,7.026538449750633,7.031528755128477,7.036394720842877,7.041000402200359,7.045222499507195,7.04895590745961,7.052113535252366,7.054627468675939,7.056449227222029,7.057547599120038,7.057906444128761,7.057523040849124,7.056405164429684,7.054566462150231,7.052024624324361,7.048800824655983,7.044919184282815,7.040405778925381,7.035287919624056,7.029593957744564,7.023352709729325,7.016592497275795,7.009341009322444,7.001625371630017,6.993472207996478,6.984907693657333,6.98842048580764,,,,,,,,,,,,,,,,,,,,,,,,,,,,,,,,,0.31540518616571944
1997-07-31,6.853122780236277,6.934859371467528,6.953284964036269,6.953732683758473,6.951112986906106,6.947731837414966,6.943744702055089,6.93923516205995,6.9342911644099825,6.928967651738151,6.923285549224672,6.91726377475629,6.910939998600184,6.9043699925764725,6.897614713001632,6.890731827066307,6.883769362626568,6.876769005309437,6.869767600183427,6.862797118333039,6.85588144486954,6.849032149094793,6.842245662810903,6.835505368679239,6.8287851203324115,6.822053220385991,6.815277147466817,6.808425173409248,6.801469317318228,6.7943869708919244,6.787160837602047,6.77977880582271,6.77223384474043,6.764522459734834,6.756642431039183,6.748592256905565,6.740371055324371,6.731978584395524,6.723415675831297,6.714684375301476,6.705787806250579,6.696730077044081,6.687516215418287,6.678152070786559,6.66864422294422,6.658999902679208,6.649226922517552,,,,,,,,,,,,,,,,,,,,,,,,,,,,,,,,,,0.07584487150187336
1997-08-31,6.974573371476642,7.0167260880857505,7.0187335021158255,7.006978423788536,6.995779164705556,6.9874048236010635,6.981711752767457,6.978253318500702,6.976548850157882,6.97613573781577,6.976584579823774,6.977535260956356,6.978713781058101,6.979926352429566,6.9810363620093,6.981945384969313,6.982583673576179,6.982903614950486,6.982872573546241,6.982467344434484,6.981668906303033,6.980457761562994,6.978810858817714,6.976702219522988,6.974104603410379,6.970992271633317,6.967343860189833,6.963143067050175,6.958380900464629,6.953056250492114,6.947175221687264,6.940750867176466,6.933802651345091,6.926353537481181,6.918426695871256,6.9100450848319985,6.901231477274261,6.892008287651808,6.882396958282679,6.872417840604183,6.862090329822595,6.85143303827289,6.8404639432157355,6.829200463889361,6.817659523512045,6.8058576031973335,6.793810788986458,,,,,,,,,,,,,,,,,,,,,,,,,,,,,,,,,,0.0015623663391277631
1997-09-30,6.965218519609826,6.9851337666879525,6.91390126761478,6.815541512579962,6.7190946129783695,6.633079145036177,6.559650463257323,6.498743630503354,6.449444848746906,6.4105242152900335,6.380675695977626,6.358664699640019,6.343378417678398,6.333847160314241,6.32922260438306,6.3287558316439645,6.331784733067679,6.337715965831878,6.346011470089141,6.356179075414561,6.36776437231933,6.3803439506559405,6.393523758480006,6.406940801153174,6.420265681013666,6.433207928256265,6.445519132356076,6.456991559626913,6.467461854332037,6.476807501422187,6.4849414964811665,6.491809712459645,6.4973870783350485,6.501669624157653,6.504667839130171,6.506404342781304,6.50691222289237,6.506232694293095,6.504411849898874,6.501499503661606,6.497548400480906,6.492611671702791,6.486741327390832,6.479988308378136,6.472402605070714,6.46403336075478,6.45492896171588,,,,,,,,,,,,,,,,,,,,,,,,,,,,,,,,,,-0.5546943043197929
1997-10-31,6.9254203634124725,6.86688128575187,6.8154828534410585,6.768097475660681,6.723641851275576,6.682139221321141,6.64413038116884,6.609935152008431,6.5796196188276035,6.553081422204874,6.530117381248746,6.510485615632166,6.493930653779634,6.480190071360776,6.468994880417587,6.460069117592836,6.453137013161151,6.447928517880302,6.444181978586347,6.44164443559126,6.440068574650894,6.4392083260816975,6.438816872169923,6.438651394655717,6.438478377445666,6.438086301137673,6.437290959211799,6.435938687207597,6.433912185662466,6.43112831133095,6.427534066652659,6.423104640485771,6.417839137654743,6.4117509216857655,6.404861548048161,6.397199423610663,6.388798782442514,6.379696886837109,6.369930519725809,6.3595355529198425,6.348546923705475,6.3369981884568665,6.32492143375099,6.312347436888107,6.299305811366951,6.28582513338489,6.271933052189147,,,,,,,,,,,,,,,,,,,,,,,,,,,,,,,,,,-0.37233894120759814
1997-11-30,7.263858808082152,7.1778688757356965,7.0820016805398796,7.0015513135274405,6.930773633920149,6.865647613024716,6.804982906830017,6.748486191151837,6.696018579295027,6.6474273719938894,6.602534169844572,6.561175551870915,6.523215853218906,6.488548872106132,6.457089358233318,6.428765337909992,6.4035068290129065,6.3812320825806115,6.361838234027528,6.345193854657718,6.331134596058875,6.319457141868806,6.309919198082059,6.302247592654659,6.296149139608179,6.291332333476718,6.287516126180081,6.28443983300742,6.281873860411969,6.279621369678804,6.277517037236449,6.275428946512548,6.273254737079113,6.270915361839964,6.268350866223225,6.265517711125395,6.262386480551162,6.258939090466489,6.25516631164713,6.2510665465468245,6.246644192370594,6.241906886766626,6.236864486897724,6.231528809385167,6.22591341259109,6.220033407298836,6.213905291561747,,,,,,,,,,,,,,,,,,,,,,,,,,,,,,,,,,-0.6164314360882628
1997-12-31,7.148754496778176,6.928394134584619,6.789909475895396,6.701995963645851,6.635715851609338,6.579346574234141,6.528710729257386,6.482332788524753,6.439671126388323,6.4005059177776245,6.364727053076888,6.332253604249691,6.302987755719031,6.276801408737539,6.253553647488053,6.233108553926289,6.215334815114032,6.200097080229768,6.187250089105113,6.1766318934128055,6.168058027645292,6.161315738372822,6.156166726240753,6.152356190019756,6.149623314620165,6.147718187067724,6.146406183215607,6.145476142919938,6.144746739912355,6.144066091403439,6.143310518171144,6.142384792202158,6.1412176904392455,6.139755992179849,6.137961130935798,6.13580714971042,6.133278878958395,6.130369616913543,6.127079369615974,6.123413944359365,6.11938342111341,6.115000046505803,6.1102776509684364,6.105231467676293,6.099877976687098,6.094234769410591,6.065106827091528,,,,,,,,,,,,,,,,,,,,,,,,,,,,,,,,,,-0.7482485790005518
1998-01-31,7.002751242411471,6.692123661529196,6.5318583423824785,6.435932535862728,6.3646300773935724,6.304895247434371,6.252592995916104,6.2062235927396525,6.165039149484219,6.128502758178544,6.096162050782116,6.067623395087266,6.042531434961968,6.02057639158094,6.001507022734524,5.985139724719791,5.971340459361005,5.959999374300827,5.951011875252038,5.944258222146703,5.93958825511195,5.936807100710286,5.935677301627635,5.935926785692601,5.937264555638236,5.9394012126660884,5.942055382400876,5.944966781878911,5.947905079184904,5.950670591810719,5.953096047976175,5.955048197013533,5.956422934075459,5.957140282355958,5.957140793415829,5.956382695161518,5.954839378025719,5.952496788885884,5.949351505781028,5.9454093104782535,5.940682595136202,5.935187604323537,5.928943724218863,5.921973125543132,5.914300454166034,5.905952562068105,5.89695827171407,5.887347785568047,5.877150613036546,5.866394617969762,,,,,,,,,,,,,,,,,,,,,,,,,,,,,,,-0.8742484842329272
1998-02-28,7.036318832329909,6.847245906011803,6.726941137962522,6.625646577757033,6.535129608014081,6.453865018448705,6.381480012528605,6.317541472168278,6.261438745490487,6.212457849085142,6.169876293229887,6.1330059196782605,6.101200152492618,6.073869980410154,6.050495232640183,6.030630357480786,6.013889900682231,5.999932902912291,5.988449540724315,5.979147574485931,5.971740555181417,5.965939640979545,5.961454712119207,5.957998818022223,5.955297128990416,5.953096619002599,5.951167291156689,5.9493092327339,5.947354974941996,5.945167111256554,5.9426381199727505,5.939688990383361,5.936262672645611,5.932317435306354,5.927824196853528,5.92276476286094,5.917129759070056,5.9109154692228,5.904122376535418,5.896754615061839,5.8888194091603445,5.880326595036684,5.8712883074559725,5.861718718542779,5.851633811407842,5.841051183301749,5.829989870651795,5.818469840100431,5.806510655981938,5.794131056022349,,,,,,,,,,,,,,,,,,,,,,,,,,,,,,,-0.8238609832447663
1998-03-31,6.967351889131806,6.7311302197554035,6.601800712365688,6.497640938238772,6.402264978915146,6.31440825259305,6.23470874079232,6.163376192557359,6.100168554528306,6.044580396627525,5.9960048317251164,5.953798229613052,5.917310703042859,5.885922840374827,5.859066849230894,5.836235986710363,5.8169739819121515,5.800863880944,5.787518119137559,5.776567580799286,5.767653742983962,5.760427783807303,5.754555352848348,5.749721810209329,5.745639004705458,5.742049568594528,5.738726317101414,5.735476658754178,5.732143313166259,5.728601335331121,5.7247580335153545,5.720550222688585,5.715935848221592,5.7108869742640636,5.705387419232183,5.699431089009739,5.693019150963207,5.686155710401287,5.6788465940009205,5.671099143833255,5.6629221288679,5.654325639617696,5.645320937823667,5.6359203233609,5.626137018890322,5.615985069555889,5.605479248136426,5.594634651306048,5.583465892742467,5.571986953455227,,,,,,,,,,,,,,,,,,,,,,,,,,,,,,,-0.9227714925042809
1998-04-30,6.814758197694593,6.611766431743188,6.464026529175487,6.341178209556392,6.236798880892912,6.147880713810277,6.07224834139391,6.008090261382244,5.953850663035608,5.908186486591988,5.869934348868321,5.838055403528966,5.811608522473756,5.789762571878772,5.771808411747227,5.757160273353874,5.7453346933438985,5.735928603244611,5.728598309680651,5.723038705291033,5.718966397321206,5.716110784825843,5.714212024128035,5.713020990454368,5.712305192861647,5.71185107959972,5.711465865459133,5.71098270039761,5.710262053977023,5.7091902830901295,5.707681597784888,5.705675496177784,5.703130033289329,5.7000170883652395,5.696320282571022,5.692033281833813,5.687156973733809,5.681696172622675,5.675658728173827,5.66905507899221,5.661897647058875,5.654200466379829,5.645978991721592,5.637249937161138,5.628031136162505,5.6183414199043025,5.608200485457837,5.597628217465961,5.586643705270555,5.575265158698504,,,,,,,,,,,,,,,,,,,,,,,,,,,,,,,-0.9065717111026048
1998-05-31,6.87233848624043,6.6636625136093555,6.485699043873272,6.337791469393331,6.212812849511758,6.106705187387761,6.016550547337735,5.939958026657476,5.87492684350985,5.819795633472021,5.773184584968835,5.733910078469532,5.70094163094447,5.673389260890132,5.6504997246810245,5.63164160882799,5.616280420808937,5.603956863630848,5.594267346214273,5.5868452813972125,5.581344594605691,5.577431453944127,5.574784482856034,5.573096764282966,5.572084764282876,5.571489842253884,5.571081453081376,5.570662654295652,5.570070675260957,5.569175087730709,5.5678790958943525,5.566114963083877,5.563835666446718,5.561009995035591,5.557620237640414,5.553660121425731,5.549130900390244,5.544037753379762,5.5383890059162555,5.532195578084337,5.525470206701593,5.518227082546814,5.51048167948445,5.50225060865942,5.4935514921326165,5.484402852998742,5.474823964544454,5.464834052031116,5.454451483421487,5.443693767583238,,,,,,,,,,,,,,,,,,,,,,,,,,,,,,,-1.0525428527684095
1998-06-30,7.367130688633218,7.207445673218676,7.039644881956483,6.878482476434958,6.727479060616185,6.5889298295959575,6.463293891967227,6.350037275288538,6.248268799497321,6.157048537663532,6.075488958562631,6.002750235257156,5.93803971912737,5.8806145331141435,5.829789799860188,5.784944216565591,5.745515543282531,5.7109918819015055,5.6809002177997625,5.654791988250351,5.632229970822626,5.612782787650136,5.596023901060836,5.581535117095862,5.56891726761196,5.557792194287485,5.547811231829716,5.538664431946486,5.530082237743171,5.5218347710268745,5.513733507369902,5.505625611135464,5.497387035933243,5.488917807347556,5.480138577735912,5.470987517812356,5.461416022027741,5.451385482193883,5.440865913327981,5.429834971263312,5.418277212264916,5.406183312554396,5.39354935684003,5.38037622371601,5.366669053008455,5.35243678258772,5.337691589105403,5.322447286397774,5.306718159733536,5.290518852538712,,,,,,,,,,,,,,,,,,,,,,,,,,,,,,,-1.2100821509696864
1998-07-31,7.302394201310144,7.113304980859766,6.919359870541356,6.746055109495589,6.5927490310660755,6.456989552667886,6.336402256662988,6.22897608439123,6.133084781609229,6.047439339870822,5.970985069310732,5.902814827663249,5.842138100736751,5.788262078084172,5.740583278107645,5.698574596990019,5.661767688583074,5.629736177361201,5.602076758327436,5.578391900257409,5.558277632501482,5.541321777249355,5.527104974233477,5.5152026234451155,5.5051969533404135,5.496686352157956,5.489298122988512,5.482700605604272,5.476605494602289,5.470769370433301,5.4649950770409355,5.459124731041131,5.453032567853648,5.44661996549046,5.439811565051719,5.43255161578295,5.424799242205584,5.416525405498099,5.407711297607801,5.398346196699207,5.388425314731235,5.377948934456522,5.366921819751986,5.355352706400166,5.343253860766368,5.330640695256895,5.317531100824581,5.3039435085778965,5.289895941127662,5.275406021605915,,,,,,,,,,,,,,,,,,,,,,,,,,,,,,,-1.2549548614393222
1998-08-31,6.947185133903611,6.576495372545771,6.33723070669224,6.157638494756503,6.0103420249929105,5.885272835356376,5.777485073915978,5.683983878059575,5.602692040861149,5.53203460840399,5.470719391545876,5.41762204194739,5.371767336692892,5.332318952922956,5.298578689301865,5.26996502814895,5.245984270778293,5.226202841331626,5.210216373014556,5.197621750266184,5.188000158467223,5.180918080993503,5.175931835780966,5.172593954668844,5.170470966672679,5.169153619348454,5.168272584203196,5.167509364191104,5.166595861703155,5.165316821616662,5.163509070408688,5.161051845830396,5.157857575968671,5.153866608343411,5.149043210774593,5.143371177076145,5.136847611999719,5.129479878900805,5.121284044561507,5.112281528797502,5.102496296517182,5.091954369498727,5.080683587219204,5.068713400297872,5.056074691480377,5.0427996147522105,5.028920893348902,5.014469820390414,4.9994756814341414,4.983965942287801,,,,,,,,,,,,,,,,,,,,,,,,,,,,,,,-1.4151505254996213
1998-09-30,6.635758681435247,6.1866406297402,5.8767670630862945,5.649504147292547,5.477789576956654,5.345347661377899,5.241409367050737,5.158654357334631,5.091956444610891,5.037586684983554,4.99270409550168,4.955100134057655,4.923108471286132,4.895524069330454,4.871532218407023,4.850600546547378,4.832387440795427,4.8166698415591895,4.803276580513972,4.792033844613989,4.782734747185133,4.775135264525378,4.7689542576856505,4.763882453737905,4.759602457297232,4.755803344447416,4.752199864078953,4.748544748197743,4.7446294058368705,4.740288119893853,4.735396295223397,4.729860898030393,4.723612450471887,4.716601282130995,4.708794666385462,4.700173034573625,4.690724922175974,4.680445091550266,4.66933376169928,4.657396144231243,4.644641979605658,4.631085005451927,4.61674249178215,4.601634839584005,4.585785232934568,4.569219320138467,4.551964231454778,4.534046736658104,4.5154928529775695,4.496327917512494,,,,,,,,,,,,,,,,,,,,,,,,,,,,,,,-1.5981719964516925
1998-10-31,6.381737495328762,5.850250730996328,5.544215026919622,5.344694940670037,5.210530509725923,5.11907582805232,5.056839201318143,5.01524492641812,4.98855936639537,4.972735481256094,4.964717514597324,4.96211108598841,4.963060265313858,4.9661760021327295,4.9704830838426295,4.975338683611877,4.9803613336244945,4.985363812275281,4.990280643930888,4.995095462473162,4.99979245435515,5.004326489598898,5.008606320476271,5.012494030895459,5.015824665568135,5.018425979247264,5.020140217225245,5.020836804283786,5.0204143726535015,5.0188067537237036,5.015980469526114,5.011925569434047,5.006649343287287,5.000173646738456,4.992532728103012,4.983769565247833,4.973931673540015,4.9630700251416995,4.951237914247528,4.9384877574023065,4.924869884550038,4.910432752366549,4.89522316208138,4.879286447596673,4.862666638523559,4.8454065605321235,4.827547060564138,4.809125777859428,4.79017723605075,4.77073315447234,,,,,,,,,,,,,,,,,,,,,,,,,,,,,,,-1.4090020140726685
1998-11-30,6.0272121563783045,5.6974067165351645,5.444359373322285,5.249157256449532,5.098493297227271,4.981641696723428,4.8905735568350375,4.819352252603575,4.763722823980981,4.720561979689929,4.687394557821901,4.66217043979878,4.64318773950294,4.629046445635309,4.618643678797179,4.61112625773091,4.605848515563847,4.602330997370269,4.600209287950199,4.599176501581152,4.59894662986436,4.5992340560271625,4.5997455678276316,4.600189184440624,4.600283964204131,4.599773565369847,4.598451348647054,4.596164890346264,4.59281069883433,4.588330236637086,4.582702332539468,4.575929816617733,4.568029865093302,4.559031483132462,4.548973872239253,4.5379059794178085,4.5258864783518025,4.51298244559397,4.499264123368658,4.4847984537071515,4.469648582071285,4.453874308805295,4.437532478102984,4.420677313933903,4.403360711179384,4.385632411326896,4.367538736571464,4.349120745461563,4.330414441068139,4.3114512763338535,,,,,,,,,,,,,,,,,,,,,,,,,,,,,,,-1.3066501766883754
1998-12-31,5.331274954734759,5.11199618597356,4.9574946338802865,4.8192571366726655,4.699523125074071,4.600197295367756,4.520083399877861,4.456888704822055,4.408242665119689,4.371899164752875,4.345684264195661,4.327583115694346,4.315810742258175,4.308863649195524,4.305554434656798,4.304988326486015,4.3065323113446805,4.309775161933337,4.314459271064442,4.320396978128343,4.327415336345782,4.335312710351829,4.34384915761923,4.352752871768415,4.361727166815852,4.370471964503498,4.378710110539471,4.386202789751521,4.392755294774096,4.398218163110152,4.402480004394086,4.4054587094947735,4.40709550717173,4.407351478218422,4.406205151633369,4.403654218869298,4.39971664607377,4.39442782286059,4.387833225802408,4.3799821823995115,4.370926960198493,4.360722416786735,4.349425698624874,4.337095980947574,4.323794242344187,4.309582768643727,4.294521783002448,4.278666497230408,4.262067341428498,4.2447704421593535,,,,,,,,,,,,,,,,,,,,,,,,,,,,,,,-0.959375789981884
1999-01-31,5.1929424211955695,4.963921251389309,4.7991614760396475,4.658659449267388,4.538664202222389,4.438631258079096,4.356748303875664,4.2907374213416904,4.238469725586846,4.197980570461968,4.167386040069238,4.144960455811671,4.129171839975845,4.118736519441988,4.112636565762788,4.11009713720874,4.110554114976396,4.113610606570926,4.118979212488778,4.126419149986382,4.135695887857819,4.1465465207405305,4.158676233396032,4.171763206579093,4.185464994651918,4.199436171109477,4.213347133382334,4.226893383377704,4.239799161595705,4.251824096407383,4.262761396061841,4.272438920354395,4.280716300689692,4.287480312520131,4.29264265972364,4.296146949274213,4.297971054235509,4.298121855801244,4.296624011061405,4.293512474963969,4.288830952526986,4.282630857163566,4.274970414356872,4.265913887561255,4.255530907071951,4.243895130740838,4.231078521290396,4.2171478169279775,4.202164858900358,4.186187081189781,,,,,,,,,,,,,,,,,,,,,,,,,,,,,,,-0.9949618507336018
1999-02-28,4.958347266314629,4.903448213442803,4.865472225173206,4.822434220372418,4.780805940459046,4.743969630929699,4.712621286426005,4.686392796561125,4.664668992553216,4.646805205569686,4.632140862171892,4.620009372877797,4.609762764584651,4.600840221836,4.592823989436734,4.58546586114801,4.578681357007637,4.572508870561627,4.567056703722752,4.562447210685379,4.558778678905602,4.556089909222969,4.554361373682719,4.553513301254238,4.553413688416794,4.553897375064438,4.554786977930028,4.555905141075776,4.557082444723803,4.558164978000739,4.559014928478116,4.559512952449273,4.559556656653336,4.559058117119934,4.557942258723688,4.556146966246197,4.553622196816362,4.550328435287423,4.546235946785956,4.541324695716196,4.535583392616674,4.529008453625092,4.521603104478433,4.513376606694846,4.504343585618993,4.494523034976547,4.483935913679422,4.472603972978615,4.4605496447257025,4.447795973312761,,,,,,,,,,,,,,,,,,,,,,,,,,,,,,,-0.3115420607449426
1999-03-31,4.727137597987333,4.678865001039479,4.669612043052024,4.658539304240422,4.6449921427170136,4.630747308927902,4.6168920944135845,4.604005385372094,4.592415887703342,4.582259533582938,4.5734927602812325,4.565939601114002,4.559356025368329,4.55351608879756,4.5482716039914415,4.54358175981986,4.5395086914508616,4.536178697258654,4.533736418131173,4.53230682235492,4.531961288520988,4.532696568108238,4.534441199362658,4.537052757627259,4.540330664566228,4.5440404183991445,4.547940515508305,4.551796030394672,4.555395526538271,4.558562695575843,4.561155470840705,4.563062820163786,4.564200133149068,4.564505323246529,4.56393477688195,4.562458427923591,4.560057196738889,4.5567215104606795,4.552449672434193,4.547246341596156,4.54112168839333,4.534090738637694,4.5261728089291,4.517391019065731,4.507771862167652,4.497344221118251,4.486137191381716,4.474179404316406,4.461499065002635,4.448123994870486,,,,,,,,,,,,,,,,,,,,,,,,,,,,,,,-0.144878064404395
1999-04-30,4.919933048245875,4.9313203062510125,4.949408182692768,4.9501225706142735,4.936624511640304,4.914872830738304,4.889211891047419,4.862300932991763,4.835672826290741,4.810150403566004,4.786075647627178,4.763498363211643,4.742314503852102,4.722392035568612,4.703640864805398,4.686050875568112,4.669690002312721,4.654671487825036,4.641116280848,4.629124221041785,4.618741066733427,4.60994623102595,4.60265671570953,4.596724640340683,4.591951775671719,4.588112466839245,4.584977637259643,4.5823256378306265,4.579959897480953,4.577716186265148,4.575460577582465,4.573085786580814,4.570507155015676,4.567659271942842,4.564491710372453,4.5609640957026825,4.557044177668748,4.5527067850969205,4.547933154166005,4.542710333791217,4.537030492550692,4.530890309201797,4.524290448241698,4.517235106982368,4.509731608286997,4.501789554889353,4.493419542364784,4.484632824598737,4.475441245648379,4.465857180725431,,,,,,,,,,,,,,,,,,,,,,,,,,,,,,,-0.10978264467987131
1999-05-31,4.922461179790758,4.910179495682413,4.963875009520064,5.01593394949489,5.051241167350833,5.0716145878034595,5.080947107036949,5.082406294857956,5.078267745054742,5.07015804750647,5.059196447676183,5.0461419770643205,5.031527967739299,5.015771120582932,4.999249268211212,4.982344675204989,4.965448803668879,4.948939011671582,4.9331473680040165,4.918340985249321,4.904698163326425,4.892308951860108,4.881183010010164,4.8712571900981,4.8624153510205295,4.854506848248959,4.847364745431205,4.840816243732746,4.834699721128351,4.8288722110099735,4.823213873149582,4.81762639754692,4.81202975949498,4.806359361373982,4.800562183864153,4.79459368902281,4.788416554610623,4.781999784730368,4.775318264948233,4.768352255645893,4.761086747199399,4.753510896884599,4.745617544353917,4.737402793184156,4.728865607389267,4.72000712482623,4.710830099571736,4.701338708853793,4.691538407832217,4.68143580180544,,,,,,,,,,,,,,,,,,,,,,,,,,,,,,,0.14769686771571244
1999-06-30,4.725103150935112,4.84281299980718,5.02954484257956,5.179909261191719,5.283123326012471,5.348808010411074,5.387066847554353,5.405525136111864,5.409616982822218,5.403212015280284,5.388967950823109,5.368676399222564,5.343594817725678,5.314681596215043,5.282737207367267,5.24848591289482,5.212606374989446,5.175730279546565,5.138429302578389,5.101204158950024,5.064460008596935,5.028511216037182,4.993581399136592,4.9598101591756025,4.927272280049861,4.895995534095397,4.865976715313983,4.837193900854911,4.809623301621353,4.783243160260024,4.758033167977565,4.733974185176059,4.71104806354299,4.689236638192496,4.668516383700657,4.648855775037551,4.63021621155295,4.612553723513629,4.59582277148611,4.579977788982275,4.5649732187301755,4.550763511576884,4.5373031255444065,4.524546525409007,4.512448552777276,4.500966572127178,4.490061530686333,4.479697644319827,4.469842063995774,4.460464582275012,,,,,,,,,,,,,,,,,,,,,,,,,,,,,,,0.6781088643451714
1999-07-31,4.963943571265415,5.228715799242231,5.454573275515003,5.598897794437258,5.683602984184354,5.7291795836075226,5.749386714504601,5.7528797241130905,5.745052286224675,5.72924945526137,5.707478060690463,5.680926083938297,5.650344436079568,5.616277272194375,5.579192108663546,5.539547343281756,5.497819746555562,5.4544972122141715,5.4100555862765844,5.364934513393957,5.319507572263372,5.274083812137153,5.228901555478962,5.184136534138388,5.139922898667859,5.096372975647412,5.053587650611064,5.011667509480217,4.970718412286368,4.930844502750457,4.89214079093453,4.854693686294494,4.818582284067105,4.7838765164408175,4.750626805756395,4.718861759984129,4.688591014074861,4.659808597058645,4.632497237362623,4.606630440769619,4.582173621569621,4.559085065832728,4.537316760271933,4.516815115973877,4.497522763845951,4.479383442242308,4.462343725115329,4.446352767520778,4.431362042239906,4.417325108006905,,,,,,,,,,,,,,,,,,,,,,,,,,,,,,,0.7653058839959552
1999-08-31,4.919469078075564,5.277848809958766,5.543900617076319,5.695382850638193,5.771044534601591,5.799699921740657,5.79891238065953,5.779329172324391,5.747530724778868,5.707589768763482,5.662024561640221,5.612434929399261,5.559920709580236,5.505314624080326,5.449306669747204,5.392509423818481,5.3354908075486485,5.27877260013477,5.222810423613455,5.167977870554433,5.114551821694728,5.062724178172494,5.0126058125632715,4.964242844852058,4.9176407178619685,4.8727862205217125,4.829657918757721,4.788238515814562,4.748518673705427,4.710491246385859,4.674147077647212,4.639475035975833,4.6064622790395005,4.575092390874277,4.5453401645959435,4.51717113092841,4.490543287646252,4.465410426408726,4.441723841404112,4.419432679162361,4.398484200464648,4.378824004837283,4.360396223720871,4.34314370616118,4.327009193239267,4.311938007885359,4.297878537564148,4.284781921928835,4.272601771985569,4.2612939229581475,,,,,,,,,,,,,,,,,,,,,,,,,,,,,,,0.7881206906879177
1999-09-30,5.415006896522689,5.708393605289091,5.922090091724388,6.056047635016956,6.134433679685546,6.175747903326605,6.191721293200486,6.189794243022594,6.174756942128727,6.149675100519837,6.116551992214508,6.0767885539007915,6.031472199155916,5.9815197395806,5.9277503749342095,5.870926253034369,5.81177349451054,5.750977796403452,5.689172170281671,5.626915419541816,5.5646780129391775,5.502848965390573,5.441733890943591,5.3815736778142735,5.322568301899865,5.264894261143041,5.208710743902223,5.15416196185978,5.10137889267879,5.050473580012718,5.001533142671236,4.9546226774116,4.909788543498198,4.867059609066419,4.826446920687642,4.787945620053335,4.751537455935667,4.717193704363931,4.684876913188383,4.654541999267429,4.6261371790764,4.599604766372197,4.574881858555898,4.551901001917286,4.530592641171603,4.510888844806573,4.492723794853014,4.476033568204573,4.460755943264366,4.446830229794029,,,,,,,,,,,,,,,,,,,,,,,,,,,,,,,0.7346682039971482
1999-10-31,5.503553564640088,5.803102178239772,5.980718057462901,6.079428548228058,6.127034000417099,6.140553370105812,6.130852071615149,6.1051022851526335,6.068047677105105,6.022753225874489,5.97121241642283,5.914784059992996,5.854470223847534,5.791063994640592,5.725232101133199,5.657566955724878,5.588618669814899,5.518899936367415,5.44888107218384,5.378969962830142,5.309505712889363,5.2407632455185444,5.1729549259790835,5.106251599328817,5.04080627636759,4.976768858663847,4.914290664883858,4.8535288062447455,4.794644491093079,4.73778850119686,4.683091945015812,4.630668604561878,4.580617006028986,4.5330138328243725,4.487905626702653,4.445311543168931,4.405228115171278,4.367634530447435,4.332495391821179,4.2997625430417,4.2693766247683,4.241268408271578,4.2153599430367645,4.1915658184532125,4.169798041270027,4.1499713430923775,4.1320034995849575,4.115815013438672,4.101328836102657,4.088470122908458,,,,,,,,,,,,,,,,,,,,,,,,,,,,,,,0.519199661234401
1999-11-30,5.68928280116584,6.021226556463953,6.179660463851357,6.238972905982347,6.242969954738512,6.214400922298896,6.166032533106254,6.105459307484759,6.03724816015979,5.964086354391046,5.887541815777976,5.808557086005444,5.727770047669555,5.645689881603199,5.562787277542567,5.479542501415278,5.396458125852405,5.314044857106576,5.232799357164851,5.1531615063710525,5.075503190871941,5.00011864516108,4.9272183334249755,4.8569457005268,4.789398304578088,4.724644215040266,4.662728715016941,4.603679057068326,4.547506700656348,4.494204845305833,4.443748568837745,4.396097551838374,4.351198188924151,4.308983389509408,4.269372557113503,4.232273477456817,4.197587284497116,4.165214464107405,4.135055728929924,4.107011990638895,4.080984335668332,4.0568740044073,4.034582373300876,4.014011306380305,3.9950664761897814,3.977659880499167,3.9617093912176564,3.947138142504255,3.9338739938035183,3.9218490573169915,,,,,,,,,,,,,,,,,,,,,,,,,,,,,,,0.27480355322520644
1999-12-31,5.83942968912109,6.2208015925779545,6.32278688948276,6.3448206546086485,6.324511430301419,6.281320189718028,6.226140881364004,6.165158039372452,6.1017553740433925,6.037589171507465,5.973293119664397,5.908939064566153,5.844349098543736,5.779288798537439,5.713565742759024,5.64709213343315,5.579895035963589,5.51210558215749,5.443931572293278,5.375622351237639,5.307451532369233,5.239699187855172,5.172643116152889,5.106564583259218,5.041752637813454,4.9785026186555035,4.917104948548791,4.8578359936074715,4.80095224670633,4.7466679249246795,4.695151981980656,4.646534991814658,4.600912479784743,4.558334685764532,4.518803300725776,4.4822785279857165,4.448694054009045,4.417970444469516,4.390017805488154,4.364737091079053,4.342021219259977,4.321756028718605,4.303821103379783,4.288091788009599,4.274447350880738,4.262775226597488,4.252970354966539,4.244934399205072,4.238575059878463,4.233805471165457,,,,,,,,,,,,,,,,,,,,,,,,,,,,,,,0.19815948238637482
2000-01-31,6.0629413572282,6.317503431027098,6.43229098365295,6.474908608344599,6.479049371820091,6.460497240061705,6.427894905366073,6.386262857520117,6.338487178437702,6.286146728985763,6.230056011508747,6.170640859069451,6.108182963192551,6.042949463773598,5.975246707534904,5.905441622733038,5.83395104213,5.761225779024773,5.68772565229992,5.613887411230072,5.54011822029317,5.466780223714757,5.394190793050087,5.3226339302776475,5.252371517567788,5.183650837061105,5.116708391829656,5.051772726765149,4.9890584556132875,4.928751139531755,4.871007554652881,4.815960140226487,4.76371722294737,4.714352772269719,4.667905380890482,4.624383401672035,4.583771718223525,4.546036776088904,4.511129060269162,4.47898509029019,4.449529123309513,4.4226746139220365,4.3983254824804865,4.376379016070213,4.356733521427758,4.33929106450121,4.32395713362909,4.310640283041352,4.299251820013308,4.289705529561105,,,,,,,,,,,,,,,,,,,,,,,,,,,,,,,0.2232053717575626
2000-02-29,6.093395223331263,6.247564975107277,6.299470352463384,6.302562523635256,6.278471170460597,6.238118973625627,6.187921196024297,6.131811327783257,6.072160465481521,6.010254462110909,5.9466859864976565,5.88169565730752,5.815408354794405,5.747967148901919,5.679586413578098,5.6105549662515575,5.541213261787026,5.471931323472696,5.403076584352252,5.334981696535275,5.267939045459204,5.202184585293804,5.137902776002163,5.075240292052034,5.0143209126475705,4.955254614889356,4.89814525898431,4.843095719786119,4.790203015848636,4.739550492711677,4.691208529392075,4.645236481682317,4.601679315459518,4.560555918173654,4.521858692488249,4.485557405427639,4.451605241463741,4.4199445161505695,4.3905084711611,4.363222408539107,4.338004658946615,4.31476741159031,4.293417470998685,4.273859266453277,4.256001412782862,4.239758058406509,4.2250483136090375,4.211795733680002,4.199927865341778,4.189375847606288,,,,,,,,,,,,,,,,,,,,,,,,,,,,,,,-0.08314076122035363
2000-03-31,6.079854060543071,6.249956322194497,6.291756535124954,6.273429633573378,6.224754747517927,6.160230337280169,6.087712115644812,6.011640994751301,5.93449252040892,5.857502761071595,5.781174735311134,5.705671400549299,5.631056259629188,5.557419337110972,5.484919693990771,5.413776433423558,5.3442430540335675,5.276585111670835,5.2110400395351935,5.147788590901799,5.0869504192272865,5.028569997047164,4.972629847277951,4.919072886090185,4.867827004622258,4.818817610412052,4.771986244247659,4.727296957946422,4.684725970402884,4.644255633537623,4.605873276179227,4.569570170009348,4.535333819727243,4.503135512739554,4.472930122101256,4.444658856459833,4.418255019002879,4.393648154875161,4.370764740906758,4.349528569152391,4.329861074303059,4.311681614324568,4.294907810572428,4.279458282183898,4.265256988516212,4.252233468912311,4.240322250698846,4.229462329604531,4.21959671380076,4.210672022657333,,,,,,,,,,,,,,,,,,,,,,,,,,,,,,,-0.2223512994714758
2000-04-30,6.044098556379424,6.103602589225406,6.103207647246298,6.06920642559464,6.018080347093614,5.958584004080639,5.895437237508842,5.831311342460236,5.76758497360942,5.704743695792111,5.642734684944454,5.581289969337952,5.520130857835164,5.45907097024084,5.398050305833053,5.337121765677839,5.276424721774841,5.21615599075696,5.156524625354808,5.097727079486093,5.039934574946719,4.9832795392006375,4.927865027587814,4.873779996319818,4.821113164688691,4.769959304360944,4.720430498260783,4.6726531015497415,4.626746447133477,4.5828162627292865,4.540956693890399,4.501251289093867,4.4637614872921745,4.428512920153421,4.395498365779927,4.364683650154633,4.33601847865964,4.3094425874507865,4.284887179322135,4.262275990376191,4.241526200596046,4.222549214335789,4.205251637037539,4.189540383791113,4.175328307933908,4.162534241437212,4.151082358944594,4.1409016212435406,4.131925286883426,4.124090482399325,,,,,,,,,,,,,,,,,,,,,,,,,,,,,,,-0.33935486058731357
2000-05-31,5.993177400359013,6.1314700646781555,6.164378856771786,6.136495840001071,6.079058152901331,6.007581599152226,5.930040488573561,5.850857977731284,5.772419384488187,5.695846861080991,5.621535136064004,5.549539377901386,5.479796739858908,5.41223409053737,5.346805892529307,5.283492312710438,5.222291578411502,5.163208881117296,5.106233431576212,5.051331542337303,4.998445532354205,4.947494877401034,4.8983905377400125,4.851047092674669,4.805390132730806,4.7613600128237135,4.718920269190007,4.67805329022231,4.638748505189939,4.600998794391262,4.564799910418477,4.530149017502583,4.497034657693646,4.465429145677668,4.435290181142424,4.406563598598952,4.379187543604257,4.353094483979149,4.328211957400084,4.304463187667202,4.281767610786809,4.260041325903457,4.2391980584697215,4.219154716843739,4.1998356270710095,4.181172073727986,4.163101559652831,4.145567158209816,4.128516944868295,4.111903496992193,,,,,,,,,,,,,,,,,,,,,,,,,,,,,,,-0.2973305392780219
2000-06-30,5.906560360397906,5.972889588496741,5.976186533007385,5.942865281191083,5.892435700497655,5.834436659261126,5.773702285408834,5.712849556783283,5.6531433138802445,5.594982683639683,5.538305041193353,5.4828877196284616,5.428512472087774,5.37503329922168,5.322390285602335,5.270589148881534,5.219682391478958,5.169747063606192,5.120852795548281,5.0730534590235665,5.026379771846312,4.980839691234038,4.936432254438645,4.8931577488729845,4.8510233790495025,4.810049197452333,4.770276880031996,4.731761430729393,4.6945574994195844,4.658717347172322,4.624291225229816,4.591325432358725,4.5598493388945105,4.529869502094953,4.501372561164644,4.474328918975896,4.44869711355714,4.424425941529344,4.401455710967769,4.379719302470187,4.35914307494681,4.339647643439,4.321149688292743,4.303568938003865,4.286831702298871,4.270870322320504,4.255622528987726,4.241030881560694,4.227042274952883,4.213607506165751,,,,,,,,,,,,,,,,,,,,,,,,,,,,,,,-0.31157767675822257
2000-07-31,5.9404691991415985,5.998651941645382,6.001335815912847,5.969691178247385,5.92218455659931,5.867512302418766,5.810006763227331,5.752007014029747,5.694664032917374,5.63841210571049,5.583329959230948,5.529365763012708,5.476451403205374,5.424549642424174,5.373667077447919,5.323841150811837,5.275117685742988,5.2275302997563315,5.181078045773811,5.135726990091003,5.09141278670377,5.048051077553084,5.005560893147877,4.963882998927756,4.92298499082638,4.8828700440633295,4.843579156292511,4.805175960585539,4.767731737745016,4.731322797335095,4.696029645859749,4.6619325645236,4.629096457796718,4.597566512782474,4.567370803826043,4.538521523438053,4.511015215280537,4.484834500419764,4.4599498617697275,4.436321161361172,4.413898935571265,4.3926255154827984,4.3724375571943614,4.353272760699868,4.335072286984001,4.317780439282144,4.301344328798389,4.285713582208802,4.270840084980602,4.256677755493055,,,,,,,,,,,,,,,,,,,,,,,,,,,,,,,-0.30205709343110865
2000-08-31,5.968864764664225,6.046749209719515,6.033038556210983,5.988710610541592,5.935679321324279,5.881393077716097,5.828411156728621,5.777388142408411,5.728260224268833,5.6807171315221705,5.634421395636919,5.5890903600752155,5.544515998120521,5.500564251708319,5.457177409210432,5.414355388837533,5.372123753564543,5.330505315809655,5.289497301386256,5.249072592896915,5.2091810884310314,5.169761223284746,5.13076077794191,5.09215037230129,5.053925900865327,5.016114907084539,4.9787749764943054,4.941978802680382,4.905803239884066,4.870327985368585,4.835635067641766,4.801805254616069,4.768909516844079,4.737007888667758,4.706149993408719,4.676371600387942,4.647693993386179,4.620125792679249,4.593664578564307,4.5682982713571825,4.544006309438881,4.520760682483915,4.4985280804423615,4.47727382165865,4.456962944908487,4.437560248310336,4.419030314927247,4.401337535168467,4.384446126447979,4.368320150484049,,,,,,,,,,,,,,,,,,,,,,,,,,,,,,,-0.2881476331420547
2000-09-30,5.818452068053503,5.844471222790689,5.8253197473429275,5.788674282998311,5.7459124206805745,5.70165389084028,5.657565559194482,5.614062211184537,5.571136410063551,5.528677602469393,5.486598556055359,5.444869426833332,5.4035227360534135,5.362653332181854,5.3224169992421695,5.283003600545917,5.244601705435777,5.207361910222174,5.171374063758099,5.136670812644608,5.103225061801534,5.070967452216771,5.039810260179066,5.009664446429413,4.9804447483576,4.952074717163864,4.9244870033341455,4.897622620231343,4.871430804245254,4.845867845470539,4.8208960205260345,4.796484648478989,4.77261270551294,4.749268109338388,4.726444928772504,4.704137658726657,4.682339453350144,4.66104227550442,4.640237049492305,4.619913790877819,4.600061717307983,4.580669343221722,4.561724554238552,4.543214665511682,4.525126482667119,4.507446357181939,4.490160234697994,4.47325369729642,4.456712000595673,4.440520106397791,,,,,,,,,,,,,,,,,,,,,,,,,,,,,,,-0.28977446558411035
2000-10-31,5.738552930534905,5.7275211293093085,5.721382130012452,5.700166198432064,5.668932003948816,5.632823078634579,5.594448276899643,5.554921511361079,5.514766308092085,5.474262265427434,5.433595948137316,5.392928023891771,5.352420683995167,5.312251381729489,5.272616956677334,5.233706967490273,5.19567264044987,5.158604992043106,5.122526408439819,5.087404511080363,5.053164337439083,5.019709446785947,4.986945839292434,4.954796347539717,4.92320265232243,4.892128117241197,4.861555035355842,4.831479257866073,4.801905758288637,4.772846905976995,4.744321360847997,4.716354482715861,4.688979113337238,4.662234610604987,4.63616217103267,4.610796279001125,4.586163630213024,4.562284145529738,4.539171839540722,4.51683555884752,4.495279612306178,4.474504302095296,4.454506252998285,4.435278660842049,4.41681165298049,4.3990926218223,4.3821065157825725,4.365836093865472,4.350262149073508,4.3353637050077065,,,,,,,,,,,,,,,,,,,,,,,,,,,,,,,-0.26429066510747035
2000-11-30,5.615950557174703,5.48220050907404,5.416356487936447,5.370920905883411,5.331850833700352,5.295613931486598,5.260585577869372,5.225765469484038,5.1905640304609255,5.15467368057586,5.118012892671114,5.080664647458511,5.042826497579042,5.004781188926275,4.966866967804742,4.929424805116031,4.892755674243685,4.857079219606766,4.822525044568217,4.78913927496488,4.756887526889245,4.725676263767354,4.695387081072898,4.665901085876848,4.637108937076145,4.608920612360532,4.581263785903027,4.554082592874704,4.527336199009778,4.500996379550287,4.47504576782323,4.449480656584019,4.4243147437296395,4.399577010691279,4.375303161904784,4.351524843552299,4.328268629924488,4.3055566893451624,4.283407349038835,4.261835575268125,4.240853383207161,4.220470142065681,4.200692041147421,4.181521258538107,4.162956236472285,4.144992087329163,4.127620947872545,4.110832289210774,4.094613188802382,4.078948569821078,,,,,,,,,,,,,,,,,,,,,,,,,,,,,,,-0.4612768765988422
2000-12-31,5.403280047209826,5.237222703901603,5.191763401062878,5.170289361993417,5.155798433525662,5.143715163946496,5.13163434853624,5.118033381656004,5.101999758455449,5.0830411589177436,5.060984238279308,5.035904927854513,5.008080249088857,4.977961986396333,4.94612406744723,4.913182486741718,4.87973382729447,4.846288204872618,4.813258886812841,4.780946478345161,4.7495336006985,4.7191041338457715,4.689674050381051,4.661217703353013,4.633683972229127,4.607008136488657,4.5811164587986815,4.555934504000858,4.531390591415957,4.507415442269397,4.483942881394885,4.460919580985758,4.438312125766444,4.416104349030361,4.394289680045558,4.372864330348886,4.351826376866771,4.3311755164682575,4.310912858280072,4.291040747154396,4.271562612970653,4.252482684245344,4.233804232806532,4.215528077191234,4.1976527148048355,4.180174574218009,4.1630882352555085,4.146386621573875,4.130061169658189,4.114101977539218,,,,,,,,,,,,,,,,,,,,,,,,,,,,,,,-0.32023888829208236
2001-01-31,5.315923434313601,5.150378946121994,5.1048850910494155,5.085385514503477,5.071261430506324,5.057418064698562,5.041831453496757,5.023577751151689,5.002301085650712,4.977989991336946,4.950876363778215,4.921365707607415,4.8899919240584735,4.85738286523394,4.824219158268412,4.791186765693007,4.758932750465301,4.728005397523938,4.698848870224508,4.67176509700724,4.646907227482028,4.624283125212874,4.603778934080004,4.58519566652533,4.568279510853887,4.552751498166663,4.538324183469661,4.5247311029475705,4.511732717232819,4.499112071087283,4.486674823081101,4.474267714927419,4.46178587348428,4.4491651229010305,4.436367228476154,4.423369674700115,4.410163140658396,4.39674976390057,4.383141671406447,4.369359730907296,4.355432484546569,4.341394380014309,4.327279364408961,4.313117086525754,4.2989331723804876,4.28474966246815,4.270585393201314,4.256456330668712,4.2423758635254325,4.228355060736277,,,,,,,,,,,,,,,,,,,,,,,,,,,,,,,-0.33793344297665495
2001-02-28,5.224165716807396,5.0647091609884045,5.033913348995274,5.032300556823954,5.0335522846416465,5.031744180741099,5.025705872385635,5.015340020331779,5.0008039296848645,4.982391515158415,4.960526063367032,4.935746099150846,4.908680192192834,4.879999566228001,4.850377625486513,4.820455839697578,4.790814583997931,4.7619387435867395,4.734219027909154,4.7079241144928,4.683203323419649,4.660089483086906,4.638523416212657,4.618381882511084,4.599503852012537,4.581712526780645,4.5648286278552686,4.548690205454877,4.533154254467946,4.5180935934342275,4.5033963752576485,4.488972071148859,4.474751908843922,4.460685689380475,4.446737207151874,4.432878962730027,4.419090377829051,4.40535688347379,4.391669149575368,4.3780224300704,4.36441600218084,4.3508522303695605,4.337334149529189,4.323864399815762,4.310445241033329,4.29707859397657,4.283766076495615,4.27050903505277,4.257308572415153,4.244165572024206,,,,,,,,,,,,,,,,,,,,,,,,,,,,,,,-0.24177420164898056
2001-03-31,5.0372523549158785,4.8922843168178,4.866531720114405,4.864176131851596,4.864412730498836,4.863458924494757,4.8608562774621635,4.856535629332086,4.85041378352113,4.842460221578085,4.832758539526538,4.821524821956674,4.809090979681869,4.795856875905285,4.782249351392751,4.768694472315851,4.755583209637405,4.743243032813977,4.731929451590585,4.721793996902942,4.712885425327071,4.705147210072251,4.698444493911246,4.6925895107534235,4.687372442776783,4.682584324942517,4.678037637100076,4.673574479351456,4.669062004119885,4.66438828881165,4.6594618269496175,4.654216028953669,4.648607699853147,4.642613357337241,4.636222732799643,4.629432594041678,4.6222453007149165,4.614668068530507,4.606712346687413,4.598393288686453,4.589729288940609,4.580740732962975,4.57144721194647,4.56186678831055,4.5520161549545355,4.541910784118494,4.531565057240605,4.52099237858236,4.510205274940468,4.499215483393337,,,,,,,,,,,,,,,,,,,,,,,,,,,,,,,-0.19479213333779377
2001-04-30,4.976814845992941,4.92256456203444,4.954303253059119,4.9987693229566945,5.037199908137513,5.067558174079604,5.0907570871937,5.107741526244125,5.119252082224964,5.125956059655681,5.128506115599198,5.12756082360109,5.12378327021281,5.117812783156795,5.110248671236586,5.101644338548059,5.092476935025018,5.083136968808283,5.073923310243196,5.065021829916046,5.056515268166487,5.048393356738838,5.040583734711797,5.032974762435977,5.025446926285189,5.017890083502843,5.010214536955375,5.002352674845698,4.994255291453412,4.985888538682273,4.97723200805102,4.968277679680569,4.959028254130695,4.949495174562299,4.939693878820447,4.929640336172056,4.919350767776862,4.908841613543617,4.8981295040853485,4.887231236881323,4.876163739203919,4.864943479406365,4.8535853392245745,4.842102533250912,4.830506793086587,4.818808528536338,4.80701696822508,4.795140282637474,4.78318569209142,4.771159561754734,,,,,,,,,,,,,,,,,,,,,,,,,,,,,,,0.14914121366274014
2001-05-31,4.989293304209184,5.041589215435457,5.127147642815011,5.193964620123087,5.2375591374002815,5.263900490715822,5.27812989360059,5.283697486020334,5.282979252615688,5.277702008132699,5.269173271134314,5.258421482017848,5.246267977139477,5.233363440623656,5.220225471517872,5.207274015468752,5.194837397968129,5.183164248653368,5.172421607040835,5.16269102010875,5.153968086417187,5.146167564445245,5.1391403111527065,5.132702194500476,5.126663933504762,5.12084735830551,5.115104413656697,5.109317884317569,5.103396139637229,5.097269000177197,5.090885563852938,5.084212367579542,5.07723083939996,5.0699343846829645,5.062322696347031,5.054398606799529,5.046167571570041,5.0376373241627,5.028817584008175,5.019719808222316,5.010356872201126,5.000741898438684,4.990887348369413,4.980805029925217,4.970506170146861,4.960001478324321,4.949301201076649,4.938415170546867,4.927352846695433,4.9161233545185015,,,,,,,,,,,,,,,,,,,,,,,,,,,,,,,0.2884087039235146
2001-06-30,5.133085991456822,5.308091272880489,5.4091297692706695,5.459941247856559,5.481942948488114,5.487586038269094,5.483166970699668,5.47206614293969,5.456384013508283,5.43758698537232,5.416767669020284,5.394779226364887,5.372292676417623,5.349831301629132,5.327806157795569,5.306543381461543,5.286286306200692,5.267207261511897,5.249403828975454,5.232899118385839,5.217642846442637,5.2035198816449615,5.19036862218423,5.178008202000815,5.16626321125487,5.154975934216836,5.1440187895825,5.133291988960431,5.122718752799221,5.112241378915476,5.101817568288927,5.091417641705666,5.081022602259025,5.0706216123301076,5.060207404833762,5.0497744497592,5.039318692729762,5.028837360840533,5.0183287983670875,5.007792327053475,4.9972280664772875,4.9866364834208365,4.976018135933138,4.965373653387338,4.95470372855582,4.944009110718986,4.933290599653755,4.922549040373512,4.91178531851215,4.90100035626201,,,,,,,,,,,,,,,,,,,,,,,,,,,,,,,0.30450099391549834
2001-07-31,4.978306244994155,5.006832087753145,5.069532987278841,5.119635717312978,5.152607280278944,5.172219424419417,5.181741745731161,5.183480231583288,5.179167109638569,5.170162844013368,5.157572594904083,5.1423313588735775,5.125249496010587,5.107032636415988,5.088282620444681,5.06949866140488,5.051067116734088,5.033275967045053,5.0163079224137155,5.000247339409385,4.985091676903548,4.970773599925304,4.957186601590905,4.944214227967514,4.93174333067062,4.919671714161985,4.907915961585626,4.896409327845842,4.88509886293268,4.873942645426671,4.862906098160605,4.851960003663031,4.841079665855943,4.830244002575342,4.819434435619505,4.808634384958882,4.797828997490288,4.787004919809742,4.77615010594335,4.765253654763736,4.7543058069611135,4.7432983418610695,4.732224623193546,4.721079424264674,4.709858771337192,4.698559807439522,4.687180673560897,4.675720404697118,4.664178838625392,4.652556535626193,,,,,,,,,,,,,,,,,,,,,,,,,,,,,,,0.19185659901921337
2001-08-31,4.650575528287033,4.722940075224681,4.797274598285509,4.8562349983551485,4.901151357114713,4.933824341453178,4.95585589519707,4.968909347638366,4.97464353227369,4.974553073966852,4.9699115708519495,4.961812006306965,4.951219858693954,4.938999020000959,4.925905652682484,4.912577602592882,4.899520851997496,4.887122429836477,4.875634877461479,4.8651844299257485,4.855779018195174,4.84732943589431,4.839675144366915,4.832618527185338,4.825943239718043,4.819438991187765,4.812918535776767,4.806214931564862,4.799178149900424,4.79167872782105,4.783621697820837,4.774946212144355,4.765619093199109,4.755624251347426,4.7449568734450684,4.733621741412853,4.721631935606237,4.709007742916026,4.695775732853578,4.681967939686326,4.667619467738407,4.652763705523599,4.637431293736729,4.621650426741287,4.6054471243840425,4.588845468355537,4.571867808376924,4.55453494261345,4.536866275996483,4.518879959546899,,,,,,,,,,,,,,,,,,,,,,,,,,,,,,,0.32397754567981973
2001-09-30,4.193812336155898,4.280790631072389,4.414028810144254,4.530796624608052,4.626475204434265,4.703186668429687,4.763704097751253,4.8107187369016104,4.846648432524118,4.873540504035015,4.893075521372693,4.906659470328145,4.915506542642874,4.920680742284466,4.9231070561009505,4.923573576559698,4.922736021845538,4.921133398427348,4.919183140694759,4.9171919093478484,4.915360726678619,4.913795834591788,4.912527567350446,4.911526040827087,4.910713243938303,4.909982304857985,4.909217551114019,4.908298284300443,4.907099974939719,4.90550453772534,4.903417508099443,4.900768007065087,4.897504797660145,4.893592109938003,4.88900695771989,4.883737354741056,4.877780828175911,4.871143166869711,4.863837362149984,4.85588264279033,4.847301945650014,4.838118260682455,4.828354008707556,4.8180311046250885,4.807171013628045,4.795794800083804,4.783923170175163,4.771576509211223,4.758774914369602,4.745538223509591,,,,,,,,,,,,,,,,,,,,,,,,,,,,,,,0.6797281678791167
2001-10-31,3.909607234450971,3.9384670360616174,4.046457702653982,4.158101476329545,4.255879636154179,4.336267649465551,4.39998050974961,4.4490830238605525,4.485893114227683,4.512563540071909,4.530973658733752,4.542764458728812,4.549389090157967,4.5521245423902785,4.552072491374347,4.550158042236279,4.547138800963411,4.543620665690461,4.540058173450497,4.536766216963986,4.53392774728283,4.531612862099685,4.529804798014302,4.528419497823797,4.527320500259229,4.526346475795371,4.52533347524013,4.524117046219738,4.5225332832553224,4.520434284538216,4.517705840690598,4.51426476807708,4.510053292289831,4.505033210990407,4.4991825762567546,4.492493433749601,4.484969931687773,4.476626728406323,4.467487644905744,4.457584298762456,4.446951800167848,4.43562413178041,4.423633763749052,4.411011825532518,4.397788254864963,4.383991927291235,4.36965076916573,4.354791856526411,4.33944150186178,4.323625330465825,,,,,,,,,,,,,,,,,,,,,,,,,,,,,,,0.6029563056209382
2001-11-30,3.765742040918587,3.95418346652822,4.147500877773722,4.294182719085325,4.404270831687075,4.487386505265145,4.549838163665837,4.596027578230235,4.629295409683083,4.652270088895916,4.667064428319613,4.675432400251411,4.67887222420364,4.678656982384791,4.67585664980703,4.671343975742886,4.665819656849206,4.659827418859596,4.653759198119113,4.647876107865514,4.642321415992639,4.637143676485318,4.632320148308571,4.6277729439311885,4.623382630970135,4.619013886761997,4.614530579496726,4.609796573626686,4.604676906236598,4.599055321855849,4.592853324145566,4.586026753935208,4.578556048214942,4.570435542619546,4.561670348536584,4.552274855343942,4.542271476627355,4.531689594363589,4.520564665536965,4.50893726389588,4.496849029469895,4.484337862755054,4.471437720893374,4.458179065583679,4.4445892514641825,4.430692863836464,4.416512013275751,4.402066593414918,4.387374507163081,4.37245186577799,,,,,,,,,,,,,,,,,,,,,,,,,,,,,,,0.886528047977329
2001-12-31,3.9530870973358647,4.295111446212421,4.548584449736729,4.718996987418718,4.838100309401752,4.923556132374675,4.985161485818071,5.028977976385046,5.059180098714373,5.078804971295815,5.090147405544186,5.095017133410795,5.094899125092956,5.091015566787838,5.084369478759737,5.0757663685243255,5.06585128426997,5.055126255799554,5.043966029145126,5.032639018916309,5.021320090002751,5.010107090247338,4.999034808790186,4.988085862498759,4.977203954591104,4.966314889157923,4.955336346855516,4.944179528333042,4.9327523211635205,4.920978763932337,4.90881287141885,4.896234800838794,4.883241876651354,4.86984058660269,4.85604470724672,4.841874291606819,4.827354821004279,4.812516490808577,4.797393606072219,4.782023705322748,4.766443398029529,4.750684883864216,4.734776156640797,4.718741482253962,4.702601812892352,4.686375147224013,4.670076844600704,4.653719899986675,4.637315185222708,4.620871661338459,,,,,,,,,,,,,,,,,,,,,,,,,,,,,,,1.1257178739599505
2002-01-31,3.9654435551891707,4.300433050816744,4.529523027010181,4.675047546119598,4.7691419519284866,4.830009890815722,4.868245900849436,4.890558978690366,4.901517105847966,4.90435918672951,4.901465229576223,4.894628117716995,4.885232394821986,4.874360363372695,4.862865851446232,4.851407496752375,4.840488752793447,4.8304633123388845,4.8215495397126755,4.8138372897946615,4.807298405397492,4.801809535294549,4.7971799792574465,4.793173232412893,4.789527383316307,4.78599065725925,4.782329610244928,4.778325998550968,4.773778967828815,4.768530501123854,4.762475693209272,4.755554252775464,4.747736156709929,4.739011390204463,4.729386718995037,4.718883358730651,4.707535022282398,4.695386275372125,4.6824911446139,4.66891083114386,4.654705570026032,4.639929912390581,4.62463313789285,4.608859853744577,4.592650513874308,4.576041870371211,4.559067367297783,4.541757485275959,4.524140043879007,4.506240467736397,,,,,,,,,,,,,,,,,,,,,,,,,,,,,,,0.9389156315403397
2002-02-28,3.937888609793162,4.253545263287702,4.481799146376345,4.63412919170455,4.739452347255884,4.8138538838624205,4.86641321737728,4.902908838225524,4.927384647009462,4.9428288113027605,4.951538296777499,4.955292390787702,4.955478903947176,4.953183496782115,4.949258928485611,4.944360959236927,4.938990754830738,4.933506660953057,4.928145380741822,4.9230353438143455,4.9182177297383465,4.913674215173701,4.909346260912939,4.905145287915547,4.9009662718121785,4.8967066619964275,4.892269510997814,4.887562505555917,4.8824997415821905,4.877010950649098,4.871043420565144,4.864559346411359,4.857533220242824,4.849949435292736,4.841800769214185,4.833087219419823,4.823815027438669,4.813995857321855,4.803646098290515,4.792785728054352,4.781435452940282,4.769615472414845,4.7573455045808775,4.744644840877932,4.7315323934893,4.718026736565535,4.704146142185362,4.689908611821511,4.675331903953563,4.660433558367268,,,,,,,,,,,,,,,,,,,,,,,,,,,,,,,1.0049402015095987
2002-03-31,4.1807873103915965,4.583680606556209,4.844873804220861,5.00897810964546,5.117634008171055,5.191421687371798,5.241266794898755,5.273895457043518,5.293905111693215,5.3046268457483015,5.3085687684924165,5.307638671915336,5.303303080688343,5.296697570787198,5.28870005710636,5.27997531536178,5.271019685604704,5.262175022467782,5.2536543668320235,5.245557590511242,5.237896530393571,5.23062244404289,5.223652532511298,5.216887267843904,5.2102280854365155,5.203585901025158,5.1968797674168865,5.190035457352103,5.18298638197936,5.175677809877744,5.168066539631658,5.160119054500481,5.1518092717617625,5.143116560275277,5.134024865303387,5.124522072897685,5.1145994773598975,5.104251332787928,5.093474476202225,5.0822681905484774,5.0706344482576755,5.058577763638516,5.046104899459439,5.033224611441835,5.019947426820826,5.006285449923293,4.992252041830433,4.977861219941302,4.963127433187993,4.948065516653555,,,,,,,,,,,,,,,,,,,,,,,,,,,,,,,1.123839535356705
2002-04-30,4.074358998500257,4.3878827956941135,4.613796621383094,4.775945696671792,4.895532250740416,4.984167774218779,5.049284916070244,5.096363432076481,5.129596811969554,5.1522232800576555,5.166772999181947,5.175219800550183,5.179113208090763,5.17968978258355,5.177930187988486,5.174606181754376,5.170316553269483,5.165495652953359,5.160440888197413,5.155331152372096,5.1502540753624935,5.145232474509493,5.140249760801472,5.1352664132587895,5.130237105271817,5.125117298864364,5.119863241091516,5.114431901137528,5.1087830398414065,5.102882802747089,5.0967034858997415,5.090222505018953,5.083421022719474,5.076282919620338,5.068794373677079,5.0609435411072194,5.052720289057573,5.04411597048196,5.0351232524799645,5.02573658203765,5.015953249694738,5.005773329745212,4.995199357647892,4.98423605034862,4.9728900638928035,4.961169780613355,4.949085049789469,4.936646872094112,4.923867244449447,4.9107590602181945,,,,,,,,,,,,,,,,,,,,,,,,,,,,,,,1.0778642815573987
2002-05-31,4.158972428503944,4.50849676941642,4.739263971540469,4.894122609069399,5.002032046736256,5.07837189715871,5.132532483470017,5.170778903582036,5.197450451684916,5.215642721788014,5.22760079720541,5.2349635185460155,5.238942940540282,5.240460981325353,5.240226561430846,5.238791596167607,5.236584951830517,5.23393319969895,5.23107148435727,5.228151520579974,5.225250947651075,5.222390908313332,5.2195530739453915,5.216694767551593,5.213768547192524,5.210727448905548,5.207524943401444,5.20411518472342,5.200456045272217,5.196511333430606,5.192250062977023,5.187645704559044,5.182675841737241,5.177321744116618,5.171567847264841,5.165401312995216,5.158811660955107,5.1517904583855945,5.14433118969861,5.136430228162238,5.128087532578631,5.119306299621584,5.1100925873398255,5.10045499000078,5.0904043562884915,5.079953518778255,5.069116603441922,5.057908200628752,5.046343215930882,5.034436838605571,,,,,,,,,,,,,,,,,,,,,,,,,,,,,,,1.0566702932840704
2002-06-30,4.107994873100695,4.359591076611458,4.564316145679957,4.713547330228039,4.819167168052959,4.893069846529906,4.944152293799769,4.978715871498177,5.0012034006857355,5.0147992904167245,5.02180973069497,5.023930017439078,5.02243224635202,5.018300415319738,5.012302187664492,5.005045752952444,4.9970104030941345,4.988567562328642,4.979990820521159,4.971465038793058,4.963096376902959,4.95493069731254,4.946971559106327,4.939197182225672,4.931579003641687,4.92408573229704,4.916683863486971,4.909338560183583,4.902016966330217,4.89468986399665,4.887331184354291,4.879917503172799,4.872427596579853,4.864842100913027,4.857143246662398,4.849314637060485,4.841341062576508,4.833208344920501,4.824903448394983,4.816415810202107,4.807737952327082,4.798865156397044,4.789795142792454,4.780527793516046,4.771064912012568,4.7614099895038775,4.751567736142087,4.741543653466616,4.731343924699224,4.720975346575759,,,,,,,,,,,,,,,,,,,,,,,,,,,,,,,0.906804417316029
2002-07-31,3.7830300278490796,3.8307757781442784,3.9961359132859307,4.167174953626829,4.314435766874021,4.434781717675164,4.531704710261,4.609605836803049,4.672347080532553,4.723079649615946,4.7643090880232,4.7980167003344825,4.825728893708647,4.84861136712735,4.867530111292285,4.883128365612508,4.895878132136573,4.90612312604125,4.91411798930446,4.920054026322227,4.924077411293761,4.926309226755628,4.926858119585409,4.925835097958463,4.923368641185041,4.919602876210176,4.914694125421507,4.908804721061104,4.902085654155096,4.894671225970836,4.886681505539961,4.878222457277548,4.869383145035262,4.8602369576049,4.850843839367597,4.841252157573084,4.831500266816909,4.821617829085153,4.811627364589155,4.801546867204391,4.791391091098134,4.781171953871019,4.77089886639039,4.760579017646335,4.750217621651607,4.739818234619958,4.729383673948605,4.718916629441036,4.708419707199631,4.697895437995771,,,,,,,,,,,,,,,,,,,,,,,,,,,,,,,0.9400496217668666
2002-08-31,3.7673874927970608,3.765445947451998,3.8943626558022917,4.036061374768622,4.158804625930994,4.258785434548278,4.33909124645401,4.403615113203386,4.45560322491634,4.497575043180112,4.531466228255131,4.558778086896035,4.580666189944632,4.598033336033928,4.611594837204356,4.62193022930835,4.629511604662672,4.634732232451321,4.637929293849542,4.63938909362632,4.639351046767343,4.6380118661193475,4.635533377660414,4.63204404742456,4.62764042471928,4.622392104962113,4.616345551969925,4.609533176194058,4.601989836760373,4.593756626908942,4.584879981864229,4.575411198645651,4.565405891530649,4.554923364286592,4.544026083100786,4.532779237355483,4.521250371628562,4.509509030759999,4.497623979367345,4.485656689077031,4.47366034030746,4.46168079161257,4.449757431061405,4.437923911520506,4.42620878789862,4.414636062570109,4.403225231934807,4.391990662276654,4.380941816099095,4.370083740097336,,,,,,,,,,,,,,,,,,,,,,,,,,,,,,,0.7301875503830515
2002-09-30,3.6151777458128835,3.511661368200795,3.5754864479093356,3.6893289206897566,3.804279754473279,3.906362598684018,3.9936895331028617,4.0675934846544965,4.1299426692576,4.182511619845851,4.226843532660789,4.26423831985425,4.295766879231559,4.322316718646851,4.344630812870291,4.363342243984049,4.378989997624608,4.392044125115233,4.402920743216571,4.411979103367663,4.4195216785318605,4.425781724579723,4.430929420850634,4.435076940774163,4.438279360059915,4.44055105483174,4.441881758509306,4.4422516530016365,4.441651659741035,4.440085444527368,4.437568119185509,4.434127065411288,4.429801072011405,4.424638676339442,4.418696771646296,4.412039446538891,4.404737012634767,4.396865046358155,4.3884998290416055,4.379711123383851,4.370561583127205,4.361107595877835,4.351400011726245,4.341484772510423,4.3314034571772275,4.321193714848861,4.310888632741983,4.300515375810996,4.290095454727707,4.279645290667149,,,,,,,,,,,,,,,,,,,,,,,,,,,,,,,0.5673338740329674
2002-10-31,3.65149754567878,3.605352732390109,3.69932472630728,3.8231148433719255,3.9407314870705408,4.044051496180859,4.133030431665354,4.209416544270182,4.275047396726815,4.331527205987721,4.3802134192316,4.422222127076884,4.458447955149882,4.48961586194828,4.516326666235061,4.539093854643044,4.5583682738239695,4.574562300313065,4.588059385267199,4.5992089993751675,4.608321311562885,4.615649991754738,4.621397012885264,4.6257112812947225,4.628688251575792,4.630385526124916,4.630835749531041,4.630064019689754,4.6281057802878705,4.625007269072389,4.620823837260344,4.615618667717554,4.609461624993759,4.6024282729812995,4.594599060723299,4.586058643920518,4.576895316464094,4.567200176662933,4.557061287169162,4.546557108741075,4.535756806776594,4.524721357791784,4.513504501616424,4.502153563744713,4.49071016803923,4.47921078635893,4.467686285851292,4.456161310015888,4.444654773960751,4.43318043723408,,,,,,,,,,,,,,,,,,,,,,,,,,,,,,,0.6800296603089406
2002-11-30,3.833505174318571,3.9017241743058086,4.013250093139184,4.121482813137047,4.215603335678024,4.295085788009444,4.361936915844895,4.4182953961926,4.465906331609136,4.506179960716656,4.540297593936375,4.56924632068507,4.593855522541539,4.61481624735302,4.632703945762411,4.647992041025983,4.661058128699245,4.6722122231378895,4.681717623607824,4.689801758756109,4.696657198201728,4.702430410296819,4.707226555949314,4.711106403335241,4.714088698128171,4.716164756226625,4.71730834161593,4.717493586838823,4.71671310859289,4.71497712037502,4.712310160183249,4.708748142993428,4.7043365166365465,4.699128859745149,4.6931857202102405,4.686573647228732,4.679364380316153,4.6716338851431205,4.663456972394453,4.6549008420898925,4.646025111876601,4.636882719414518,4.62752069911905,4.617980852984317,4.608300331960526,4.598512039489327,4.588644202279545,4.57872012868637,4.568758659061075,4.558774612551415,,,,,,,,,,,,,,,,,,,,,,,,,,,,,,,0.6726747863980851
2002-12-31,3.705569615017011,3.647303379160105,3.688593710431642,3.7656283845568046,3.848556133354297,3.926394006912805,3.99621560113304,4.057738955575287,4.111506770239988,4.158313442473637,4.1990155390513335,4.234418974335729,4.265252938533668,4.292151749639306,4.315666069411232,4.336264548043312,4.354340475047586,4.370240190396851,4.384279158845834,4.396748765397435,4.407906406480628,4.4179586222175296,4.427064648673488,4.435325926228979,4.442789968212227,4.449466196812082,4.455336996610022,4.4603792452790465,4.464579533246077,4.467933785696529,4.470448056236594,4.4721395429163735,4.473035179922008,4.473170205796121,4.472586977101178,4.471333979805621,4.469465000985735,4.467037995923026,4.464110104721558,4.460733569662461,4.456955978826349,4.4528208201648125,4.448367958259606,4.4436340460692225,4.43865288140988,4.433455491280911,4.428069192778818,4.422517277632738,4.416819394911582,4.410991915290049,,,,,,,,,,,,,,,,,,,,,,,,,,,,,,,0.4527438274566258
2003-01-31,3.631564293451086,3.5761512698408064,3.5963013813170623,3.6538733667307,3.722644765499917,3.7911890731444733,3.85538786092592,3.913923543557844,3.966595227506003,4.013645880369327,4.055512813448854,4.092711544378054,4.125790861265968,4.155281053043809,4.181681532510281,4.205433145124988,4.22691400337149,4.246445387420397,4.264294845825993,4.280682597798609,4.295780614479745,4.309707205495587,4.322533021239535,4.3342817615228215,4.344940459341769,4.354475152090733,4.362840840266785,4.370005483498629,4.375960606490996,4.380717875446445,4.384305562503318,4.386765729152187,4.388152122609411,4.3885284573280545,4.3879669911069215,4.386547338514771,4.384355475858849,4.381481651825874,4.378011958864279,4.3740238022968905,4.369586714477924,4.364763292051159,4.359610002427896,4.354177880290639,4.3485131272392445,4.342657164619784,4.336645474940697,4.330507580642112,4.324267640070481,4.317944983887958,,,,,,,,,,,,,,,,,,,,,,,,,,,,,,,0.382081586918241
2003-02-28,3.3380840197638553,3.233632073800337,3.2478452625923757,3.317463434743441,3.404741245460543,3.4939036552923994,3.579146455941737,3.6585232892847626,3.731641279890111,3.7986796826415103,3.8600331829522903,3.916177820291454,3.9676051921546613,4.014765455370573,4.0580626897607495,4.09783747172684,4.134375088739829,4.1679265549691,4.198727677089484,4.22701335037476,4.253008622678084,4.276916499747807,4.298915816486915,4.319155573742109,4.337760672822265,4.354838038496461,4.370479572440997,4.384763063880638,4.397753887493581,4.409507143288372,4.420071193903394,4.4294916679346965,4.437812351777129,4.445075461036425,4.451321864927646,4.456591273273887,4.4609223954276755,4.464353561337135,4.466924852170697,4.4686788320884965,4.469660271249746,4.469915883193805,4.469494098865743,4.468444869981424,4.466819020661412,4.4646658814994495,4.462032306275384,4.458962893046834,4.4555002143249345,4.451685019628977,,,,,,,,,,,,,,,,,,,,,,,,,,,,,,,0.4605956628776551
2003-03-31,3.3586926938084996,3.305711585925044,3.370353586903208,3.469646271649153,3.5714359266794014,3.66601319391957,3.751381065602346,3.827893063633546,3.896559168225171,3.9584239248231703,4.014426919852709,4.065402588777991,4.112072904701632,4.155032590057943,4.194765973039409,4.2316362524854245,4.265908549245715,4.297776803568178,4.327393787657889,4.354893922073453,4.380401120855816,4.404030831641242,4.4258914976586405,4.4460851214066714,4.464705363088989,4.48183750026154,4.4975578344160745,4.511929774837745,4.525004472227907,4.536823055799114,4.547420920778428,4.556831578856825,4.565087253483807,4.5722190693179225,4.578257209196905,4.583231044946115,4.587169263156318,4.590101116186179,4.592059729377216,4.593082692018703,4.593211526337593,4.592491219291668,4.590969819693855,4.588698081955908,4.585728390293738,4.582112073887195,4.577898633891973,4.573135919827191,4.5678702981097326,4.5621468003644745,,,,,,,,,,,,,,,,,,,,,,,,,,,,,,,0.5997312310146707
2003-04-30,3.367220747179514,3.3246352626829347,3.387362252541257,3.4880190128435733,3.59389745873537,3.693971709552839,3.785323569973913,3.867744047970682,3.9418864308012735,4.008591837814053,4.068709294690228,4.12307295946044,4.172441353214638,4.217470418693442,4.258711962105581,4.29659305252049,4.331441752526612,4.3635141763061265,4.393024136388895,4.420163571605515,4.445107416329233,4.468015765853879,4.489036175491674,4.508305153121279,4.525948036833765,4.542080216540841,4.556805872933379,4.570214345932859,4.582381606792577,4.593372661339359,4.60324472570256,4.612049527619272,4.619834207649206,4.626641993759613,4.632512760267051,4.637483493622215,4.641588726601213,4.644862296638389,4.647340314023339,4.649061495144176,4.650066846990362,4.6503993944620685,4.65010394572939,4.6492268671488395,4.64781501720342,4.645913703730733,4.643566370398074,4.64081478822106,4.637699226242376,4.634258601729065,,,,,,,,,,,,,,,,,,,,,,,,,,,,,,,0.6413710906345389
2003-05-31,3.3087500538838244,3.2528098967397625,3.291268285769456,3.3620522303284646,3.439864160956963,3.5161143171950577,3.588013130192493,3.6548576701047977,3.7166620244521624,3.773662468053563,3.826189570026854,3.874642158027006,3.91944500988081,3.9609940299448465,3.9996354533761487,4.0356622634532675,4.069317955487337,4.100801161729019,4.1302750817904315,4.157879535284745,4.183733665517311,4.207939350644922,4.230585314739125,4.251751570443485,4.271514614706089,4.289948339137074,4.307118840399652,4.323080593490917,4.337878026873416,4.351547629934377,4.364121381561157,4.3756285788603595,4.3860962827576335,4.395549646847827,4.404012189870809,4.4115060227754705,4.418052294806895,4.423673736781436,4.42839659888532,4.432250377533537,4.435267419488287,4.437482582531927,4.438932943487893,4.439657495573682,4.439695913367621,4.439086928003667,4.437868187050428,4.436076367196825,4.433747273321435,4.430915925673539,,,,,,,,,,,,,,,,,,,,,,,,,,,,,,,0.4649124141697385
2003-06-30,3.3309994320703264,3.2795838260832473,3.323667512129564,3.399314331271736,3.481794675348218,3.56269457099004,3.6393453178382247,3.711093190135521,3.777936582270925,3.8400774909265474,3.8978039797234403,3.951460873618805,4.001406756408323,4.047969220092585,4.0914327183572174,4.132040619869075,4.170002022213365,4.205498700499239,4.238696276396931,4.269754441290532,4.298826505502952,4.326058266600857,4.351585875642056,4.37553589886927,4.398025457430525,4.4191622818997836,4.439036924778509,4.45771963004245,4.4752635361597095,4.49170876094168,4.5070886405810935,4.521432302887643,4.534765331238116,4.547110285816522,4.558487135498781,4.568913618268021,4.57840616213651,4.58698385308969,4.594670473137548,4.60149402489748,4.607486216886074,4.612682022340624,4.617119299600452,4.620838337712431,4.62388003912343,4.626284188812311,4.628089405390702,4.629333262599077,4.630052395926259,4.630282596434592,,,,,,,,,,,,,,,,,,,,,,,,,,,,,,,0.5090780588562209
2003-07-31,3.2671428165122682,3.3849767786311324,3.5533737196641773,3.7023797846088295,3.826630914961739,3.9311269407999045,4.0206348885605925,4.098634214595001,4.167557919765713,4.229132572531457,4.284601168092621,4.334889883938867,4.380693076983994,4.4225234561276485,4.460764528790445,4.495713841284914,4.527624989196314,4.556734261542342,4.5832779278620706,4.607493284379589,4.629612259881947,4.649855238691524,4.6684238601090176,4.685501209507691,4.701252972788672,4.715827751766631,4.729348647167196,4.741912623978364,4.7535949074535555,4.764453732567096,4.774535632502542,4.7838778912065205,4.792509948563656,4.800454553935098,4.807728721947585,4.814344535758439,4.820311004036452,4.8256392216871555,4.830344152952706,4.834444197616006,4.837960772032319,4.840917950013506,4.843342153798079,4.845261737449813,4.846705639407628,4.847702475261423,4.848280520760718,4.848467747214694,4.84829185255753,4.847780288685904,,,,,,,,,,,,,,,,,,,,,,,,,,,,,,,0.9619897560191886
2003-08-31,3.5034947809437575,3.7258871873256125,3.9221300513942086,4.06699462035843,4.1745883386145675,4.257196297862126,4.322636469160241,4.3758317779430245,4.4200061957526975,4.457370766160847,4.4894789794369085,4.517458045799851,4.542124372258255,4.564062313914748,4.583695373797108,4.601338797870418,4.617237958779591,4.631587953985591,4.644547190281725,4.65624239008754,4.66677234114138,4.676208931615229,4.684598213564308,4.691967117888971,4.6983295208308,4.703694144350669,4.708079808999279,4.711517988132828,4.714050415886611,4.715725960213815,4.7165986685468795,4.716726926273489,4.716172799470627,4.715001493626737,4.713280905154372,4.711081206878921,4.708472127105515,4.70551653684539,4.702269435345575,4.698778915040801,4.6950870038476795,4.691230387131146,4.687241028931396,4.6831466800271535,4.678970817557902,4.674732350765383,4.670445996873945,4.6661227177050035,4.661770102881425,4.657392707047377,,,,,,,,,,,,,,,,,,,,,,,,,,,,,,,0.9538759852170893
2003-09-30,3.600288909680713,3.733195106269304,3.8596680074968863,3.967115742538278,4.056930415224185,4.132338341291604,4.196267330938891,4.251086664021737,4.298650048205925,4.340385807630973,4.3773773265921525,4.410452658229232,4.440224769618153,4.46714207837514,4.491543563578843,4.513701869214406,4.53385513585616,4.5522194234126285,4.568997214794098,4.584362097859985,4.598455092277673,4.611378500849025,4.623190686581547,4.633919358934386,4.643571870936978,4.65214256634301,4.659631238422381,4.666046531092564,4.671405335235691,4.6757347078933655,4.679071533294071,4.681461014045478,4.682955410773961,4.683613004180672,4.683497235030856,4.6826758818553005,4.681217472041416,4.679185608800435,4.676638506653439,4.673629662098731,4.670208428980479,4.666420511661817,4.662308389383111,4.657911535737669,4.653265119860866,4.648398838270535,4.643337346780994,4.63810078557633,4.632705239988986,4.627163145984934,,,,,,,,,,,,,,,,,,,,,,,,,,,,,,,0.7400968979502602
2003-10-31,3.9071878397902347,4.194680467733,4.4030893126743385,4.550989140964031,4.660025958510982,4.74287790516398,4.8070017365201005,4.8571293624541445,4.8964935329277415,4.927405692208728,4.951571659691259,4.970288887707826,4.984545411317732,4.995106697459268,5.002584801199404,5.007490161608952,5.010261382650491,5.011278441883708,5.01087023783718,5.009304709018594,5.006795313667838,5.003498480871797,4.999516185459072,4.994911501584524,4.989717963764616,4.983950447560177,4.977624735690615,4.970760119396557,4.963379743239225,4.955512238874825,4.947191433271918,4.9384555412984765,4.929346500888644,4.919909425532995,4.910192150627628,4.900244631116578,4.8901152570598025,4.879846809885023,4.8694766610720475,4.859037448339256,4.848557652931581,4.838062094438767,4.827572356501204,4.817107006674753,4.806680941714054,4.7963051188015955,4.785986939611391,4.775730620674468,4.7655375183934385,4.755406415055356,,,,,,,,,,,,,,,,,,,,,,,,,,,,,,,1.0202178524184933
2003-11-30,3.982376593564375,4.2499172423287,4.42318121504973,4.547779563615652,4.643573649013748,4.719978102586134,4.782140465927348,4.833292583158207,4.875697226612662,4.911009032362779,4.940475047968092,4.965052923202175,4.98546784970054,5.002272028445619,5.015894017129823,5.026683249224689,5.03494362514373,5.040955244318131,5.044981136933464,5.047253025742235,5.047971352823401,5.047295243189061,5.045344031672097,5.0422102868638605,5.037965410296646,5.032670796353124,5.026394282499971,5.019210548417492,5.011198358568074,5.002437184640386,4.9930066086811395,4.982986304986713,4.972456026125918,4.961495591429353,4.950184877450916,4.938603232068678,4.9268240050878,4.914910374385662,4.902916257206916,4.8908874677425995,4.878862705307391,4.8668744013487055,4.854949447801662,4.843109701858136,4.831371983281788,4.819748351538983,4.8082466041463015,4.796870720623633,4.785621252085687,4.774495664084603,,,,,,,,,,,,,,,,,,,,,,,,,,,,,,,0.9286324387984042
2003-12-31,3.8900815207393515,4.064936147942681,4.192730783038704,4.292572535929661,4.3733920732808444,4.4397373462935485,4.494693315438489,4.540573200736558,4.5792095141578715,4.6120464201277835,4.640222028735655,4.664615435020832,4.685873118662555,4.704457299844004,4.720693413307922,4.734812573845857,4.746988238561993,4.75737125390414,4.76610631282392,4.77332459399135,4.779141117122949,4.783644557155856,4.78689954960167,4.788954984298433,4.789846276123199,4.789607789455372,4.788284481109994,4.785930681686675,4.782607967822423,4.778383356702195,4.773328361215106,4.767518287497986,4.7610316602008815,4.75394974917628,4.746356176199512,4.738335462880303,4.729966212725362,4.7213177950595915,4.71245134410975,4.703420788391719,4.694273729455738,4.685052195096593,4.675793279878045,4.666529142244428,4.6572858855963695,4.6480836774641405,4.638937374042215,4.629857073453427,4.620848601266479,4.611913938158632,,,,,,,,,,,,,,,,,,,,,,,,,,,,,,,0.721964899388432
2004-01-31,4.034104593851508,4.210314744505202,4.334667151052385,4.43141072162496,4.509527808061124,4.573209599883351,4.6253301015594825,4.6680997599463465,4.703297937386158,4.73237829694972,4.756544288037542,4.77676741469966,4.793804476323905,4.808227013305341,4.820461756541447,4.830819468959215,4.839524369671544,4.846743613683367,4.852604560765505,4.857201065207978,4.8605990160287496,4.862838680895877,4.863942733095943,4.863925538316901,4.862795064693699,4.860568822865224,4.857281949021632,4.852984097692458,4.847734704705203,4.841599549359614,4.8346496066483455,4.826960235429945,4.818610514206742,4.809682694118418,4.800261733508926,4.790432957343699,4.7802743701737755,4.769854408420965,4.759233092715495,4.748463079869965,4.737590560905891,4.726656030790729,4.715694931284238,4.704737586233549,4.6938084842672785,4.68292663638922,4.672106157661495,4.661356777198466,4.650684285712431,4.640090932269382,,,,,,,,,,,,,,,,,,,,,,,,,,,,,,,0.698273703098212
2004-02-29,4.044145631133249,4.15778198786037,4.243737856681044,4.320942502038793,4.388876602423805,4.446901396292124,4.495768592325803,4.536691174502182,4.570919316989211,4.599621771077795,4.623845667226536,4.6444649717797475,4.6621727269630195,4.677488720410376,4.690795507131688,4.702368597671551,4.712414530997952,4.721104231213382,4.728583186560691,4.734972825801295,4.740373915000456,4.744868714977891,4.748527976237441,4.751416231326924,4.753593288897802,4.755109920824733,4.756007459940792,4.756319570839705,4.756074980583747,4.755299855178596,4.754018375123753,4.752253045649534,4.750024950545744,4.747353961197042,4.744258922610589,4.740758576579386,4.736873693625014,4.732627433385816,4.7280450448346185,4.723153605111923,4.717981796578628,4.712559714808106,4.706918331496061,4.701087531564508,4.695095251685367,4.688967657537187,4.682729332208687,4.6764034410518684,4.670011876349026,4.663575374260652,,,,,,,,,,,,,,,,,,,,,,,,,,,,,,,0.5554761399445463
2004-03-31,4.245138707758302,4.333795721208835,4.39149522091535,4.438641734645311,4.479610711728734,4.515149292527231,4.5458709978486365,4.572425654012252,4.595413416836038,4.61540412822753,4.632923023030786,4.64839506838623,4.66212843140307,4.674316764142439,4.685066605616219,4.694423336443985,4.702405872676536,4.709033395527583,4.714338674605267,4.7183691556029155,4.721186801018779,4.722866653841506,4.723492786557071,4.723155882114331,4.721948987272565,4.7199596012771545,4.71726906073893,4.713953355010875,4.710081870975567,4.705716837449086,4.700914375180101,4.69572545123541,4.690196659860827,4.684370865543089,4.67828774780232,4.671984583570056,4.665497202645627,4.65886030201973,4.652107591436149,4.645271916797623,4.638385365512308,4.631479351935458,4.624584211500249,4.617727718249251,4.610934789145041,4.604227784902046,4.597626781927836,4.591149810271765,4.584813062437018,4.578631051472139,,,,,,,,,,,,,,,,,,,,,,,,,,,,,,,0.37026542046922817
2004-04-30,4.320281403317706,4.472342367372828,4.5591061713617655,4.6228841079201946,4.676002587042042,4.72150038256747,4.7607313084935425,4.79461313071504,4.8238597104608765,4.849096172719248,4.870872738308844,4.8896307418568945,4.905699581249232,4.919306221169222,4.9306045483917735,4.939704761295359,4.946709309326161,4.95173692391145,4.954928983260734,4.95644545458465,4.956459103888155,4.955149320141948,4.952692274980759,4.94925806261068,4.945003098871983,4.940061697231183,4.934548752535824,4.928562703210714,4.922185927490646,4.915486171871227,4.908518869096469,4.901329062182487,4.893952978618691,4.88641932676877,4.878750476501944,4.870964951147275,4.86307996135163,4.855111824251758,4.847076078053841,4.838987579399816,4.83086058648497,4.8227088242408644,4.814545311117552,4.80638192218585,4.798229393531006,4.790097445402011,4.7819948902793,4.773929727433965,4.765909225908303,4.757939954790957,,,,,,,,,,,,,,,,,,,,,,,,,,,,,,,0.5288147694015422
2004-05-31,4.596539175410196,4.8103026318773585,4.912969773996689,4.975889094728056,5.019921313832203,5.052173485800172,5.076180643516127,5.0940113720500175,5.107039613415236,5.116301943482626,5.122609976923413,5.126571176522245,5.128625143891167,5.129078807493052,5.128139510071336,5.125941818618009,5.122576086095793,5.1181141663220675,5.112625205020699,5.106180584719904,5.098859350898737,5.090747807187254,5.081936709942226,5.072519807006482,5.062587902295651,5.052223902675191,5.041503795446904,5.030496897342501,5.019263726595102,5.007856281480993,4.996319394210271,4.984691850624689,4.9730073063140665,4.961295041065228,4.949580646325098,4.9378871347451945,4.926235823271488,4.914646598545045,4.9031381002744485,4.8917278771023565,4.88043251966232,4.869267749438977,4.858247980584983,4.847385621456436,4.836691160527303,4.826173374935337,4.815839512539126,4.805695451217997,4.795745838664697,4.78599413800153,,,,,,,,,,,,,,,,,,,,,,,,,,,,,,,0.5197627680724306
2004-06-30,4.741023399262377,4.8152289214071295,4.85206684273502,4.8891255154397975,4.924557021535096,4.956031290071021,4.982978127202744,5.005521428617561,5.024038554353363,5.038999457818156,5.050855054582137,5.059972340832494,5.066632733469988,5.071047458339051,5.073379934560267,5.0737666938486,5.07233923848895,5.069239738920517,5.064624134064354,5.058658615355333,5.051515402320086,5.043366278419774,5.03437528067325,5.024697282004616,5.014468370693086,5.003802084004008,4.992793202866703,4.981520520214424,4.970048275980605,4.958428256949833,4.94670180331307,4.934901440947908,4.923052216920588,4.9111727996417205,4.899276789815553,4.887375869785943,4.875481593269754,4.863605473977288,4.8517589907413345,4.839953591876861,4.828200698902695,4.816511667673354,4.804897265264436,4.793367152899936,4.78192994816749,4.770593338456689,4.7593641799163215,4.748248584041949,4.737251993471499,4.726379096889574,,,,,,,,,,,,,,,,,,,,,,,,,,,,,,,0.29797605855577913
2004-07-31,4.851303905276775,4.911777301158866,4.948120156513638,4.9824598154327004,5.013536890328945,5.0394828936508596,5.060151315766861,5.076025675528746,5.087720041376243,5.095828067652972,5.1008486189660465,5.103163796183294,5.103061276122337,5.100763961180077,5.096463779551335,5.090346117383982,5.0826068499754085,5.0734547035936295,5.063104219933884,5.0517677992383145,5.039647142574497,5.026928214586583,5.013777986287481,5.000344934612593,4.986750466850001,4.973088611891616,4.959430971436223,4.945831227237101,4.932329005104831,4.918952340344952,4.905719547310055,4.892640738298691,4.879719066290818,4.86695175436434,4.854331948525846,4.841853242754417,4.829511302085899,4.817303630021798,4.8052293328285645,4.793288919191967,4.781484129179166,4.76981770374039,4.7582926247383925,4.746911603003654,4.7356770784781705,4.724591249659851,4.713656099288065,4.702873416818483,4.692244816159285,4.681771479725316,,,,,,,,,,,,,,,,,,,,,,,,,,,,,,,0.24452416237619712
2004-08-31,4.759383219855576,4.7374972178287535,4.721452033376309,4.729529072415698,4.750811576013915,4.7758935630578385,4.800452499946701,4.822750399030124,4.842150039282099,4.858497399658477,4.87181950990552,4.882204008181332,4.889777876214281,4.894701585142085,4.897170703963955,4.897407542929192,4.895656014756882,4.892171855688506,4.8872129746490165,4.881019340498369,4.87379816089043,4.86572068733668,4.856915883198483,4.847475327308715,4.837469563276642,4.826957366461795,4.815988921104877,4.804612434876929,4.792877424407603,4.7808346196828975,4.768535768342532,4.756033476671546,4.7433810795025275,4.730632505541099,4.717840565289929,4.705052749488567,4.6923106749147205,4.679650844504908,4.667105302975112,4.654702194098359,4.642466236429462,4.630419116145834,4.618579198616354,4.606960422753888,4.595572421283825,4.584420986443,4.573508478542303,4.56283418345897,4.5523946394762325,4.542184593538103,,,,,,,,,,,,,,,,,,,,,,,,,,,,,,,0.09911417980290071
2004-09-30,4.663251256485922,4.626468129515942,4.605599254941304,4.612302297984531,4.633234926501139,4.658305538919062,4.683113406708679,4.705909730253622,4.72603906804311,4.743321964034559,4.757759550083211,4.7694310038909,4.7784734067227586,4.785073160909391,4.789462344710176,4.791904582375742,4.792689078297692,4.792095098014633,4.790377972653612,4.7877530261699395,4.784376954340955,4.780355712156484,4.775752923958208,4.770598996859882,4.764910339465132,4.758696206067545,4.751962498159857,4.744721513321758,4.736994537075182,4.728810424458053,4.72020437913461,4.711216961422537,4.701893276678815,4.692282229591261,4.682433786789774,4.6723947611894525,4.662208439597944,4.65191504455271,4.641552127176168,4.631154901102585,4.620756527537594,4.610388294582896,4.6000783975173025,4.589849986641793,4.579721346418485,4.569706423929561,4.559815290300643,4.550054544446282,4.54042770117063,4.530936371223339,,,,,,,,,,,,,,,,,,,,,,,,,,,,,,,0.08007070754863665
2004-10-31,4.625936536370175,4.562499203568632,4.514532862932818,4.5054827230650325,4.517880854967277,4.538738492163304,4.562090626277866,4.58527867788371,4.607030442176662,4.62670303219023,4.643965054565865,4.6586756287769076,4.6708340648746995,4.680546626168912,4.688000977358593,4.693437207797739,4.697128349313381,4.699336980202261,4.700304378395731,4.700229070714833,4.699253192540622,4.697472197011468,4.694942873733803,4.6916940797549485,4.687747304588382,4.683121168472475,4.677834940768354,4.671915927593081,4.665400141041013,4.658330865674475,4.650757485545056,4.642734531148408,4.634320899659994,4.625578976007369,4.616570426924314,4.607351558988185,4.597973445581803,4.588482615381227,4.578921635010458,4.569329604297957,4.559742579056583,4.550193791511508,4.540712182362255,4.531320908157942,4.522037777765863,4.512875833639738,4.50384385888498,4.494946820940821,4.486186350462724,4.47756237238982,,,,,,,,,,,,,,,,,,,,,,,,,,,,,,,0.0007664958200548355
2004-11-30,4.522965619299113,4.437474885102563,4.378542771412758,4.364876901808448,4.374261414762856,4.392461155714755,4.413358785335308,4.434386195941067,4.454433105214691,4.473015568168686,4.489891864627513,4.504922668005096,4.518021790745402,4.529157670376814,4.538367421877215,4.545758026484107,4.551493732241057,4.555755664396934,4.5587265859404535,4.5605614219701085,4.561375163805959,4.561247259477415,4.56022465078496,4.558331486226909,4.555592506976659,4.552036189277944,4.547696191147396,4.5426141608724455,4.536839045031847,4.530425873509973,4.523434778318496,4.515930196388993,4.507980217312356,4.499655811276216,4.491026529605583,4.482155539728272,4.473099806471389,4.463910908030829,4.454635726565021,4.445317035199612,4.435993999106626,4.426702382053349,4.417473188604421,4.408331858472556,4.39929879912882,4.390389932785426,4.3816171735509295,4.372988844941024,4.364510077330273,4.356183750540808,,,,,,,,,,,,,,,,,,,,,,,,,,,,,,,-0.04995005113042694
2004-12-31,4.546371831758959,4.470669846923106,4.40523520194474,4.382958516330243,4.382198757959801,4.389475584606838,4.399290225471139,4.409511414849763,4.419372119143306,4.428657646346711,4.437331338985788,4.445400721065751,4.452862461516193,4.459693889189738,4.465866539116365,4.471371018399975,4.476227127285109,4.48046310927938,4.484105803154748,4.487160753719023,4.489609584823057,4.491416867907679,4.492531851704179,4.492902662535329,4.492494306296078,4.491287239533983,4.489277883051697,4.486479705180188,4.48292072464736,4.478641085529409,4.473691101549482,4.468129667070339,4.462022956995611,4.455442789719103,4.448460486844258,4.441142230492744,4.4335493917483975,4.425739163688508,4.41776509702569,4.409677555403463,4.40152410237737,4.393349252719885,4.385192032056847,4.377085178378777,4.369055793674447,4.361125956539782,4.353313256581349,4.3456312620194115,4.338089984280643,4.3306968375223,,,,,,,,,,,,,,,,,,,,,,,,,,,,,,,-0.11771418541224854
2005-01-31,4.659637278519846,4.5231835716115505,4.454241224038345,4.433435295264691,4.433439107624298,4.44081500113495,4.450209090035012,4.45965379951365,4.468581015936659,4.4769469465902905,4.484850865283881,4.492404612936194,4.49968137651984,4.5067071675972175,4.513470593245578,4.519939252916932,4.526071406776233,4.53181515064076,4.537108097749237,4.541874059214447,4.546027228977591,4.549479759350258,4.552141235117967,4.553936741347362,4.554820526976992,4.554771499000608,4.553790808564023,4.551899679080174,4.549136075675428,4.545551914904009,4.541210814517696,4.536186265153716,4.530560133510581,4.524420218187176,4.5178519048321215,4.510933767503319,4.503738264184597,4.496332541532298,4.488779115814698,4.481136451710522,4.47345944643759,4.46579887344155,4.45819862615866,4.450695335804597,4.443319158992683,4.436094481495009,4.429040532161723,4.422171920124638,4.415499203364686,4.409029995730725,,,,,,,,,,,,,,,,,,,,,,,,,,,,,,,-0.18269033192955586
2005-02-28,4.792509539178713,4.746346966988497,4.714301552068691,4.6986654919428155,4.691695943232591,4.687999461829219,4.685109712079073,4.682175935714531,4.679117104946276,4.676093561519101,4.673267813494191,4.6707170263682345,4.668424198179379,4.66630482959592,4.664245404227306,4.662134614434093,4.659874269388076,4.65737823924125,4.654574567913621,4.651412225035761,4.647864448578198,4.6439286774943875,4.6396217684305,4.6349655774982255,4.629980805036767,4.6246870527252435,4.619102100176449,4.6132408673501635,4.607115703278019,4.6007368144149074,4.594112610215872,4.587249983917327,4.58015454640787,4.572831671977229,4.565290118804069,4.557543172187524,4.549608075451231,4.541505509150636,4.533259150402246,4.524895297406575,4.516442101868846,4.507927017230905,4.499375607469898,4.490811714306641,4.482257648567449,4.4737343565857035,4.4652615653606755,4.456857908195141,4.448540551166943,4.440322992916202,,,,,,,,,,,,,,,,,,,,,,,,,,,,,,,-0.11641597765961187
2005-03-31,4.74355037491319,4.6795368842972715,4.638036669858585,4.616674169617634,4.607672526563728,4.604621682490296,4.604280342619909,4.60530044127288,4.607231565897683,4.609915154998807,4.613231567949729,4.617003283512253,4.620993283027659,4.624939281361449,4.628600044584053,4.631787007458576,4.6343767743916615,4.6363047279822265,4.637557042263567,4.6381611621415875,4.63816797620537,4.6376418676924365,4.636650293077997,4.635245422402845,4.633462364537063,4.631322597174814,4.62883865145808,4.626017895655443,4.622863629852324,4.619375763981551,4.615551372043831,4.611386579396228,4.606882634919727,4.602047740329245,4.596896017968062,4.591446656107642,4.585723223997967,4.579753095422984,4.573566960939852,4.5671984053211165,4.560682672332951,4.554053430702973,4.547341819142866,4.5405767131793855,4.533784976619353,4.526991680214861,4.520220292413785,4.513492837545999,4.506829254219615,4.500245077298349,,,,,,,,,,,,,,,,,,,,,,,,,,,,,,,-0.13363521991438354
2005-04-30,4.667007028484069,4.580004668311955,4.513890982124416,4.477230135555359,4.459769736239155,4.451791837108057,4.4482235926891525,4.4468731881925425,4.446915536485238,4.448049208278242,4.450107538064651,4.452899729130112,4.456179708552497,4.459675638629558,4.463136195736951,4.466360707171453,4.469210761953946,4.471602901497091,4.47350329815088,4.474917423936461,4.475873722466498,4.476415555596037,4.476588908304014,4.476425998383357,4.475945175444365,4.475154005979657,4.4740541809096825,4.472644567581017,4.470921805776925,4.468880678977905,4.466514448954415,4.463817260371269,4.460789902749787,4.457440503404729,4.4537833408769565,4.449837959287624,4.445628456683609,4.4411828858367635,4.436532747227886,4.4317125261116885,4.426757962765352,4.421702753754384,4.416578003185287,4.411412512339241,4.406233035541577,4.401064502656983,4.39593021318106,4.390851973581269,4.385849051323373,4.38093585903521,,,,,,,,,,,,,,,,,,,,,,,,,,,,,,,-0.21895782020582732
2005-05-31,4.581439716881422,4.408236901112117,4.284986350070166,4.222927424453039,4.196932767147903,4.188946940563268,4.1896404041662185,4.1945310485146035,4.201473298769838,4.209410118051759,4.2177799244541285,4.226245539962988,4.234575638167107,4.2426002839385655,4.250201827500246,4.257317244339579,4.263932086183393,4.270068831396857,4.275777059888475,4.281122254559016,4.286171913645309,4.290993504162826,4.29564055264604,4.300137985410673,4.304486245058428,4.3086672066351985,4.312653101583022,4.316410895022788,4.319903274862021,4.323089364663782,4.325925514862862,4.328372224223013,4.330405623512309,4.332014975646443,4.333198348791936,4.3339611960708355,4.334315357593753,4.334278220066625,4.333872005688753,4.333123097676997,4.332059945737776,4.330710239294353,4.329100561026916,4.327256512088102,4.325202821161615,4.322963439295803,4.320561622628722,4.318019805350556,4.315357874232755,4.312591868129446,,,,,,,,,,,,,,,,,,,,,,,,,,,,,,,-0.3720295988296636
2005-06-30,4.41579180285494,4.204915691958891,4.080533951305635,4.023498641465151,4.002587041445968,3.999602584181323,4.005533920204508,4.0159824334930825,4.028711794499087,4.042497669503287,4.056595845568338,4.070502147362448,4.083855175594829,4.096396188875969,4.107960634985806,4.118475840304974,4.1279453232919865,4.136428369870737,4.144023296315437,4.150849440093071,4.157029647782049,4.162686193228802,4.1679203214702145,4.172801159173166,4.177371333990926,4.181653034356773,4.185654732404116,4.189374612150147,4.192802357156083,4.1959205672698205,4.198706322123999,4.201139079951816,4.203209354398246,4.204916106172592,4.206264124564884,4.207263150614527,4.2079272079550005,4.20827403931462,4.2083246297095185,4.208102678116795,4.207632636961399,4.206937766597846,4.206040072327813,4.204960447016038,4.20371879469443,4.202334138043895,4.200824711802244,4.199207738757074,4.197497750904003,4.195705787657905,,,,,,,,,,,,,,,,,,,,,,,,,,,,,,,-0.37329413335165373
2005-07-31,4.3222030835361105,4.214023878406087,4.16530208656877,4.152434343663336,4.155824707852576,4.166005002473153,4.178753182499336,4.192226003846155,4.205584747174617,4.218381993388661,4.230320088254722,4.241182487650144,4.250830748485905,4.259210912212401,4.26635491100244,4.272366152105628,4.277395258069475,4.281618487879751,4.285218398366416,4.288368679886303,4.291223170858574,4.293914484850109,4.296534670825913,4.299132255125454,4.301720728570886,4.304288577070856,4.306810712050917,4.309252403420539,4.311570948525597,4.313717000909215,4.315636757892188,4.317283821130129,4.318627727288007,4.319649734400046,4.320339961525329,4.320696128595071,4.320722529267741,4.320429165964945,4.319831017962217,4.318947164175745,4.317798208319974,4.316404461120462,4.314785866120121,4.312962041404522,4.3109523157638225,4.308775760137912,4.306451211091897,4.303996705228298,4.30142731164313,4.2987545000292755,,,,,,,,,,,,,,,,,,,,,,,,,,,,,,,-0.10382109014744945
2005-08-31,4.321964085486173,4.191256102442961,4.102245065540299,4.062584167389064,4.0480363333329725,4.045278726520205,4.0480653733731184,4.053476288711002,4.06006949124269,4.067079498422954,4.074075168737867,4.08081161120772,4.087172517602226,4.093128324692412,4.098710537699484,4.103990397488489,4.109061600248819,4.1140139506845905,4.118914042019561,4.123798599211315,4.128665329416984,4.133476036686101,4.138176482580228,4.1427072555896345,4.147006745499577,4.151022088002384,4.154713848938946,4.15805390339485,4.1610234858306265,4.163611630185904,4.165814074928737,4.167636927902748,4.16910021567865,4.170227127601019,4.171040463022567,4.1715626532828995,4.1718158114400214,4.171821774149496,4.171602137100651,4.171178262502082,4.170570406070664,4.169795841563634,4.1688687248905225,4.16780044571557,4.166599934818317,4.1652739313636795,4.1638272259082605,4.162263388801478,4.160586243248164,4.1588002169826055,,,,,,,,,,,,,,,,,,,,,,,,,,,,,,,-0.25488458706321904
2005-09-30,4.3726619196308,4.234914260903213,4.170007924683824,4.150290422130092,4.149020093960141,4.154930172404447,4.163521566302351,4.172973329979293,4.182446021351094,4.191475691152706,4.199801151428143,4.207306891548334,4.2139903464851365,4.21992527058501,4.225238912256924,4.230065442163675,4.234527224510604,4.238716347120616,4.24267661532903,4.246411174919908,4.2498892860413475,4.253052027276202,4.2558385431310235,4.258193494150243,4.260068555720402,4.2614307421882405,4.262263509668384,4.262563906856788,4.2623402314822325,4.2616101554675225,4.260399481004765,4.258744883478769,4.256692339546943,4.2542867404799765,4.251570172722258,4.248582302755498,4.245360704120721,4.241941132805192,4.238357760262142,4.23464329244045,4.230827563874077,4.226935491860947,4.222987280832788,4.218998957635103,4.214982835703414,4.2109479186947825,4.206900283111029,4.202844153824555,4.198783431998493,4.194721971095932,,,,,,,,,,,,,,,,,,,,,,,,,,,,,,,-0.18118622847809362
2005-10-31,4.419516196851238,4.324198312149889,4.2782408738993505,4.265749734219922,4.265967320045689,4.270462519043814,4.275893247894683,4.280913502969713,4.28495001774265,4.2877828960132485,4.289398906575995,4.289926855707541,4.289584503552624,4.288630010391331,4.287334398908855,4.28593401783453,4.284624640631559,4.283542030336325,4.282750994173882,4.282256049509478,4.282009468019377,4.281922379133855,4.281894143188125,4.281819519414998,4.28159598724771,4.281139864534382,4.280387542634294,4.279291946481462,4.277819683968296,4.275948765453707,4.273667824247405,4.270984172567858,4.267921531570886,4.2645071222546305,4.2607697308481205,4.256739491165832,4.252447702501545,4.247926676275803,4.243209606276069,4.238330248828135,4.233320334338507,4.228207132060048,4.223013703202902,4.217759379120677,4.212460175738944,4.207129153927851,4.201776783265455,4.196411939498394,4.191042961011733,4.185677809391215,,,,,,,,,,,,,,,,,,,,,,,,,,,,,,,-0.13173330083798973
2005-11-30,4.408250965823869,4.305170704141284,4.2536458737562945,4.234158411113039,4.226101266896597,4.221838839026606,4.218672159796239,4.215683917516003,4.212524722798674,4.209040310934339,4.205160052490151,4.200881769442577,4.196276657413417,4.191477578514883,4.1866546313244495,4.181966994459302,4.177552367567834,4.173498862065994,4.1698367030550445,4.166546328720981,4.163563450132953,4.16079066097017,4.158127114345315,4.155473359639269,4.152738541367199,4.149852244216376,4.146763284119092,4.143436280393562,4.139848931022217,4.135989833592277,4.131857641045229,4.127464792031226,4.122833801042148,4.117989196994095,4.112956359477158,4.107761400424881,4.102431065148924,4.096992648999838,4.091473926794525,4.085902762865425,4.0803046229972315,4.074701027211211,4.069109898017651,4.063545969223944,4.058021140234893,4.052544784139961,4.047124030839604,4.041764283388622,4.03646981550234,4.031243948414511,,,,,,,,,,,,,,,,,,,,,,,,,,,,,,,-0.19921065488953005
2005-12-31,4.360271955546776,4.200008670693814,4.140928560304286,4.125301492585775,4.121987176306122,4.121008267376463,4.11942661123543,4.116585046547505,4.11247948409396,4.107288399488296,4.101231976687632,4.094555290969454,4.087527687230069,4.080435190190572,4.073549944279264,4.067090828465985,4.061222295036613,4.056027307142052,4.051510934673163,4.04761584090467,4.0442307343765505,4.041213793828342,4.0384231204977095,4.035719815426849,4.032980051771522,4.030107621497459,4.027030659099759,4.023697294886468,4.0200722074246436,4.016133879816769,4.01187469197895,4.007306832938106,4.0024544308046,3.9973442573362776,3.9920047585949923,3.9864658224043743,3.980758583517163,3.974915259545587,3.968969009738354,3.9629530798716375,3.9568973513939416,3.9508270353898203,3.9447631617234356,3.9387230541772396,3.9327207422388293,3.926767319176476,3.920871305023799,3.915039477625541,3.9092776153053417,3.9035906487742715,,,,,,,,,,,,,,,,,,,,,,,,,,,,,,,-0.25298355605847966
2006-01-31,4.402915985936505,4.310615053876147,4.265128466034215,4.246627923682109,4.235858856410226,4.225926381582435,4.215129148289199,4.2033978194302195,4.191061212643908,4.178494484771157,4.166008119841913,4.1538362227851735,4.14214926065722,4.131069939467116,4.120676776763864,4.110996700633156,4.102009805502967,4.0936433043374745,4.08578087880038,4.078274517168621,4.0709480628530486,4.063622818671223,4.056138105170848,4.048350182358253,4.0401440366716175,4.031440971059421,4.022192873279733,4.012376754327066,4.0019904168398845,3.991049066807211,3.9795870259228856,3.9676643705599353,3.955351784229059,3.94271984596272,3.929838617536371,3.9167777153097,3.9036063704179513,3.890393479459354,3.87720762373581,3.864115012578341,3.851173130358692,3.8384294771698557,3.8259226948898024,3.813683573796815,3.8017359249694573,3.7900973389153423,3.7787799178667885,3.7677913490488337,3.7571357106824332,3.7468138529695865,,,,,,,,,,,,,,,,,,,,,,,,,,,,,,,-0.22442150116534787
2006-02-28,4.383186732191789,4.321821780838245,4.295069411379119,4.28444167387526,4.275863381692163,4.265671617400513,4.2539271423490135,4.241391048989864,4.228705158819414,4.216265511808103,4.204271202416215,4.192800914667267,4.181878220989291,4.17151128796004,4.1616931358125155,4.152393518250085,4.143562549964132,4.13513300879286,4.127029118844416,4.119172402808069,4.111479740866255,4.103858256682827,4.096205346642637,4.088411240326228,4.080370997530259,4.071998517876807,4.063225189497806,4.053996767139575,4.044270896264028,4.034017340768412,4.023230518032541,4.011933078814359,4.000163139629161,3.9879680236665345,3.9754028427454955,3.962529415560413,3.949415361346497,3.936133334441678,3.9227590442633535,3.909363641632028,3.8960101880492286,3.8827544568193106,3.8696457805142486,3.8567277828750406,3.8440390131262614,3.831613495673139,3.819480586005379,3.8076624751868926,3.7961734128165463,3.785020451982848,,,,,,,,,,,,,,,,,,,,,,,,,,,,,,,-0.16692122038368584
2006-03-31,4.430405737832397,4.417191331582413,4.414888284617359,4.418637044085859,4.420843607779194,4.420033952942776,4.416943117076061,4.412576499061656,4.407694332199908,4.40269935636955,4.397712074635675,4.392694864998584,4.387556050750373,4.38220998102773,4.3766007075890245,4.37070118609979,4.364508919996028,4.358040322421129,4.351318393549424,4.3443644497489196,4.337188194705767,4.329788191975504,4.322145220957342,4.314221659068697,4.30597554421511,4.297371440589517,4.288380094235387,4.278977329144848,4.269143187431336,4.258864414861877,4.2481465784160815,4.237014638878567,4.225503724539533,4.213655746880085,4.2015184123403815,4.189144417464203,4.176590774560628,4.163918228435364,4.151189009215693,4.138460488010628,4.125783435204,4.113202762760063,4.100758205435073,4.088484909096372,4.076413940598945,4.064572720311019,4.052984522465907,4.041666174315616,4.030627795097077,4.019873453843644,,,,,,,,,,,,,,,,,,,,,,,,,,,,,,,-0.027706381462847318
2006-04-30,4.50240304124378,4.527181698201819,4.55504327006017,4.579830625691222,4.596825516191609,4.6071065542248,4.612967962600441,4.616246842842172,4.618105896628301,4.61911607910614,4.619453279232515,4.6190880870476985,4.617923764673843,4.615873390675675,4.612888204191365,4.608955163908677,4.604094254377415,4.598351216189987,4.591784435487088,4.584456020609005,4.576422277559579,4.567732119694667,4.5584175708495085,4.548494393941533,4.5379741047267155,4.526870703226842,4.515200523742324,4.502981818016737,4.490234481973594,4.476983744238283,4.463270505292838,4.449148991122071,4.434678334150039,4.419920567449914,4.404940206693849,4.389803905347565,4.374580165779331,4.359339039524772,4.344149264152055,4.329071982736143,4.314159976544558,4.299458647964341,4.285006878511406,4.270837769838626,4.256979285942835,4.243454780463746,4.230282339532906,4.2174728715708225,4.205030272930992,4.192952126377358,,,,,,,,,,,,,,,,,,,,,,,,,,,,,,,0.1167130378623602
2006-05-31,4.586525875471497,4.630902823538207,4.6565836837010135,4.670673654005081,4.674468977122483,4.671428271772364,4.6645080421794844,4.655624433410729,4.645896699788739,4.635914748344479,4.625945842784244,4.616072053783429,4.606286933550876,4.596563214229609,4.586879919315075,4.577225306327398,4.5675979601338685,4.558002805226913,4.548443579943317,4.538917226710895,4.529410001928248,4.51989520926094,4.5103195032672945,4.500608226898717,4.490686581512058,4.4804875316127175,4.469950591632748,4.4590206563011,4.447647382287884,4.435794279810619,4.423455217661764,4.410645964809954,4.397393724397555,4.38373486892262,4.369713630330936,4.355381008426062,4.340793856293954,4.326013974797434,4.311104228792316,4.29612294435044,4.281123502157167,4.266154924736175,4.251262383212437,4.23648763497117,4.221869402960512,4.207443469260075,4.19324081301362,4.179286220446994,4.165598773604251,4.15219242076584,,,,,,,,,,,,,,,,,,,,,,,,,,,,,,,0.049388872872982326
2006-06-30,4.5998942192472585,4.67901113687494,4.726533993963577,4.7525187152823865,4.763689824992,4.765752789034396,4.762574769295816,4.7565520213585195,4.7490998155914825,4.740997158779992,4.732629640785343,4.724151462402889,4.715598561461458,4.706966034269933,4.698242125917117,4.689417286017005,4.680491603519427,4.671472301293403,4.6623689306308576,4.653188097706635,4.643931090997809,4.634586379559918,4.625116118477437,4.6154641443694535,4.605574157948203,4.595394276093808,4.584876268727812,4.573974906484352,4.562648127756477,4.550868130055578,4.538633527040792,4.525959919869163,4.512872699965255,4.499405393354467,4.485598498577198,4.471498518283995,4.4571571478693075,4.442630333428781,4.4279742464588985,4.413241249688712,4.398479920244396,4.3837355003054945,4.369050284889403,4.354463956756173,4.34001387608762,4.325734875114434,4.31165690134008,4.297803968686928,4.28419469627473,4.270842847900886,,,,,,,,,,,,,,,,,,,,,,,,,,,,,,,0.14110293953273345
2006-07-31,4.66389522865237,4.705903953441567,4.712310244864643,4.711696347003753,4.7075965699474605,4.701315148981364,4.693715504900527,4.685263348564291,4.676139245568729,4.666374016400746,4.655966327431228,4.644940947071598,4.633375879118167,4.621395644639072,4.609146926824808,4.596779048218518,4.584425126609972,4.572195304411667,4.560171995816196,4.548406139313427,4.5369196481150835,4.525698470800111,4.514683213554208,4.50378690337594,4.492920564892261,4.481997866840251,4.470934648491073,4.459648532054595,4.448060369828046,4.436112058667266,4.42377846533512,4.41105464163801,4.397948740446901,4.384479986855064,4.3706770964320425,4.356576957101941,4.342223524755148,4.327666409477461,4.312956039056755,4.298140201070032,4.28326413159616,4.268370818965652,4.253501265126758,4.238694711370713,4.223988828800955,4.209419087536546,4.195015897770416,4.180803845078498,4.166802255429122,4.1530257211437736,,,,,,,,,,,,,,,,,,,,,,,,,,,,,,,0.0024787877483758436
2006-08-31,4.867355820210514,4.881782394175319,4.8433796994575005,4.806079168134798,4.773502164925008,4.743956984061261,4.7162068040948375,4.689569675385686,4.663711907134426,4.63849140852666,4.613895637338531,4.5899877976610615,4.566883978531227,4.544722134185749,4.523637269972102,4.503728200254844,4.4850333126827895,4.467532193171448,4.451144031805176,4.435740379267121,4.4211681176445365,4.407260621078302,4.393844326536885,4.380761633468827,4.3678809912410905,4.355092506214271,4.342303931188214,4.3294375142521515,4.316427944478422,4.30323236306403,4.289842177580117,4.276263681758133,4.262510353561044,4.248601740299985,4.234562591584512,4.2204221367811625,4.206213479640885,4.191973040255374,4.177738344444696,4.163544059487816,4.149421460161153,4.135398828303555,4.1215018008323,4.107753670302362,4.094175645083312,4.080787059054256,4.067605527276066,4.054647112659373,4.041926484234831,4.029457056541126,,,,,,,,,,,,,,,,,,,,,,,,,,,,,,,-0.22886441168385385
2006-09-30,4.944793648725178,4.9292777797746075,4.868220519156445,4.81736912884934,4.7772388884390375,4.744114599714848,4.715249545592348,4.6888380492212445,4.663831968793872,4.639699506583199,4.616242445210624,4.59345656849099,4.57146115976255,4.550399515386862,4.53039879997243,4.51153629675199,4.49380940356844,4.477151845315664,4.461449146203451,4.446552703182107,4.43229964996866,4.418519490047375,4.405041366539488,4.391716252257072,4.378422020373742,4.365058499629284,4.351543408484064,4.3378091605260645,4.32380143744478,4.30949334621106,4.294891632963873,4.280014894059071,4.264887996727466,4.2495411462610315,4.234009123432728,4.2183306490130335,4.202547851337846,4.186705683849704,4.170848977587464,4.155018658679861,4.139251657615031,4.123581384564799,4.108038138723788,4.092649461829553,4.077440444863201,4.062434002754438,4.047651120668919,4.033111057790551,4.018831523447884,4.004828832099642,,,,,,,,,,,,,,,,,,,,,,,,,,,,,,,-0.3050941421419795
2006-10-31,5.061869055850727,5.045486538176023,4.976880227082629,4.920357249122461,4.8750686412642645,4.835863034860345,4.799610288794335,4.7646701357073615,4.730325495734712,4.6963906023222135,4.662969309932841,4.630304441844984,4.598705713907964,4.568444293002697,4.539733849240063,4.51269545655269,4.487341585784865,4.4636018577723116,4.441343439514121,4.420390918565627,4.400547833874053,4.381603636112714,4.363346678865966,4.345591155875361,4.328179785999939,4.310978409555014,4.29387170656101,4.276759832523452,4.259558252856953,4.242217417103091,4.224723461076774,4.207076289524048,4.18928517916986,4.171367400017333,4.15334707345087,4.135254220655434,4.117123965346193,4.098995586654465,4.0809088335359105,4.062900640169594,4.045005164240999,4.027254117476912,4.009677050059223,3.992301596255028,3.9751536704984605,3.958257402868651,3.9416350165483722,3.9253069885932934,3.9092922281047175,3.8936082330250223,,,,,,,,,,,,,,,,,,,,,,,,,,,,,,,-0.3654784535285138
2006-11-30,5.083770436671737,5.0373006927436,4.968744949075897,4.915452116532861,4.8719362527272825,4.833268682388939,4.796867077991702,4.761447015799493,4.726429039043582,4.691646997426242,4.6572036247981945,4.623368671347809,4.590498838611681,4.558925183183072,4.5289326024177665,4.50071057467866,4.474342510238594,4.449822182689682,4.427069092761245,4.405943195531551,4.38626594359868,4.367828357765069,4.35041161774959,4.333817730771814,4.317871048545133,4.302413986698552,4.287303679607134,4.27240935575424,4.257613861546082,4.242832091028366,4.22801061320039,4.213112928985199,4.198115582337917,4.183006241915922,4.16778211183566,4.152448607303334,4.137018244935902,4.1215094259543035,4.105943657781246,4.090343723255121,4.074733442702933,4.059137550429749,4.043581623742914,4.028092642581881,4.01269969104512,3.9974322612697915,3.982317850499331,3.967381816323618,3.95264759479829,3.93813689259817,,,,,,,,,,,,,,,,,,,,,,,,,,,,,,,-0.39212343924549575
2006-12-31,5.201957350426764,5.179080370578852,5.133756365096604,5.09722620300426,5.06549343290209,5.035403282797954,5.005426306625046,4.974911281531596,4.943656705640418,4.91173995156301,4.879428269934118,4.847113259779429,4.815229466665539,4.784165280723505,4.754249226139845,4.725699592113335,4.698626816113539,4.6730524870267,4.6489255541972785,4.626137873870553,4.604543046925668,4.583965192469851,4.564222847681603,4.545153171838764,4.526611124503557,4.5084660428861465,4.490598979317234,4.472900646508347,4.455275279179682,4.437658233570471,4.420010124911419,4.402304823914386,4.384526809951348,4.366669610957329,4.348734510778538,4.330729471962475,4.31266823165532,4.294569107180653,4.276452438797532,4.258339384391861,4.240251791010258,4.22221211281712,4.204243456843248,4.186370759492053,4.1686216254340716,4.151024137978302,4.133604794831468,4.116388488245888,4.099398668841349,4.082657489768364,,,,,,,,,,,,,,,,,,,,,,,,,,,,,,,-0.29021739886375464
2007-01-31,5.455786027611537,5.46610031042368,5.421132158304535,5.374066736886533,5.330696500857882,5.290539562345232,5.2526107583689665,5.2162262735433,5.18095472358396,5.146539848638079,5.112855317445902,5.079884088808474,5.047684694920512,5.016339945169742,4.985933000961477,4.956517765714853,4.9281160012685294,4.9007185631822985,4.874289515215544,4.848770085994888,4.824084419661011,4.80014391642442,4.776859436848389,4.754149960696802,4.7319416408676975,4.710166423944383,4.688760977290756,4.667665904784877,4.646828230286935,4.626207961115453,4.605775471297114,4.585508192233479,4.565389465445042,4.545407673436101,4.525555519554207,4.5058294278730555,4.486229040433296,4.466756797163625,4.447417587340054,4.428218446797907,4.4091682962031635,4.3902777167416245,4.37155893630972,4.353026859579617,4.334699314217326,4.316594767904428,4.298730854140508,4.28112438117803,4.26379141623124,4.246747359579984,,,,,,,,,,,,,,,,,,,,,,,,,,,,,,,-0.3092461789734582
2007-02-28,5.364182561441761,5.358098867839917,5.297278160695062,5.234775300072517,5.179027930715443,5.1299099694516945,5.085960784339855,5.045805084494704,5.008376350620752,4.972917294592122,4.938940241010016,4.9061852315542875,4.87453701531478,4.8439530162853,4.814429647421206,4.7859769561530126,4.758611955023965,4.732354557660701,4.707213507203805,4.683181703856925,4.660219893154102,4.6382474958625854,4.617160315282128,4.596848822565504,4.5772010471104005,4.5581030467666945,4.539439273670384,4.521094913037233,4.502969791728657,4.484985513294971,4.467082285408723,4.449215933885399,4.431355534309035,4.41348146353684,4.395583785231602,4.377660904421731,4.359718402531349,4.341767880006924,4.323826059992156,4.305914142758044,4.288057259711755,4.270284002753293,4.2526252757156,4.2351106237836005,4.217766571020347,4.200616170252448,4.183679008961507,4.16697155866902,4.150507492891479,4.134297966940887,,,,,,,,,,,,,,,,,,,,,,,,,,,,,,,-0.391265266849639
2007-03-31,5.463378010668831,5.4619781132137675,5.410813058366304,5.35873804772573,5.312156641553512,5.27078598896061,5.233574991215364,5.199392455413103,5.167223371963029,5.1362783094929965,5.106029593956859,5.076192789299792,5.046667661077402,5.017475910709505,4.988711334975396,4.9605065262441475,4.932999432030504,4.906315248984795,4.880548707220381,4.855760730726597,4.831962026335469,4.809112039733048,4.787140748931201,4.765965096318939,4.745492451588097,4.725622452636637,4.706248450868559,4.687261952842961,4.6685674505194665,4.650087485882907,4.631761127075226,4.613541735401955,4.595394803245212,4.577296170081849,4.559230544327059,4.541190272476206,4.523174432271531,4.505188406059681,4.487243255034052,4.4693550131484,4.451544080682658,4.433834690916713,4.416253428342312,4.398825853862068,4.381575270315303,4.364521931203499,4.347683021328725,4.331072971594343,4.314703740015055,4.298585059005797,,,,,,,,,,,,,,,,,,,,,,,,,,,,,,,-0.3270997011758343
2007-04-30,5.575524458232254,5.571356224321834,5.512151541078363,5.440993689597268,5.371840959191418,5.308846662709099,5.253037257989736,5.20439320014643,5.162514354801626,5.12681566653741,5.096497690327227,5.070530427742432,5.047884635072081,5.027603350689029,5.00892095443372,4.991280022331705,4.974285336911503,4.957665281755971,4.941243649661078,4.924910067294121,4.908582722378899,4.892194087822161,4.875688633346459,4.85902095298034,4.842153771767334,4.825056382109233,4.807703456000438,4.79007630102146,4.772168337384947,4.75398463890964,4.735538928350167,4.716851996292653,4.6979506296156,4.678866729682196,4.659636581699634,4.640300229765798,4.620900126742744,4.601478680399031,4.58207766863143,4.562738313129922,4.54350134720779,4.524407030260532,4.505493669760489,4.486794638048047,4.468337989591227,4.450146576498242,4.432238496166144,4.414627586054226,4.397323858371555,4.38033388260199,,,,,,,,,,,,,,,,,,,,,,,,,,,,,,,-0.4487087916948438
2007-05-31,5.692494002375283,5.740538921573448,5.723194628916002,5.677625305835908,5.622324199059848,5.565519676871426,5.511039039897213,5.460762748722975,5.415557452668724,5.375615011068585,5.34055791422254,5.309602795482222,5.281875074472314,5.25651729323797,5.232841402316715,5.210337697647632,5.188639259259929,5.167490754431644,5.146726704529592,5.126238705088263,5.105937498425312,5.0857433054055345,5.06558676111647,5.045408102380628,5.025155283374519,5.0047824915221275,4.9842491505442394,4.963524352246744,4.942595817360228,4.921465759903555,4.9001453876291725,4.878653234721631,4.857014051732112,4.835257891406867,4.813419351230775,4.791536889036015,4.769650946949828,4.74780133046563,4.726026858754973,4.704365487127121,4.682854412377364,4.6615300124573675,4.640426536313696,4.619575009473602,4.59900253871497,4.57873189561107,4.558781912907261,4.539167894815555,4.51990197706905,4.5009934437696675,,,,,,,,,,,,,,,,,,,,,,,,,,,,,,,-0.31687899130669805
2007-06-30,5.818445352788823,5.8304516159915005,5.801327901812189,5.761908584720109,5.722768759676415,5.685487159865669,5.650510529688643,5.6182435276591915,5.589025744808776,5.562908803729803,5.539515240608141,5.5181649929486225,5.498134811574046,5.478757200551184,5.45955343965129,5.44021524239223,5.4205631653604325,5.400515048403035,5.380057372794238,5.359211995495065,5.338009704296787,5.316479508116676,5.29463970874355,5.2725065144289855,5.250096157994527,5.227424893439842,5.204509163920422,5.181368696827357,5.158030024909894,5.134523927818669,5.110883438164497,5.087143426135791,5.063340321077718,5.039511882204441,5.015697008617826,4.991935469915167,4.968266193143919,4.944725450721362,4.921346976027502,4.898162280770925,4.875200925668766,4.852490512958395,4.830055502296971,4.807916647110297,4.7860909875405815,4.764592022882539,4.74343007798932,4.722612633943532,4.702144618237883,4.682028660170677,,,,,,,,,,,,,,,,,,,,,,,,,,,,,,,-0.2555365490590198
2007-07-31,5.852278800233712,5.766604845337478,5.639515880753361,5.550003085565985,5.491398639756449,5.45048406037444,5.419071767750858,5.392612996122911,5.368704560354532,5.346048567180615,5.323886474396134,5.301764705922706,5.279431383568708,5.256771865343046,5.233773039576633,5.210485099112228,5.186992813687999,5.163396755513644,5.139793482621925,5.116260044729686,5.092844605506,5.069563310525928,5.046405382559143,5.023352212390464,5.000380590062942,4.9774635896388055,4.95457184514128,4.93168042199311,4.908774396698987,4.8858476857539666,4.862901584455777,4.839943613048892,4.816986573550774,4.794047773020559,4.771148379980225,4.748312788212322,4.725567293609854,4.702939094518032,4.680456121349896,4.658146945077824,4.636040696302889,4.614166543661723,4.59255191186128,4.571221615436081,4.550196900032365,4.5294953102276025,4.509131071164886,4.489115434327357,4.4694569809728755,4.450161888685216,,,,,,,,,,,,,,,,,,,,,,,,,,,,,,,-0.5062302330530972
2007-08-31,5.719670704342321,5.589188553373203,5.416671577204533,5.301837181914337,5.232996344944047,5.190060698451767,5.160896455765655,5.138884534434929,5.1205333879787425,5.1039621656156875,5.088111499804006,5.072379568822995,5.056449303954985,5.040174732867954,5.023510472381231,5.006465006385034,4.989069028675175,4.971364018130988,4.953391276202045,4.935187293764937,4.9167816862977975,4.898196868029388,4.8794496854841425,4.860553798696161,4.841520460748143,4.822358980652481,4.8030773240811175,4.783685957872857,4.764200917986453,4.74464073906591,4.725025259751898,4.705375410757435,4.6857130494023975,4.666060823347791,4.646442057689878,4.6268806335780885,4.607400468600843,4.588024928014345,4.568776819500148,4.54967846284619,4.530751763552418,4.512019011887461,4.493504736708498,4.47523491493289,4.457234071620179,4.439524672199527,4.422127334877562,4.405061023057384,4.388343214196085,4.371990032093496,,,,,,,,,,,,,,,,,,,,,,,,,,,,,,,-0.6157085387266337
2007-09-30,5.489793394936357,5.283194297104322,5.103452447124433,5.006914369640916,4.963485903879675,4.947410892013088,4.944687673911029,4.9480957662957685,4.953968783327853,4.960383680661724,4.966276953762015,4.971036435120722,4.9743209083168685,4.9759537099781594,4.975858273980617,4.974024402214821,4.970488040202181,4.965320044164598,4.958613388176494,4.950474792885894,4.941020442420042,4.930373714883218,4.918656424233331,4.905982875738636,4.89246091715451,4.878193180553163,4.863278210803348,4.8478126413306635,4.831889938420321,4.8155953870648744,4.7990062612647035,4.782193072145963,4.7652205926384905,4.748148701328201,4.731033081649081,4.713925639034277,4.696873322617107,4.6799171910669,4.663093033875429,4.646432030004104,4.629961371462444,4.613706414533373,4.59769388627118,4.581950810944502,4.566501744231177,4.551368516575837,4.536570521861593,4.522124971218533,4.508047115753615,4.4943504045109695,,,,,,,,,,,,,,,,,,,,,,,,,,,,,,,-0.5294097142746335
2007-10-31,5.553281338850997,5.334578215872721,5.159529764763756,5.058733211839997,5.002075504817118,4.969000379116836,4.9487143784011,4.935596366624605,4.926659599396974,4.920214543445221,4.915225070426957,4.911015100482328,4.907128046097699,4.903237999710378,4.899099146534569,4.89452041370295,4.889350211208821,4.883470754518574,4.876794703949476,4.869265884177906,4.860858023741751,4.851571800677101,4.841425423250182,4.83044816354168,4.818678028781768,4.806160082487055,4.792946186105986,4.779099689907797,4.764691575715686,4.749791842066744,4.734468678001754,4.7187887455702215,4.702817411192688,4.686618936194409,4.670256634356884,4.6537924995349,4.63728417052549,4.62078342267146,4.604336816731736,4.587986350704346,4.571770151039155,4.555724981960135,4.539888827427803,4.524298842001254,4.508988647224932,4.493988371934222,4.47932502378247,4.465022814364112,4.451103444526791,4.437586252494166,,,,,,,,,,,,,,,,,,,,,,,,,,,,,,,-0.6330667954057763
2007-11-30,5.384566506728781,4.967874113253027,4.674469480203889,4.540613529184483,4.492354319278229,4.484512323707699,4.494763760243899,4.512252349278265,4.531741931756985,4.550746175557805,4.568127553955072,4.583411829563639,4.5965057568599885,4.60748926349298,4.616516384542821,4.623762446181514,4.629403634133898,4.6336002591281975,4.636489883387637,4.638187235124001,4.638785477210017,4.638357941443856,4.636965202077855,4.634659121207285,4.631484618878043,4.627481029059073,4.622686423724793,4.617149703244256,4.610926760411604,4.604072953338544,4.596642673911014,4.588689498761965,4.580266312794532,4.571425410907013,4.562218579550903,4.552696651801337,4.542907532815608,4.532895660559762,4.522702426955454,4.512366558639639,4.501924832189989,4.491415834117551,4.480882417452409,4.470368225798095,4.459914847599554,4.449561834313525,4.439346917109412,4.429306196482545,4.4194743086421315,4.409884288670599,,,,,,,,,,,,,,,,,,,,,,,,,,,,,,,-0.8338203311709762
2007-12-31,5.232547832695671,4.7561985186851725,4.461842229229118,4.33646308072576,4.296710669109835,4.296852757406582,4.314856320079357,4.3400275289192916,4.367110579674479,4.393475702515493,4.417795372784031,4.439440268889906,4.45819135926478,4.474045211627089,4.487117437390845,4.497583145208988,4.505650443532126,4.511538407575761,4.515464988518816,4.51763971507596,4.518261774746454,4.517514791893318,4.515557683398117,4.512526581939504,4.508539367672257,4.503699195742832,4.498098199309788,4.491821322879402,4.48494410028248,4.477531596746974,4.469639972450934,4.461317873936546,4.452607572539813,4.443545901920878,4.4341650345769485,4.424493110307145,4.414554728883843,4.404371400064166,4.39396193957361,4.383342806820895,4.372529222811668,4.3615401362739,4.350400474685755,4.339139419587166,4.327789231860155,4.316384886383338,4.304963758441914,4.293565228966197,4.282230392022602,4.2710012415304535,,,,,,,,,,,,,,,,,,,,,,,,,,,,,,,-0.8390721301801776
2008-01-31,4.932452824442079,4.539351480079514,4.327686382491077,4.235652346385887,4.20276611378568,4.199965414622992,4.212980258184301,4.234377325709826,4.260035213175366,4.287493489950818,4.3152117358826025,4.342206495722389,4.367839581691653,4.391698211810889,4.413520024849565,4.433145775104287,4.450499483875809,4.465570220198668,4.478391484623349,4.489032088785616,4.497587423110757,4.504167936283832,4.508887408210894,4.511860774297263,4.51320389180108,4.513033571466519,4.511473049165802,4.508657157093006,4.504716439844089,4.499770936589127,4.493931699873285,4.487302199776958,4.479979472774079,4.472055067850708,4.463615740315128,4.454741427473909,4.445501038423515,4.435952864711518,4.426145938405233,4.41612119881236,4.405913917950405,4.395559909925682,4.3850973591757585,4.374565001929951,4.364001397032642,4.3534449291679405,4.3429336862724925,4.332504945599051,4.322195023220111,4.312038597361503,,,,,,,,,,,,,,,,,,,,,,,,,,,,,,,-0.6449593344912605
2008-02-29,4.93109021588148,4.422508929232666,4.143497521420245,4.03226689227638,4.005150310338238,4.019217335552559,4.0534135670635685,4.097157815045291,4.1448475332082975,4.193337045730101,4.24075767997807,4.285968275194076,4.32826982666912,4.367241776156413,4.402660746799062,4.434450611682697,4.4626488136952815,4.487373344782998,4.508787750841426,4.527080764634762,4.542456515890753,4.5551175913509985,4.5652567010861365,4.57305823723419,4.578699937529106,4.582354002948896,4.584186989214101,4.584358292088238,4.583016523479794,4.580299873884731,4.57633777795376,4.571252282593151,4.565159166319967,4.558168860209705,4.55038655644016,4.541909242478756,4.532824652486167,4.523212394418219,4.513144991847033,4.502688774611768,4.491904912688585,4.480850749220684,4.469580308963864,4.458144313975779,4.446590447957351,4.434963678269865,4.423306144712667,4.411656414520355,4.400049543686853,4.388516971092602,,,,,,,,,,,,,,,,,,,,,,,,,,,,,,,-0.7377531701513789
2008-03-31,4.843952057173444,4.31252789232197,3.995040245943405,3.856441651334873,3.8095617759267286,3.8080055268775994,3.829784368273131,3.8641763653277925,3.905664526072968,3.951255052040641,3.999239505035021,4.04858624229337,4.098583625203289,4.148668637923028,4.198338736915695,4.247113762503997,4.294534394658615,4.340162552989679,4.383599141412166,4.424487651139907,4.462514430564657,4.497432983895054,4.529065645214644,4.557289782878386,4.582026817072416,4.603240745623865,4.620961697543031,4.635279890724202,4.646317425309077,4.654219248351088,4.65914945718539,4.661288307197328,4.660829763633022,4.657979465477245,4.652950054947785,4.645948785046274,4.637173544040149,4.626813983064604,4.615052572165174,4.602065449368519,4.588021865783114,4.573082554337437,4.557399165776568,4.541113312919574,4.524357304718932,4.507255099898094,4.489921639651722,4.472460951937442,4.454966680490345,4.437522102943031,,,,,,,,,,,,,,,,,,,,,,,,,,,,,,,-0.8926970051328027
2008-04-30,4.777345667152157,4.533831835707069,4.406839805904443,4.353518931746977,4.338834209233776,4.343946914821182,4.359706988451939,4.38171109351202,4.407682425546274,4.436274824873065,4.466603846389449,4.498039127583618,4.5300653558544814,4.562216335398365,4.594040821292214,4.625096580172305,4.654965214939427,4.683258002216642,4.709637322928707,4.733817074369744,4.7555652179420616,4.774714257361449,4.79115384332277,4.804818974468536,4.81568101851526,4.823748243566387,4.829081389829375,4.831780983929616,4.831965878392791,4.829768243441111,4.825331418460335,4.8188081668179565,4.810359247987201,4.800152176207765,4.788356643975111,4.7751348402574605,4.760639808728513,4.745016626638737,4.728403426151688,4.710932204626227,4.692728678625164,4.673911845011301,4.654593815442681,4.634879575544394,4.614867649061787,4.59465073547787,4.574315325788471,4.553941071593367,4.533601212358949,4.513361580652628,,,,,,,,,,,,,,,,,,,,,,,,,,,,,,,-0.341070842279092
2008-05-31,5.089722184607596,5.065294146841577,5.028693233867191,4.999139415201528,4.977711253043729,4.961859774793881,4.950124890096995,4.941854883133022,4.9366716159526876,4.934268634973859,4.934383229321778,4.936780100078221,4.941204673340843,4.94736484313313,4.9549154551206875,4.963469598196514,4.972614059287341,4.981926144788381,4.991000822893055,4.99945323013345,5.006931048188174,5.013143142494009,5.017854684189093,5.020875465668427,5.022051374078083,5.021271289982173,5.018486550470161,5.013694968540274,5.0069226939239195,4.998218666721067,4.987650941534365,4.975303700828095,4.961274811312765,4.945673693314083,4.928616601470655,4.910220272339376,4.890600859403833,4.869874007743678,4.848154919214254,4.825558359521656,4.802198267937723,4.7781873222694395,4.753635686252744,4.728650106611292,4.703334202848509,4.67778868083527,4.652110479850813,4.626392154204205,4.600721917853393,4.57518120660649,,,,,,,,,,,,,,,,,,,,,,,,,,,,,,,-0.15545354963373725
2008-06-30,5.2271351893393,5.2185895728553655,5.180368746266726,5.156911302706661,5.147479599073777,5.145617299741491,5.147367746428821,5.150667982489921,5.154436216947183,5.158106917309077,5.161415345968691,5.1642730429010175,5.166660919925354,5.1685773050425015,5.170002875634519,5.170902666626096,5.171225364181057,5.170903367056758,5.169859888282646,5.168010289476383,5.165266938846973,5.161549570259002,5.156785348929486,5.150907324866404,5.1438535797020135,5.135572469830341,5.126030188900021,5.115211511584432,5.103118254290941,5.089766516708019,5.07518437805023,5.059410025257274,5.0424902215204845,5.024479060986669,5.005437161742401,4.985431059333503,4.964532443682415,4.94281748088467,4.920366239122521,4.89726197879965,4.8735894379475075,4.8494336472701445,4.82487868466203,4.800007062511515,4.774899868748145,4.749636667957255,4.724294144890956,4.698945470072037,4.673660161685489,4.648501841724546,,,,,,,,,,,,,,,,,,,,,,,,,,,,,,,-0.06902827203022355
2008-07-31,5.127821075000321,4.983391608866737,4.865215198070064,4.798352709995105,4.76527916917445,4.750111581624509,4.7443599422466916,4.743906072946149,4.746687120031287,4.751615452130264,4.75811262844721,4.7658580885123625,4.774640702146875,4.7842859297617295,4.794612037410561,4.805424678646884,4.8165059903127405,4.827614930829327,4.838492801957331,4.848858793653595,4.8584322680660295,4.86696629279561,4.874243921937783,4.880071948912453,4.884278046737154,4.886728032455799,4.887339563345996,4.886071877000072,4.882917288896368,4.877895644897449,4.871049880865552,4.8624424148501415,4.852152195239183,4.840271971988127,4.826903601338288,4.812154429139271,4.796136371891478,4.778965315344669,4.760760598661116,4.741643458889477,4.721732417527973,4.701141582716033,4.679980438380068,4.658354082279366,4.636363703828128,4.614106546892057,4.591674522753334,4.5691539969095345,4.546625648994118,4.524162451046633,,,,,,,,,,,,,,,,,,,,,,,,,,,,,,,-0.37620562287005654
2008-08-31,4.995144161861593,4.771303622061841,4.585810704568549,4.477361435642507,4.4197420851512295,4.390659578712092,4.3778553752535965,4.374847692168522,4.378004252739959,4.385196902044992,4.395160979878839,4.407125914238289,4.420578222493517,4.435140144790276,4.450494063648057,4.466367625731469,4.48251551734412,4.498710993890916,4.514746242157147,4.530419337883071,4.5455343377210555,4.559910961804241,4.573382875885397,4.585794787118057,4.597000755753727,4.606874625475846,4.615324807554537,4.622286464339959,4.627715348754093,4.631584355416476,4.633880755854272,4.634603952110462,4.633763638786894,4.631378322408395,4.627475097714098,4.622090484423284,4.615269578057417,4.607064923003856,4.597535590349072,4.586748202289744,4.574780817781189,4.561722051268861,4.547667503116377,4.532718292087297,4.5169804347003994,4.500564247586678,4.483583718418374,4.466156013244947,4.4483979807781635,4.4304181426312255,,,,,,,,,,,,,,,,,,,,,,,,,,,,,,,-0.6099472598166011
2008-09-30,4.259612860925828,4.061690409031647,3.980134408606704,3.9704480841430496,3.991470205526297,4.024393178999101,4.061758441496635,4.100625515919903,4.139806994548234,4.17879160555809,4.2173582370208695,4.25537673532234,4.29272707701944,4.329274699365905,4.364863414157226,4.399337451010476,4.432536514255827,4.464301773243502,4.494485963950524,4.522954613811089,4.549591268981562,4.574300614832108,4.597004556901031,4.617638633360078,4.636150399928186,4.652512034804746,4.666728785763244,4.6788266603820015,4.688847155625945,4.6968446709966125,4.702884427477856,4.70704077667923,4.7093958174078665,4.710038202190578,4.709061268836217,4.706561119611513,4.702636074577045,4.697386379717862,4.690914002422661,4.683323574001456,4.674724133077631,4.665228076604295,4.654949084960627,4.644001652842343,4.6325010009680385,4.620563078073489,4.608304630850115,4.5958429770228895,4.583291509280366,4.570752280250108,,,,,,,,,,,,,,,,,,,,,,,,,,,,,,,-0.08082125536773788
2008-10-31,3.1153229416039947,2.864751282766037,2.907724664645377,3.0590895585681404,3.2339178249652796,3.403706498869731,3.5609348696323058,3.7047713201261727,3.836200215605907,3.9564287089711705,4.066496046914623,4.167185510249379,4.259098388805451,4.342746367495886,4.418610258898498,4.487197266191965,4.5490363529114015,4.604667654722409,4.654635856052078,4.699474927369959,4.739674693348222,4.775665772775104,4.807813682194747,4.8364199578717715,4.8617324702677065,4.883942302437223,4.903194078147395,4.919607358484955,4.933282715638717,4.944304898022313,4.952745382496006,4.9586644480468935,4.962112872436811,4.963134161684216,4.961773800462351,4.958086493820164,4.952135534279912,4.943991671906442,4.933732460901742,4.921445848340145,4.907234342524107,4.891213984526677,4.8735128461620425,4.854269671377272,4.8336328125325405,4.811760982307709,4.788824356480943,4.765002998826988,4.740476830552683,4.715414945638053,,,,,,,,,,,,,,,,,,,,,,,,,,,,,,,0.8411057673671758
2008-11-30,1.5034727051726111,1.7750863946702007,2.147811059052588,2.461757709003505,2.7046165490290965,2.8925977812641928,3.042526562515104,3.1664946000317205,3.2725119286583806,3.3658272931526376,3.449911315611634,3.5270467065950015,3.5987542997241104,3.6660754588554387,3.7297565804435915,3.790391390675094,3.848456355800053,3.904334422522438,3.9583308277112708,4.010671419352512,4.061483370933431,4.110800296139177,4.158581421271967,4.204726751359807,4.249083108106182,4.291426476173519,4.331499719688846,4.369069360895939,4.403927763017639,4.435888824119629,4.464784503748666,4.490462000826175,4.5127814471129994,4.531618217454902,4.5468878879486345,4.55855837546355,4.5666437525391785,4.57119817427076,4.572310856238263,4.570103738457615,4.564730234681277,4.556370302326622,4.5452251260524035,4.531514387258682,4.51547415744981,4.497354108381242,4.477414563775904,4.455924689407895,4.433152287333778,4.4093500609330745,,,,,,,,,,,,,,,,,,,,,,,,,,,,,,,1.8623545879800265
2008-12-31,1.023847310793083,0.9068924459404035,1.1782797285305633,1.5113843800771656,1.8104687248842848,2.059264702583352,2.263538651514348,2.4325575024678887,2.57441110661008,2.6953279070754723,2.799858395763738,2.8913505676413447,2.972386566448527,3.045056391463621,3.111142902412268,3.172204814981731,3.2295674739268083,3.284316579158169,3.3373092020946813,3.38916679244713,3.4402619313236484,3.4907572610387287,3.540660484794256,3.5898598252852465,3.6381372916976473,3.685160767618833,3.730564533183078,3.7740167185509783,3.815217994612394,3.8538961495315767,3.88980171499323,3.9227044125274406,3.9523902955762438,3.9786689872192755,4.0014099176528095,4.020551536665862,4.036092435555977,4.0480834337728,4.056620832902941,4.061840219139194,4.063910941237471,4.06302941764463,4.0594134479825135,4.05329956121526,4.044940667900368,4.034601267839963,4.022553161583654,4.009073279909262,3.994430442372042,3.9788732484352893,,,,,,,,,,,,,,,,,,,,,,,,,,,,,,,1.6714805962823893
2009-01-31,0.9681897031644416,0.9536106374037268,1.1488992936779654,1.4279703187956458,1.7164998945272916,1.9888969598641875,2.239268743049612,2.468414884178074,2.6786348035634484,2.8720219532080504,3.0499839758989893,3.213393383252441,3.3628439968133863,3.4988636957114063,3.622054516363749,3.7331899423062294,3.8331740026423127,3.923033260017604,4.003871342970171,4.076792294187743,4.1428172344160386,4.202859018484918,4.25768972633516,4.307956793528791,4.354185587824869,4.3967574720127205,4.435957260142276,4.472009973104831,4.505091971104418,4.535339063772353,4.562853050582193,4.587707034936881,4.609949884751406,4.629616831304789,4.646750699781451,4.6614066261817575,4.673650455471504,4.683557333006791,4.691211302158018,4.696709239487583,4.700162334707111,4.701693028371214,4.701432691653197,4.699520559421332,4.696102778956418,4.691331115812416,4.685361975949883,4.678354675523713,4.670462551469116,4.661827539576293,,,,,,,,,,,,,,,,,,,,,,,,,,,,,,,1.903832250043609
2009-02-28,0.6832367361762044,0.7729908220656321,1.0299159410975747,1.3152736183184754,1.5849186756251226,1.8302757015657933,2.0528229658758237,2.25615481804508,2.443469111207566,2.6170812983565233,2.7784952210859823,2.928704302626807,3.06846894783138,3.198480268455054,3.319456539148279,3.432162612959143,3.5373628313699705,3.635799226649114,3.728177985212446,3.8151293222605345,3.8971951966122353,3.9748172523617686,4.048336337685373,4.118004123808814,4.183942989264099,4.24614780269709,4.3045776970961285,4.359191691744281,4.409949376414439,4.456810816287683,4.499736475274534,4.538687158615634,4.573629018803832,4.604562879509821,4.631537698834798,4.6546447165950635,4.674011740576755,4.689798327107093,4.702189913332825,4.711386826255522,4.717598695958232,4.72104243174433,4.721940988213084,4.720522663672906,4.717019458876315,4.711661753323091,4.704676015820522,4.696283503687014,4.686693127234903,4.676098851897864,,,,,,,,,,,,,,,,,,,,,,,,,,,,,,,1.9338445621803189
2009-03-31,0.6431599536598481,0.690252367378314,0.9559240195335027,1.2766687445052087,1.5756504807832024,1.8290766678934611,2.0366237393031037,2.206101206412938,2.346367117098323,2.4652657020537134,2.569115036128183,2.6627812817225966,2.7498113984837507,2.8327345051708903,2.9132505563310835,2.9924006482387813,3.0707351670572045,3.148438013749761,3.2254279701179502,3.3014541064680314,3.376162371899422,3.4491710398588507,3.5201029654100644,3.58859340787329,3.6543246677707835,3.717031068521559,3.776487740222325,3.8325427661877307,3.8851245849967326,3.9342291701391696,3.979909137288201,4.022264888916038,4.061436514385425,4.097594559276776,4.130934226579307,4.161671917461667,4.190042366653086,4.2162961236978385,4.240689884624775,4.263463455368187,4.284834135975381,4.304997545978249,4.324129568209916,4.3423885490799785,4.359914201620242,4.37682001968639,4.393192769589878,4.409096441458221,4.424578418930977,4.43967246654917,,,,,,,,,,,,,,,,,,,,,,,,,,,,,,,1.8221057483938652
2009-04-30,0.593717034013607,0.665970544584549,0.9540759555656626,1.2961768779280667,1.6123080142411126,1.8812165419316325,2.1051113338156378,2.292773485359959,2.4532000201185133,2.594003087391886,2.721120477037336,2.8388985757390324,2.950289292326275,3.0572013015114208,3.16073541544762,3.2614170602882337,3.3594148610153143,3.4546659876418357,3.5469860439208936,3.6361445778250903,3.7218937993541514,3.8040032713918337,3.882267013464439,3.9565027473133956,4.026560100904973,4.092311883573367,4.153650346461144,4.210521707145313,4.262929926770287,4.31092725777574,4.354606454978011,4.394094448166737,4.4295472295503355,4.4611457560555605,4.489092434694906,4.513608143915999,4.534929737461716,4.553307691673985,4.568996163556681,4.582236078163195,4.593253054360076,4.602258886766039,4.60945308105691,4.615024162540991,4.619147594057893,4.621980039875682,4.623659711490238,4.624308892590622,4.6240368906888545,4.622941644718038,,,,,,,,,,,,,,,,,,,,,,,,,,,,,,,2.000286053378279
2009-05-31,0.5881920025360943,0.65954865247132,0.978812820677417,1.351845507644403,1.6908369979737443,1.9755273585240243,2.2101950430755872,2.405124028566231,2.5706124307867415,2.7154024825870158,2.8463802347703084,2.9685804273777525,3.085301226012189,3.198482764574351,3.3089509756749673,3.416805218977333,3.5217599755279294,3.6233118850936847,3.7209201020823404,3.81410576103233,3.902473772911957,3.985746093420603,4.063748865353041,4.136396326295833,4.20368547275198,4.265686095683564,4.322530521386836,4.374403252590874,4.421532094352435,4.464180937486272,4.5026439382815875,4.5372404496428285,4.568301633579786,4.596151077448497,4.621102431377366,4.643460779443246,4.66352379724074,4.681581072596143,4.697899506993104,4.712712298996374,4.726222025799307,4.738604334621592,4.7500110776897175,4.760572452397941,4.770394059160131,4.779554818956831,4.788109994314262,4.796098684425526,4.8035497968602785,4.8104833889309075,,,,,,,,,,,,,,,,,,,,,,,,,,,,,,,2.1272104800509215
2009-06-30,0.5717542316731686,0.8326191353939506,1.2838741355244185,1.721252810842293,2.081249483353312,2.3611403514425855,2.575298966530405,2.7397051907879324,2.868148404744618,2.9716561809762134,3.058836270208216,3.1361382296833273,3.2081188356750903,3.277856003896377,3.347189845733568,3.4170817167864556,3.4878622470929916,3.5594069204970733,3.631303266930788,3.7029986839600646,3.773891219146029,3.8434103946929365,3.9110225534360934,3.9762470715632072,4.038681959326756,4.097996759537846,4.153937290167725,4.206336020894786,4.255100542622839,4.300201048868346,4.341660238564827,4.379544966288303,4.413957237890634,4.445026055891084,4.472903182412469,4.497759978059479,4.5197847513231935,4.539178141938113,4.556137114286577,4.570846494861575,4.583480146721855,4.594202340392095,4.603168871659073,4.610527306201964,4.616413536536495,4.620950341584159,4.6242487325961745,4.62640962148265,4.627525117163911,4.627679417477916,,,,,,,,,,,,,,,,,,,,,,,,,,,,,,,2.399901949303045
2009-07-31,0.4182367499746439,0.7401390841700408,1.2381604094810619,1.702082731416579,2.0805489096334213,2.378652744814287,2.6135735700888283,2.801252794204841,2.9544878431149737,3.082966080033231,3.1939283132666647,3.2926392832506406,3.3828312232309403,3.4671041612931823,3.5472047514503746,3.624284809646172,3.699061655999331,3.7719316814411163,3.8430658949310814,3.9124906687332355,3.980140435398671,4.045894871860718,4.109592979780646,4.171048352203594,4.23005760388686,4.286393459519545,4.339841526892649,4.390234713777024,4.437448258806855,4.481392676335787,4.522008066810693,4.559260712026125,4.593150399562686,4.623715345460292,4.651027457258895,4.675187654623456,4.6963219349786005,4.71457593888065,4.7301042265924425,4.743065355019434,4.753619785653893,4.76192902184705,4.768155465694845,4.772461141947118,4.775003213676621,4.775932615684146,4.775393782458329,4.773522015295975,4.770443081388995,4.766274139145595,,,,,,,,,,,,,,,,,,,,,,,,,,,,,,,2.664729330058587
2009-08-31,0.35608591534636347,0.5825461878472507,0.9934292121025728,1.3886432162932194,1.7184743256329562,1.9855644099869243,2.2042785495398096,2.3880096271395743,2.5468118756685936,2.687684951737217,2.815403505452064,2.9331100499768237,3.042768957405472,3.145513576632618,3.2418951581912854,3.332117776199265,3.4162061845515774,3.494113572597155,3.5657984259940374,3.631261898984467,3.6905738776737516,3.7439043659714666,3.791510995183099,3.8337202044875878,3.8709163033246083,3.9035416528122946,3.932067602030927,3.956952632904861,3.978638222122434,3.9975516656068777,4.0141083657365115,4.028713191044926,4.041747448162071,4.053544753223909,4.064392316336927,4.07453737076742,4.084192501085867,4.093535933270666,4.102704650089615,4.111797620761491,4.120883972614011,4.130007576250873,4.139190009361278,4.148434069386841,4.157728464729896,4.167050119581953,4.176366393892106,4.185638539881155,4.194823012701324,4.203871956168576,,,,,,,,,,,,,,,,,,,,,,,,,,,,,,,2.3315990363908536
2009-09-30,0.4158305984785475,0.664170966045357,1.031429601404703,1.3811309651181194,1.682966575392879,1.939274541380778,2.159471387947522,2.3523543835988576,2.524553246558202,2.6806672149084587,2.8238463732145815,2.9561908764788787,3.079043575411492,3.193203591509696,3.299105448343582,3.396998217071952,3.4870635354768744,3.5694844664320593,3.6444745078698446,3.7122799684493892,3.7731874096716393,3.8275307831540033,3.875684455007349,3.9180566631525644,3.9550870052166416,3.9872437642014287,4.01499789195201,4.038797484968182,4.059068941624449,4.076220578431937,4.090645546467956,4.10272335670505,4.112808210646665,4.1212147025442585,4.128221133009953,4.134074549304798,4.138994808883049,4.143173703938036,4.146770426028401,4.149915172679595,4.152714732771664,4.155255672191383,4.157606700092154,4.1598210823110975,4.161939065042111,4.163989441795395,4.165991140374103,4.167954905711496,4.16988425738198,4.171776212394379,,,,,,,,,,,,,,,,,,,,,,,,,,,,,,,2.2648366164299114
2009-10-31,0.4338323925063654,0.6872776570277136,1.064628828361279,1.4262375000111525,1.7398223996726725,2.006621970903802,2.235240559201921,2.434018962191174,2.6094280515382833,2.7661986339277593,2.9078305218596046,3.0369102822341865,3.1553637541257618,3.2646070323019147,3.365665397495623,3.459282294456111,3.545998248183077,3.626216934109133,3.700254467418628,3.768371173644592,3.8308053734993193,3.8877964531073235,3.9395895242282486,3.9864404485161633,4.028619681959886,4.066410452651597,4.100096112118355,4.129951828889163,4.15624545089325,4.179238725560031,4.199188283769228,4.216345698156795,4.230951176481409,4.243228923393328,4.253388929358844,4.2616289448525,4.26813593787454,4.27308453333068,4.276634889429157,4.278934392526623,4.280119644919342,4.280317801449081,4.279647615078672,4.27821958567464,4.276135864800657,4.273490949330919,4.270371202388052,4.266854131100221,4.263009105579526,4.2588981726119695,,,,,,,,,,,,,,,,,,,,,,,,,,,,,,,2.332366241421394
2009-11-30,0.4419510527504975,0.6125127090266428,0.9223085262634815,1.2551333456181462,1.5646250308331302,1.8402487903225138,2.0835124830597445,2.2987045638839794,2.489958272424401,2.6607207518172267,2.813889569671605,2.9519380861424764,3.0769587161665606,3.190678195498781,3.294506923361846,3.3895910361045813,3.4768621609360575,3.55707595655732,3.6308439875081566,3.6986660096664905,3.7609616425144274,3.818090710940887,3.870366758373262,3.9180698532224105,3.961452735970658,4.000744797756578,4.036163976972664,4.067923182973487,4.096231332119635,4.1212940132767075,4.143314024208303,4.1624914257774055,4.179021605877967,4.193094488439193,4.204895244116881,4.214604950470286,4.222400843784118,4.228451643363489,4.232911632189875,4.2359223977301905,4.2376156357247865,4.238114504221218,4.237534565697497,4.235983673206866,4.233561390949178,4.230359655232777,4.226463091161541,4.221949046104789,4.216888223483966,4.2113453471017674,,,,,,,,,,,,,,,,,,,,,,,,,,,,,,,2.218769699066729
2009-12-31,0.47058199771674886,0.708400495329158,1.074686065286415,1.441805870515732,1.7740008797873714,2.0688325265907226,2.3320282573031172,2.56939766165964,2.7851392474886736,2.982091205904709,3.162263861691578,3.327155038804087,3.477911041545533,3.615428034015847,3.7404612029928983,3.8537163715477143,3.955892419541785,4.047696526981808,4.129825705522552,4.2029632967875425,4.267777320532093,4.324910692815259,4.374978492646521,4.418561950922094,4.456213612189552,4.488460058037607,4.515790583858577,4.5386579306089745,4.557484484701754,4.572667337096899,4.584582342051213,4.593584148861767,4.599996810635613,4.604113051472479,4.606198623528637,4.606496053119585,4.605227232964723,4.602590815513561,4.598760458798777,4.593888485024337,4.588109340348809,4.5815417943700485,4.57429074199631,4.566448554528774,4.558096250599862,4.549304777207419,4.540136798873957,4.530648263161233,4.520889148657516,4.5109040620094145,,,,,,,,,,,,,,,,,,,,,,,,,,,,,,,2.51150920818796
2010-01-31,0.4910559569500901,0.7066329827676755,1.064633466070357,1.4273938102792407,1.7556614581833307,2.0466150306584603,2.305743170431918,2.538639694057478,2.7494471677001218,2.9410984847701216,3.115732091937076,3.2749555218547974,3.4200184144260932,3.551927631090642,3.671561157565256,3.7797380436377246,3.8772558718310517,3.964899349816202,4.043421415536543,4.113542519645141,4.175944972968531,4.231266692719436,4.280103062329394,4.323005046055466,4.360484023184451,4.393015188130109,4.421036351344367,4.444952619337596,4.465142019678456,4.481960014150844,4.495743080310385,4.506808262568876,4.5154470057274665,4.521926266753939,4.526491986573353,4.529372008211843,4.530777335883331,4.530896779389627,4.529895080413594,4.527916917208519,4.525090174901641,4.521527986967617,4.517330378164665,4.5125852480482544,4.507369364445514,4.50174957500771,4.495784010872271,4.489523098460158,4.483010351430417,4.476283062511963,,,,,,,,,,,,,,,,,,,,,,,,,,,,,,,2.4500425278200315
2010-02-28,0.5176957055902461,0.6392508916351679,0.8888124703855896,1.1877260407909034,1.4912681717234566,1.7829919751510637,2.058395901188217,2.31674156512261,2.5582455362578616,2.783361646760251,2.9926042081586557,3.186436205810964,3.3652629486194976,3.5294651988705334,3.679467160130298,3.815775109131806,3.9389854993506246,4.049790495802289,4.1489539432988325,4.23729234132197,4.3156413276926795,4.384830668901244,4.4456594799234574,4.498882498985269,4.5452103389140115,4.585303607864969,4.619773737772558,4.649191297625788,4.674093038803663,4.694987529282983,4.712356652670214,4.726640609176154,4.738231958122243,4.747482026785185,4.754706800689059,4.760191814911725,4.764192322205357,4.766920276823334,4.7685433997203805,4.769196562344465,4.768988670926283,4.768005842620527,4.766314464413647,4.763965354804768,4.760996453645603,4.7574350838706785,4.753302988611331,4.748618864042364,4.743398735380699,4.737656966077113,,,,,,,,,,,,,,,,,,,,,,,,,,,,,,,2.265665941170005
2010-03-31,0.5324331218766062,0.6817536894738091,0.9467601915424518,1.2462279316043392,1.5437703662091429,1.826696252773757,2.0920142164087694,2.339702482507827,2.570473996636506,2.7851532731708684,2.9845016734512737,3.16916176461139,3.339665458104242,3.4964725534606473,3.640025011173963,3.770772951283699,3.8892071687987455,3.995880328497364,4.091397171987079,4.176408491622644,4.251597250950107,4.317665335061891,4.375318741748079,4.425264372231945,4.468211052933686,4.5048411560332635,4.535800899646636,4.56170635837268,4.583148660451305,4.600698107701344,4.6149001890342065,4.626249329826713,4.635183324040485,4.642091321684323,4.647320777950309,4.651183144481378,4.6539518047605455,4.6558472017299275,4.6570393590154335,4.657659957165621,4.6578088952327,4.657558104054439,4.656955266783844,4.656028032256398,4.654786757741708,4.6532281838689595,4.651342457311553,4.649115714995688,4.646530542262558,4.643567970669405,,,,,,,,,,,,,,,,,,,,,,,,,,,,,,,2.252720151294262
2010-04-30,0.5303646526207134,0.6802488805991738,0.9536319669995265,1.258012234546739,1.5535977467785698,1.8302588298790692,2.087243640591854,2.3258397372480926,2.547489535530947,2.753429612640501,2.9446566717342146,3.1219580545060506,3.28597110343222,3.4372220691188247,3.5761866615824416,3.7033201436115055,3.8190881627167235,3.9239942361686726,4.01858146311853,4.103432742847502,4.179156302395812,4.246373806753453,4.305708664414298,4.357784051216572,4.403217999967396,4.4426027359908264,4.476502329993168,4.505457632424913,4.529990276973124,4.550605732357643,4.567786882801107,4.581973311757005,4.593560753122426,4.602907467300746,4.610339594557857,4.6161553338855565,4.6206202862802686,4.623955695058164,4.626342383703188,4.627928769596059,4.628835436334226,4.6291584423339165,4.628971930966808,4.628330122821031,4.627269480491867,4.6258127406836,4.623974714542274,4.621764073560116,4.6191840404619935,4.616234890756442,,,,,,,,,,,,,,,,,,,,,,,,,,,,,,,2.2230649600197876
2010-05-31,0.5137089551969103,0.6087726537221162,0.8078556026573884,1.0479657822059576,1.2962847458872884,1.5400419644250072,1.774644104849107,1.9982756877010561,2.2101799290939805,2.410120511623087,2.5981184471881575,2.774316049427293,2.9389196980250443,3.092166428463466,3.234331711864135,3.3657301924778835,3.486732681926773,3.5977668551862916,3.699308400402164,3.7918733514647167,3.8759972053060183,3.9522204690684704,4.021072451137653,4.083065958812404,4.138693180559942,4.188421681074853,4.232697243221158,4.271947749769164,4.306586269618519,4.337013298594752,4.363611950612168,4.38673762846169,4.406719574617274,4.423864710171602,4.43846082360295,4.450778234052622,4.461062622246055,4.469529847538698,4.476370163569646,4.481752376888887,4.485826538366184,4.488726038858097,4.4905682264413604,4.491455042761373,4.491474812811768,4.490705309489326,4.489216252652679,4.487070252208358,4.4843235929380505,4.481027964444205,,,,,,,,,,,,,,,,,,,,,,,,,,,,,,,1.8964115564261768
2010-06-30,0.5229441637899325,0.5958417142673985,0.7385164582429801,0.9362412838066582,1.1560439166225567,1.380384653471267,1.6013053220913769,1.8149064447181804,2.019208855679523,2.21325403166979,2.396641630743638,2.569262563835519,2.73116736363378,2.882510520021716,3.0235138858547685,3.1544523565465554,3.275664805643828,3.387557426927236,3.490593929777249,3.5852790791271714,3.6721321263142683,3.7516674474690435,3.8243742733932793,3.8907123110713524,3.9511118924586435,4.005977012393339,4.05568984956638,4.100614662037186,4.141100876997709,4.177485204175623,4.2100877023561,4.239206396125897,4.265119552854785,4.288088587892015,4.308360470873791,4.326168371609134,4.34172519511005,4.355221173979706,4.366827407379623,4.376698802596694,4.384976075327152,4.391787262657395,4.397248112482282,4.401462798328222,4.404525419559487,4.406522548659616,4.407534913991775,4.407638047800224,4.4069029023157755,4.40539726348668,,,,,,,,,,,,,,,,,,,,,,,,,,,,,,,1.6903098678798574
2010-07-31,0.5119898667824785,0.6324262952645473,0.7911053795243123,0.9920984699930959,1.2085712005328215,1.4267777038081773,1.640329051692097,1.8459758541137794,2.0421099509887344,2.2280974851474338,2.4038393898083115,2.5694935828287373,2.725327208476966,2.8716572072657605,3.008809046334202,3.1371080415157055,3.2568940724302715,3.3685422310767326,3.472464696709012,3.569098901273313,3.6588872163350468,3.7422601621581006,3.8196225912802246,3.8913516112223085,3.957795131334911,4.019272882407958,4.076081219121177,4.128497294349461,4.176782369818664,4.221184030700915,4.2619341207543116,4.299247302780162,4.333323344408801,4.364349308565904,4.392501364342844,4.417945612894509,4.440836742549965,4.461318624736026,4.479526645005387,4.495589177831894,4.5096284509496405,4.521761191589486,4.532098927877866,4.540748435880446,4.547812368746528,4.553390102973447,4.557578251150345,4.5604709535205235,4.562160180229019,4.562736290196034,,,,,,,,,,,,,,,,,,,,,,,,,,,,,,,1.7161076183649553
2010-08-31,0.5524160277424672,0.5792864649281401,0.6518788225476161,0.7706974947788823,0.9176657409360749,1.0804434211320848,1.2506050366807029,1.4224132745233111,1.592138373108748,1.7574654901848863,1.9169788551047402,2.069784624582578,2.215314873150163,2.353235713319357,2.483400487052674,2.6058148721376533,2.720606555334207,2.8279930737351306,2.928259210820679,3.0217350675246903,3.108774919681653,3.189742778950525,3.264999834263368,3.334905196529352,3.3998053159754527,3.4600176639379185,3.5158329958077057,3.567520117945502,3.615329671997283,3.659497048116561,3.7002417109878287,3.7377639983228774,3.7722469273647654,3.803858739354368,3.8327550343756966,3.859081945835726,3.8829812179454426,3.9045916923648933,3.92404914801354,3.9414865247791355,3.9570342649264787,3.970820419482541,3.982970412645723,3.993607164710211,4.002850010458485,4.0108115638509325,4.01759743613947,4.023306956265263,4.0280337966177955,4.031865602483964,,,,,,,,,,,,,,,,,,,,,,,,,,,,,,,1.205049462442419
2010-09-30,0.5498181295406608,0.5855012055770312,0.6653299271153007,0.7867177656995189,0.9359314164354882,1.1026120501818277,1.2787496579014264,1.4583920615909596,1.6373989716125237,1.8129791399367305,1.9832322733355205,2.1468044966709474,2.3027174425087775,2.450297952537745,2.5891333436343738,2.7190326112987013,2.8399919714012976,2.9521559687661645,3.0557874706746517,3.1512426356316494,3.2389450581947434,3.3193619111058763,3.392988053175843,3.4603418063432105,3.521933122107109,3.5782339734304003,3.6296820847310753,3.6766870476462503,3.719635171511617,3.7588926139906227,3.794797088483496,3.827647731417627,3.857709137477803,3.885216439031767,3.91037953232834,3.933387073830139,3.954410269317969,3.9736055599099664,3.9911169071172607,4.007077429839554,4.021610732842891,4.034832210606375,4.046850320857455,4.05776738519936,4.067678916480998,4.076671922031344,4.084825346825989,4.092210912283963,4.098893821167005,4.1049324756557795,,,,,,,,,,,,,,,,,,,,,,,,,,,,,,,1.2631610103960698
2010-10-31,0.556439960987761,0.6127492758665033,0.6970605563975364,0.8191576001116397,0.9707402310593995,1.14182579929089,1.323652664709882,1.5096606977495355,1.6954128964201807,1.8780252012172185,2.055592014024371,2.2267962732415296,2.39070318328876,2.546664834656515,2.6942605187070146,2.8332657335542413,2.9636256465880813,3.085423312963209,3.198861548695438,3.304238230439708,3.401918123082423,3.4923094225944906,3.5758494915336803,3.652996111760123,3.7241942484789905,3.789856075191047,3.850365614838608,3.906083766690974,3.957352293178668,4.004495867317627,4.047814288132176,4.087577205444202,4.124027990661943,4.157387601252578,4.187857893564787,4.215626012742891,4.240868581284898,4.263753009863549,4.284438224625721,4.303075670473911,4.319810224413672,4.334780993327911,4.34812200532687,4.359962639750417,4.370425903595636,4.379626342802241,4.387670605354609,4.394658263954363,4.400682425266349,4.405828587845867,,,,,,,,,,,,,,,,,,,,,,,,,,,,,,,1.3215852402294574
2010-11-30,0.5453923998965208,0.5915976216507379,0.6943823686523989,0.8491207759533291,1.0341232845118926,1.234188898162258,1.4390913373655383,1.6423972576784303,1.8404511792106257,2.0313008999755113,2.213944552897691,2.3878766293211315,2.5528518346142395,2.70877473756603,2.855643513428212,2.9935297208244136,3.122578254975022,3.242998811007409,3.355060947236954,3.4590859204306303,3.5554335939032136,3.6444859238831886,3.7266405390533524,3.8023059847165395,3.871878174342798,3.9357312663757305,3.9942212749473236,4.047689309933597,4.0964641449120895,4.140862576682992,4.181181378472339,4.217694388940082,4.250655718096582,4.280302648574609,4.306858005780321,4.330531596516672,4.351521185606315,4.3700136794442095,4.386186106641846,4.400206795857729,4.412236405572529,4.4224282482187895,4.430928289886537,4.437875799588985,4.443402958627633,4.4476339822678534,4.450685724514084,4.452668444775325,4.453686346132488,4.453836882312868,,,,,,,,,,,,,,,,,,,,,,,,,,,,,,,1.4859085000789904
2010-12-31,0.5635314531621366,0.6497416037967554,0.820861962176657,1.0311694703789371,1.2573242530673623,1.4861436843488567,1.7095464486361978,1.9230543108422946,2.1247080615283247,2.3140016118044295,2.4911376916075074,2.6566231869522174,2.8110170211066015,2.9548275711634617,3.0884930443297747,3.212385832563753,3.3268567277781935,3.432258777094978,3.528975229141235,3.617426249618409,3.6980631044021908,3.7713647891401845,3.8378416078433557,3.8980232331473244,3.9524152181482175,4.001489619871187,4.045690979880607,4.085441237755227,4.121143587413533,4.153180049546746,4.181894468481705,4.207590326842354,4.230536690162916,4.250973268224304,4.269114451327606,4.285151319902908,4.29925351197032,4.311572588185534,4.322244946159404,4.331393764633036,4.339130666668728,4.345557635711463,4.35076865800317,4.354850678794294,4.357884404155347,4.359944997977419,4.361102673214399,4.361423207580952,4.360968375519729,4.359796229261735,,,,,,,,,,,,,,,,,,,,,,,,,,,,,,,1.750470158642293
2011-01-31,0.6390057618027284,0.7937987550138088,1.0013543813102708,1.235695631725191,1.4800313592896015,1.7232985946151314,1.958351792265533,2.1813011736741448,2.3905566208393294,2.585814886890644,2.767382683131739,2.9358192770145917,3.09175210296979,3.2357968251518026,3.3685421488199037,3.4905552707774095,3.602401158638519,3.704652183458159,3.797897608263726,3.88273999369222,3.9597882661826582,4.029650186033869,4.092936721230484,4.150246560974703,4.202127459289677,4.249075999434262,4.291547009717111,4.32996101973779,4.364710044189236,4.396155339035518,4.424614427031619,4.450362918130643,4.4736408150207625,4.494657749482138,4.513597313083019,4.530620623712442,4.545869511758076,4.559470230451091,4.5715362231237995,4.582169763310958,4.591463490887647,4.599502756370459,4.606367294662032,4.6121318587269124,4.616866432849047,4.620636515820246,4.623503585322733,4.625525516194737,4.62675684971049,4.627248740591196,,,,,,,,,,,,,,,,,,,,,,,,,,,,,,,1.9468091250879156
2011-02-28,0.6849557966319975,0.9012137806346268,1.1295862701678099,1.3673428937131478,1.6057261925719757,1.8381413436763256,2.060237652855918,2.269930103367863,2.4666989483493027,2.6507550869433634,2.8225798133395545,2.9826809062208692,3.1315078463227546,3.269425613476341,3.396739236879441,3.513759366565841,3.620847344879662,3.7184350277890506,3.8070293242771656,3.887192861771788,3.959520971840667,4.02462909751522,4.083151256049918,4.135700398693424,4.1828443095234995,4.225112623480029,4.263003891020179,4.296991126996639,4.327522369751382,4.354999646883977,4.379769711673494,4.4021318234571165,4.422344943681944,4.44063365131583,4.457190718480804,4.472171617141873,4.485696266949874,4.497858944197061,4.508734072765819,4.518378779228336,4.526835724312092,4.534138163876269,4.540312688818691,4.545380929076922,4.54936425231955,4.55228583691212,4.554170545426525,4.555045482246114,4.5549431953791695,4.553902837009716,,,,,,,,,,,,,,,,,,,,,,,,,,,,,,,1.965799290311366
2011-03-31,0.7206648148353166,0.9356688838917432,1.1586402317278028,1.3904979945597336,1.6246661432908804,1.8537680968637584,2.0729961103880727,2.2802564664884826,2.475072349647568,2.657659999910723,2.828468190697638,2.9879738226248658,3.1365869846596697,3.2746329658587645,3.402366728563918,3.5200476070383964,3.627983936546308,3.726555306402848,3.816212510888855,3.897458804180077,3.970828663153992,4.0368778384925585,4.096177052680928,4.149281124631536,4.196717663644484,4.2389918320080024,4.276590501852505,4.309985493428823,4.3396299576325985,4.365935024416199,4.389264485851104,4.409941861414164,4.428256499895868,4.444468523231827,4.458807528869394,4.471461356101397,4.482578934414239,4.492281171701613,4.500666398267369,4.507813222025126,4.513783748080909,4.518628043218371,4.522386392553018,4.52509195160417,4.52677623850132,4.527470890210086,4.527207685972213,4.526019698248002,4.523944795818922,4.521026392704769,,,,,,,,,,,,,,,,,,,,,,,,,,,,,,,1.9369951850754061
2011-04-30,0.6064857533250081,0.7484345746023529,0.951486044222611,1.1790161689287066,1.4137762013393607,1.6445314776763686,1.8652908544548732,2.0738080796664877,2.2697205199144537,2.453397095101083,2.625409249326265,2.7863132130572033,2.9365418887264663,3.0764042538781493,3.206114635200371,3.3258832002469374,3.4359592814614315,3.536666717692519,3.628408079235693,3.7116475135729154,3.7868938972697412,3.854694855428622,3.915625013062216,3.9702443021216176,4.019088186293555,4.062672179545888,4.101495540520005,4.136044018140707,4.166781653600912,4.194124739641519,4.218440390138592,4.240054118394072,4.259256140253061,4.276306313793407,4.291430986191716,4.30481346432423,4.316599837271409,4.326909534407949,4.335839925602836,4.343469120485436,4.349859613164246,4.355062809602053,4.3591209680531735,4.362070373964983,4.363946402661825,4.364784590730622,4.364620670186235,4.363492223034036,4.361442008964603,4.358518207353119,,,,,,,,,,,,,,,,,,,,,,,,,,,,,,,1.8469113417760747
2011-05-31,0.5838945004006715,0.7033572886847929,0.8595227622271661,1.0498093842277412,1.2582433178637253,1.4704843511103158,1.6784282826420494,1.878482406504027,2.069338239353892,2.250686998414417,2.422612949409176,2.585307039166191,2.738914753686981,2.8835081404673994,3.0190968587236084,3.1457150660685835,3.263452595743388,3.3724824478716324,3.473060118742648,3.565505391825117,3.650185950985443,3.7275107254924977,3.797915163889588,3.8618337080422482,3.919694779340193,3.9719219091703315,4.018934644472848,4.0611489374877365,4.098967493604812,4.132761702006748,4.162872409167472,4.189614675717032,4.213281683386686,4.234147039527354,4.252458697428137,4.268434638923497,4.282267771937791,4.2941305827457805,4.304177862975228,4.312548871568685,4.319368742090225,4.324749721802861,4.32879280543896,4.3315906106385365,4.33322971115808,4.333791401666563,4.333352310398879,4.3319858823321065,4.329764183272476,4.326758200061253,,,,,,,,,,,,,,,,,,,,,,,,,,,,,,,1.6667924980137454
2011-06-30,0.576572758590011,0.6802551250525884,0.8097293659973389,0.9805692542508772,1.1779416019116438,1.3866518058616981,1.5974838982487696,1.8054942823792763,2.008034714152377,2.2036047373239693,2.3912850767039653,2.5704594248630976,2.7406810018257883,2.901610207614468,3.05300480898154,3.1947387548288617,3.326798790327543,3.4492935031893857,3.5624352259771586,3.666518633962858,3.7619041857837563,3.8490036198287685,3.9282688199155613,4.000160359909328,4.0651415379477545,4.123677849033235,4.176236578206076,4.223285666325924,4.265279279025934,4.302640349370995,4.335762877220665,4.365016449016059,4.390749935356062,4.413292648104366,4.432945417463974,4.4499771418429095,4.464628808611651,4.477117204243361,4.487638018521261,4.496368122976316,4.503465632007863,4.509070716638337,4.5133078813567655,4.516289288554316,4.518117078076649,4.518884499592374,4.518676961650027,4.517574053335683,4.51565139047145,4.512981052218429,,,,,,,,,,,,,,,,,,,,,,,,,,,,,,,1.6270319787339584
2011-07-31,0.5496517184340342,0.5867394927883243,0.6405161107655902,0.7460355264214243,0.8887286984848389,1.0519227955001278,1.2248362175972602,1.4011836928813985,1.577343971779148,1.7511539907593643,1.9212392509606622,2.0866428741338483,2.246618037635422,2.4005377206271272,2.5478754531114918,2.6882195434159524,2.8212725756937154,2.9468648914330875,3.0649422520079406,3.175548267033255,3.2788088355832947,3.3749182579747212,3.464126563703322,3.5467141471612407,3.6229841134839504,3.693257911096872,3.7578719348098275,3.8171734923834824,3.8715046586812556,3.921189521528932,3.9665359028903633,4.0078379004083935,4.0453779510262935,4.079425645894024,4.110227854882439,4.138007158246029,4.162966525586881,4.185292560601442,4.205157614265399,4.222721281606354,4.238130801983787,4.251522026851277,4.263021058889492,4.272746638883424,4.280811503710266,4.287323051531625,4.292384077609278,4.296094470454845,4.298552384020387,4.299854208410402,,,,,,,,,,,,,,,,,,,,,,,,,,,,,,,1.2015022723253301
2011-08-31,0.5590939690072677,0.5818542986603531,0.6181834420433235,0.7082356605285693,0.8345498088471868,0.9800297145680866,1.134518175881227,1.2923819138990253,1.4503889455605978,1.6065164571053425,1.759420928695716,1.9081800534095639,2.052157603657946,2.1909209005870918,2.324182836537021,2.4517548736050268,2.5735228214263595,2.6894368695821487,2.7995017520456154,2.903765091234024,3.0023061886024154,3.0952327210944377,3.1826833941483064,3.2648175849203347,3.3418105357891945,3.413850303309217,3.481135385214893,3.5438726554356377,3.6022728469333236,3.6565460417275806,3.70690129766024,3.753546808360418,3.7966900202736413,3.8365368973076053,3.8732898222503707,3.9071461585243403,3.9382955069347743,3.966919715724022,3.9931938422182327,4.017285673115914,4.039352996617825,4.059543702424939,4.07799596876545,4.094836864867137,4.110182869499842,4.12414101538407,4.1368098477344635,4.1482793964627716,4.158630685989957,4.167936445712835,,,,,,,,,,,,,,,,,,,,,,,,,,,,,,,1.047422488098075
2011-09-30,0.5610392646507714,0.5585805852481442,0.5698252495952311,0.6345292173122421,0.7367250350489114,0.8598075474845958,0.9932653174270997,1.1308371590188941,1.2687794820371514,1.4047762899942695,1.537385385732161,1.66572950686695,1.7893036718189974,1.9078269514395365,2.0211497738099964,2.129206345463995,2.2319950647237894,2.3295753473757155,2.422061480320109,2.509613251091165,2.5924241028056687,2.6707176072081733,2.7447309345575626,2.8146945726149055,2.880832378251272,2.9433628526188795,3.0025001329437617,3.0584538390021314,3.1114213881021398,3.1615827712929896,3.209102821416639,3.2541335815776824,3.2968162213085344,3.3372820338782785,3.375652722505007,3.4120408655566505,3.446549950933913,3.4792753400296155,3.5103053113654017,3.5397220117587183,3.5676023250363533,3.5940185052440667,3.6190382733649735,3.6427245481649235,3.6651358333729647,3.6863266972696835,3.7063481414124886,3.7252474077205395,3.7430677889357633,3.759849021600866,,,,,,,,,,,,,,,,,,,,,,,,,,,,,,,0.8437370253434981
2011-10-31,0.5450947905360322,0.5315478228655814,0.5216792538781244,0.5702656000764943,0.6642778038485423,0.7864071810246477,0.9247330317975015,1.0715467875256273,1.2217796416018123,1.3719319033760227,1.5195352735849645,1.6628310804048165,1.800580106220316,1.931909080979946,2.0562130717496796,2.1730861798562593,2.282294422442291,2.3837831796849485,2.477662030001446,2.564203958749567,2.643819194743487,2.7170408553608945,2.784431665516411,2.8465226593254216,2.9038171984942425,2.9567962939372405,3.005922738906353,3.051638518267128,3.0943339968420274,3.1343356928325923,3.171915645874285,3.2072999293124433,3.24067553692958,3.2721948901792666,3.3019792955235077,3.330125001340989,3.3567090971503193,3.3817923560977037,3.4054215404523482,3.427634569417428,3.4484660346067564,3.467948229276942,3.486112386386191,3.502990017554082,3.518613031824802,3.5330136924871964,3.5462245870561886,3.5582786488360854,3.569209161340736,3.57904977807633,,,,,,,,,,,,,,,,,,,,,,,,,,,,,,,0.8268371128399905
2011-11-30,0.4827691961057208,0.4684379320518486,0.4477975642768841,0.4857922961166104,0.5721655508339311,0.6898199967714524,0.826237915102012,0.972918568559375,1.1239800241901403,1.2752043717069073,1.423533972025602,1.5667780772521924,1.703415588821993,1.8324224281246748,1.9531502960349312,2.065233310492829,2.1685470786061964,2.2631697256132965,2.3493530258714763,2.42749734665112,2.4981245828794667,2.561871437164159,2.61939213006006,2.671317646130893,2.7182595928777404,2.7608139270972396,2.7995637800503714,2.8350697555464097,2.86782716898398,2.898257311085262,2.926718929328568,2.9535180003289137,2.9789144988868164,3.003117248674601,3.0262809967087017,3.048518333512961,3.069910167491465,3.0905102776762035,3.1103492374293937,3.129441663063596,3.1477921088599476,3.1653968561596253,3.1822474221286283,3.198333336840042,3.2136425359120393,3.2281615347190127,3.2418758627186914,3.2547714980357463,3.2668354882894994,3.278056242039907,,,,,,,,,,,,,,,,,,,,,,,,,,,,,,,0.7924351756011865
2011-12-31,0.434298948593007,0.37553927489547495,0.31819902128394667,0.3275452938492927,0.3903232662523907,0.4871246211314489,0.604200034641145,0.7325330869945588,0.8661416128109591,1.000989031245226,1.1343505115604462,1.2644062668016485,1.3899454555285788,1.5101736694393406,1.6245914851418939,1.7329137548150308,1.8350293725552331,1.9309689556560872,2.0208742716470276,2.104979769683081,2.1835948485475285,2.257095052321895,2.325857091027188,2.3902425514396426,2.4506008005233886,2.5072713353943126,2.5605854199688434,2.6108574016246786,2.658361801377625,2.7033327899894197,2.745970633090138,2.7864469880282345,2.8249084007293424,2.8614750270126548,2.896242124114473,2.9292878609707493,2.9606783702824755,2.9904694565981997,3.018708609315819,3.045440149458833,3.0707081325801666,3.0945564192430197,3.1170282689781366,3.138166154742564,3.158011839469184,3.1766064482171585,3.1939901377544264,3.210200986747082,3.225274806776239,3.2392454399909405,,,,,,,,,,,,,,,,,,,,,,,,,,,,,,,0.5666900826522191
2012-01-31,0.4759616365751569,0.4198318154828376,0.350997625960853,0.3435776000328419,0.389007621781938,0.4705726418922988,0.5754544303455372,0.6948243197801539,0.8225625601872447,0.9543808352809664,1.087224048170886,1.2188714492644392,1.3476656168421028,1.4723577530178902,1.5920159417356188,1.705956997484755,1.8137252403594724,1.9150668743058818,2.009905244096377,2.098319529574675,2.1805299015296318,2.256868161110813,2.327698094342252,2.3933977567749136,2.4543566005631594,2.510973282810245,2.56365327522333,2.6127894033680836,2.6587315251832813,2.701787586801852,2.7422303687997776,2.7803029643231265,2.816220388561091,2.8501622109833287,2.882273758723986,2.9126750772362184,2.941466208612987,2.96872987421896,2.994534643914598,3.018940499744668,3.042001522377213,3.0637667867878573,3.084281534553683,3.103587855490353,3.121725043425296,3.1387298938968495,3.1546367462962386,3.1694772663908584,3.183280620353431,3.196074050936338,,,,,,,,,,,,,,,,,,,,,,,,,,,,,,,0.4784191987058095
2012-02-29,0.5092365973661852,0.44559033244562335,0.38492826992162404,0.3829498857919175,0.4292320063448485,0.5096932524312915,0.6136718169753123,0.7336297316176816,0.8640911067898296,1.0009795381025255,1.1411568622725066,1.2821035562157748,1.4217219280474427,1.558298056972552,1.6904611900464128,1.8171544329769709,1.9376264826799414,2.051402718748519,2.158253908852473,2.2581539247446254,2.351268565926361,2.437885926124976,2.5183463188388955,2.5930286170975125,2.662342541554988,2.7267227259916758,2.786618472138738,2.842453218069966,2.8946033490057643,2.9434046775587457,2.989158987702733,3.0321392319521734,3.0725864152767084,3.110693825343283,3.146610524343533,3.180455153039321,3.2123223583199803,3.2422860043001474,3.2704036665532468,3.296723705878086,3.3212879323962343,3.344133904583829,3.3652994161427787,3.3848236260859297,3.402746919758248,3.4191112799402092,3.433962540406708,3.447351217390026,3.4593316791951607,3.46995999261808,,,,,,,,,,,,,,,,,,,,,,,,,,,,,,,0.4917429407363403
2012-03-31,0.5351790872097365,0.45062212639222854,0.3946907265289103,0.40406430779593905,0.46274999234265213,0.5541149864030631,0.6665262670976582,0.7922511559522507,0.9259556853151177,1.0638736417249328,1.2032700703473507,1.3421067855332158,1.478796286682393,1.6121151042112454,1.741105342890558,1.865034821047129,1.9833869824598138,2.0958349790375044,2.202229062199673,2.3025730239641975,2.397017712555832,2.4858051476520875,2.5692082083893033,2.6475216954643805,2.7210579468226666,2.790143464502862,2.8551125675769695,2.9162782886054246,2.9739157216589684,3.0282671280997646,3.07954723217955,3.1279474124247377,3.1736347318099782,3.216745485363436,3.2573898443686202,3.2956615851337543,3.3316418072105267,3.365400657806403,3.3970008106195153,3.4265032427023527,3.4539686793613877,3.4794581710188948,3.5030342922687807,3.5247612760050187,3.5447048310807823,3.5629320592418834,3.5795119226709198,3.5945155277250933,3.6080157523322933,3.6200856086326043,,,,,,,,,,,,,,,,,,,,,,,,,,,,,,,0.5286945545151963
2012-04-30,0.5172781492073644,0.4402052865904717,0.40692802720762683,0.43857663022366805,0.5130998974436466,0.6132256783404173,0.728213391224772,0.8513851926369432,0.9784108487804425,1.1064730084794103,1.23373030742715,1.3589477873420808,1.4812741190024903,1.6000970935485814,1.7149746416408074,1.8255897538297046,1.9317265720615193,2.0332658000688877,2.130178107922348,2.222516091740151,2.3104173969221926,2.394059965473149,2.473634159783237,2.5493395227934403,2.6213829418853525,2.689977225777459,2.755335793666313,2.817651901650301,2.8770914176668665,2.933797017953086,2.9878919276425036,3.0394827486085485,3.088657412847383,3.1354809180743075,3.1800014699866344,3.222259258384908,3.262288604717074,3.300118881501165,3.3357785078404527,3.3693005834137084,3.400723288479669,3.4300899827323397,3.4574497370082624,3.4828568737189487,3.5063703837489535,3.528053507812697,3.547973748319506,3.5662026788700274,3.582815168735694,3.59788713294135,,,,,,,,,,,,,,,,,,,,,,,,,,,,,,,0.589194859272046
2012-05-31,0.45878244370304966,0.32432653257872357,0.23975789393215688,0.22484868094222818,0.25634606385858005,0.3166140141621094,0.39506999644067614,0.4851325184850345,0.5824850786322479,0.6842354149757829,0.7883911862092052,0.8935205467644738,0.9985484704355135,1.1026368952645647,1.205105729916301,1.305401354479095,1.4030950823145594,1.4978796861181845,1.5895656921135914,1.6780669242892206,1.7633980189336877,1.8456227317171392,1.924828620458669,2.001121853453838,2.074623487379384,2.145466538509682,2.2137874667077773,2.2797051261776433,2.3433165673466325,2.404700553350312,2.463920509595654,2.521026488685754,2.5760518266431904,2.62901015189571,2.6799025376632315,2.728724686006693,2.7754682210370962,2.8201216116219414,2.862675649686516,2.9031289040055808,2.941487517594452,2.9777659276258754,3.0119877074623878,3.0441847191524327,3.0743961945436182,3.102668163673461,3.129053521769964,3.1536116051098126,3.176406955709353,3.19750680188218,,,,,,,,,,,,,,,,,,,,,,,,,,,,,,,0.22545297127273323
2012-06-30,0.42869222605113777,0.3184362158134996,0.26239956663653224,0.2703152940362268,0.32159702682576174,0.40014206481590103,0.49585643173122634,0.6021346499445791,0.7144481387362274,0.8296878657936718,0.945686473556875,1.0609012627217222,1.1741924302879467,1.2847046251370886,1.3917960174527904,1.4950048391014155,1.5940290639599641,1.6887144880589642,1.7790314067379125,1.8650592516204818,1.9469714464966015,2.0249729731102555,2.0992821051508073,2.17012757918013,2.237746502058103,2.3023824516188136,2.36427290962367,2.4236253655927658,2.480616554388295,2.535397549266584,2.5880979007141955,2.6388279589769548,2.6876738223179246,2.7346955236851445,2.7799350226198563,2.823422244364566,2.865176928395208,2.9052105461474746,2.9435320063086174,2.9801516058434117,3.015081399483847,3.048337365830241,3.079940777891298,3.1099177180014306,3.1382985536022248,3.1651179127091527,3.1904152581664307,3.214234624507894,3.2366233485903644,3.257629874898924,,,,,,,,,,,,,,,,,,,,,,,,,,,,,,,0.40099563974253405
2012-07-31,0.33200137731776663,0.17712316311925208,0.08463049684130221,0.06610254784634643,0.09933190016334162,0.1655644838329245,0.25270429713854275,0.3527675579255888,0.46041989861988764,0.5721024752247568,0.6854385944342761,0.7987949916195854,0.9110005839885656,1.0211702157942548,1.1286115718708172,1.232788210037539,1.333310941868293,1.4299300225737843,1.5225253661601734,1.6110983923304794,1.6957503841042354,1.7766293858861806,1.853914665565746,1.9278102052562398,1.9985397584500708,2.0663422981246766,2.131453727800844,2.1940837875685113,2.2544168532559365,2.3126161604866655,2.3688272072099554,2.4231775953541512,2.4757651973064623,2.5266559029622653,2.575892936054641,2.623502664453983,2.669496974863718,2.7138760375687916,2.7566342784972093,2.7977635376533283,2.8372543546660554,2.8751006103093144,2.9113015459911424,2.945861241932447,2.978788155469849,3.0100963490896553,3.039807650292461,3.067951265927903,3.0945621819830453,3.11967922070532,,,,,,,,,,,,,,,,,,,,,,,,,,,,,,,0.24010109790699014
2012-08-31,0.3546430814054084,0.2133055482664714,0.10214557833339956,0.07002170488712696,0.09688612356478363,0.1615038971820079,0.24981203016122147,0.3525058438263445,0.4634431195595636,0.5785385113979014,0.6950727822671207,0.8111707602490181,0.9255193367001743,1.0371586692442183,1.1453818334203332,1.2496857584529606,1.3497473182451465,1.445409206135873,1.536652012701304,1.6235841909911113,1.706402762368342,1.785340022749962,1.8606525430086298,1.932616111689183,2.0015218914742077,2.067671457199145,2.131351659628244,2.192813354664945,2.252275321038879,2.309929606499879,2.3659457805257564,2.420469058659845,2.4736067719951276,2.525429249671064,2.5759793277103116,2.625277696686461,2.6733259283344166,2.7201099466012773,2.7656052256422945,2.809779275136512,2.8525942365117265,2.8940127913645384,2.93399998564205,2.9725229919478804,3.0095511131671677,3.0450585376808474,3.079027074890224,3.111445719460019,3.142310218389129,3.171622721502353,,,,,,,,,,,,,,,,,,,,,,,,,,,,,,,0.22389542999249296
2012-09-30,0.3827397056133027,0.28252471616209185,0.20392453626892637,0.19164323099212258,0.22841474147576113,0.296411055051563,0.38390464694253096,0.483173050883829,0.5891588711946387,0.698520999009731,0.8090431994893066,0.919237936472386,1.0280722838690375,1.1348057704464347,1.2388955217554596,1.3399550850934332,1.437734243707711,1.5321004178278228,1.623019071967402,1.7105471366171199,1.7947984288377041,1.875911286946988,1.9540420434633807,2.0293612763140816,2.102050959374789,2.172299764577522,2.240283059725179,2.3061514586163834,2.370034254529517,2.4320429736427576,2.492274115658538,2.550806380329952,2.607691879991615,2.6629591045636705,2.716620532192697,2.768675904319044,2.819113988208609,2.867915567692818,2.915058097058443,2.960517084493015,3.004268186532221,3.0462914630165066,3.086571933178983,3.1250990188714636,3.161866386593681,3.196874140858839,3.2301302096911346,3.2616495723585377,3.291452807227072,3.3195649631440727,,,,,,,,,,,,,,,,,,,,,,,,,,,,,,,0.31578129339642824
2012-10-31,0.3736603789585971,0.3057074826306014,0.25383663280979823,0.2593906386453719,0.3090101017824343,0.3876862360240158,0.48485054205009265,0.5931905429005976,0.7077471258755964,0.8251478119482911,0.9431011442405826,1.0600184943436448,1.1747905781954064,1.2866187616966103,1.3949340274331947,1.4993450260268115,1.5996085411692291,1.695611448730641,1.7873458574710792,1.8749019328808778,1.9584259111071058,2.0380905576944306,2.114088839022521,2.186629713798758,2.255934923679915,2.3222326143300154,2.3857373447778873,2.4466429625246096,2.5051258565011154,2.561347866829886,2.615458359053354,2.6675904648901088,2.717854708915961,2.766340766243749,2.8131201825558096,2.858248850546812,2.9017691403335553,2.943712017772424,2.9840990525303464,3.0229437899800238,3.0602550412757115,3.0960411097071536,3.1303104483602233,3.1630716449111222,3.1943339387783123,3.2241098717140977,3.252416399705841,3.2792743440345578,3.304707273062313,3.3287408401177316,,,,,,,,,,,,,,,,,,,,,,,,,,,,,,,0.451487432989694
2012-11-30,0.3964145806774512,0.33828435261239254,0.3014529004906737,0.3138390139291832,0.36345425618784233,0.43750180881138495,0.5268911265857222,0.6254013351789321,0.7288860443991916,0.8345902878656857,0.9406939701531118,1.0459830702329438,1.1496196989192196,1.2510144523357034,1.3497458115902699,1.445527772799901,1.5381858111562368,1.6276356499542561,1.7138668503497774,1.7969333806375354,1.876922718661103,1.9539412790289516,2.0281101941340993,2.0995622479489904,2.1684394917277015,2.234886710765724,2.2990360186720475,2.3610040152146268,2.42089438402795,2.478800045301947,2.534804306686741,2.5889753844781334,2.6413614746113834,2.6919947272124274,2.740895415434807,2.7880737731641876,2.833531507363277,2.877264881194185,2.9192675654504527,2.9595314319174015,2.9980498017370865,3.0348205459606055,3.069845888712207,3.1031319215993736,3.134689090329404,3.164534775225429,3.1926936597912574,3.2191966607574645,3.244079204568714,3.267380383231283,,,,,,,,,,,,,,,,,,,,,,,,,,,,,,,0.43817570718823445
2012-12-31,0.4252492193697367,0.3366696885848456,0.2975794233094157,0.31522000128752353,0.37375770659326724,0.45834676944497005,0.5585303505681718,0.6673408038187927,0.7802523555648632,0.8943466421498242,1.0077353201295711,1.1191955949029317,1.2279224621675395,1.3333831329872434,1.43524007566963,1.5333056301775772,1.6275153111184355,1.717897102167902,1.804547607711872,1.8876216632922582,1.9672902276338184,2.043728660229546,2.1171157251154855,2.1876328815909316,2.2554635473414053,2.3207852437586576,2.38375457512246,2.4445072177400493,2.503161508906779,2.5598213366197524,2.6145777202793505,2.6675052167730673,2.718660512220684,2.7680865192420407,2.8158156272601396,2.861871242711427,2.906269194187303,2.9490202322381798,2.9901318333092815,3.0296089943131745,3.0674569363427073,3.10368289091681,3.1382959788499085,3.1713070212380656,3.202729425282535,3.2325813589715864,3.2608858451862597,3.287669990284753,3.312963954801188,3.3368004973887766,,,,,,,,,,,,,,,,,,,,,,,,,,,,,,,0.4690974227800875
2013-01-31,,0.3146262399641776,0.3250098209275371,0.37724824149580055,0.46183763192788607,0.5685338508178488,0.6889132982198612,0.8168521447955001,0.9481199409940777,1.0798427023916954,1.210048766714453,1.3373795362169156,1.4608994173173682,1.5799645234855302,1.69415542775533,1.8032323350633725,1.9071031116611805,2.0057972474288595,2.09945378492083,2.188291804472378,2.2725527375320738,2.352488909273801,2.4283611658814483,2.5004370993384906,2.568989011613778,2.6342792591825974,2.6965414853723253,2.755982585071976,2.8127873140565707,2.867121975051043,2.919135983205897,2.968957651047627,3.016694163703429,3.062436047797574,3.1062603229287866,3.1482324049433164,3.188407940028494,3.226835444370161,3.2635579441203006,3.2986140414779372,3.3320402205487727,3.3638720299482068,3.3941442242710895,3.422890895719095,3.450146449192352,3.4759469998826096,3.5003304033600164,3.5233355906342942,3.545001693534958,3.5653679000992495,,,,,,,,,,,,,,,,,,,,,,,,,,,,,,,
2013-02-28,,0.21424375374309557,0.18795646314026837,0.2185939089119203,0.29142610509335876,0.39307837266310347,0.5131242548491627,0.6441786403497864,0.7810974332108581,0.9202807424976234,1.0591488347703621,1.1958401688998195,1.3289961563285966,1.4576282153554643,1.5810504193969404,1.6988254638163176,1.8107364996325115,1.9167518644644548,2.017004185292013,2.1117333256696424,2.2012105914233833,2.2857262710272312,2.365585508924741,2.4411052105353606,2.5126100431330958,2.5804107910672776,2.6447853166931963,2.7059822569581358,2.764226062254534,2.8197210101777497,2.8726526643746144,2.923184797077594,2.971460378815868,3.0176041764607127,3.0617251972249844,3.1039188749914697,3.1442689353750315,3.1828490439855366,3.219724139669336,3.254951806720129,3.288584135033039,3.3206687343501318,3.3512492617191363,3.380365938742716,3.4080568310054704,3.4343591021468285,3.4593092220052357,3.4829430633371,3.5052959903844267,3.526402912697741,,,,,,,,,,,,,,,,,,,,,,,,,,,,,,,
2013-03-31,0.1951463157318347,0.1725410796209439,0.15241400097446947,0.17075526290071671,0.22511191462991542,0.3060334554351479,0.40499313600558645,0.5157428426127079,0.6338407780536905,0.7561359269792373,0.8803340896888987,1.004742179357525,1.1280746693281865,1.249326266957295,1.367705306480487,1.4826012428409863,1.5935689538538902,1.7003112266051785,1.8026640532645097,1.9005627197929829,1.9940121831386197,2.0830708755071794,2.1678390793061304,2.248450208134831,2.3250628491445835,2.39784604438897,2.466970129222144,2.5326060696072656,2.594925353390817,2.654099800604382,2.710297358321773,2.7636734280143527,2.8143705851986347,2.862520592309316,2.9082459776955285,2.9516613086193093,2.9928738415160527,3.031983491951589,3.0690835218701276,3.1042612333971835,3.1375983832467433,3.1691717653514284,3.1990537874517115,3.227312997003834,3.25401472857331,3.2792216223451383,3.3029938557869913,3.3253888795249815,3.346461294006489,3.3662631088243113,,,,,,,,,,,,,,,,,,,,,,,,,,,,,,,0.5609896112474025
2013-04-30,0.24621971912513302,0.2110568296975819,0.1880368485802666,0.20302117862907335,0.25161222633142516,0.32464535748888473,0.41427876439040706,0.5148907236460338,0.6225103199365702,0.7342853265043215,0.8481113168138282,0.9624029381886237,1.0759420658960415,1.1877737794808936,1.29714664984624,1.4034849956873552,1.5063749473448258,1.6055451671686196,1.700849447162508,1.7922296734489584,1.879689505339118,1.963280155436712,2.0430900519657467,2.1192370804836558,2.1918607184390178,2.261108231226743,2.327128244940244,2.3900703322789814,2.4500848493405254,2.5073225911603556,2.5619301108943513,2.614043095513482,2.6637860102145665,2.7112724307410954,2.7566063819334166,2.7998836246689467,2.841191868897319,2.8806103521494597,2.918210679331981,2.9540578998090448,2.98821150574978,3.0207261268864887,3.0516520961600566,3.0810360404965054,3.108921827653059,3.1353511590370666,3.1603638327399954,3.1839980539176076,3.2062906584154867,3.2272772519681263,,,,,,,,,,,,,,,,,,,,,,,,,,,,,,,0.4880656073791885
2013-05-31,0.3242419812697702,0.30776130021619136,0.3123281169913705,0.35747813691595204,0.43516487391610986,0.5347850354218303,0.6481228725879037,0.7696511491721758,0.8956839173596018,1.0237062305501325,1.1519270634732182,1.2790016430835336,1.4038690839844774,1.5256630684710857,1.6436808764479107,1.7573746929845777,1.8663585573925612,1.9704017241072553,2.0694127629479753,2.16339710303921,2.252429919425992,2.336640221545484,2.416199150098251,2.4913111498290124,2.5622028518307456,2.6291047609320257,2.6922457021103043,2.751853046460691,2.808152961865328,2.8613699052432344,2.91171838801916,2.959395383311776,3.004580510700746,3.0474368929696536,3.088113341657954,3.1267461895021484,3.163459006537758,3.19836210448013,3.2315540323153,3.2631233314683974,3.2931500656838506,3.3217068619091092,3.3488597761828984,3.3746691578578467,3.3991906776961254,3.42247597950955,3.444573020285854,3.4655261515461326,3.485376377171023,3.504161686300793,,,,,,,,,,,,,,,,,,,,,,,,,,,,,,,0.6994642492803623
2013-06-30,0.32144078776159696,0.2790796133968786,0.3196980069373205,0.42384305201956907,0.5664226632454705,0.7285581921041016,0.8982772225124502,1.0687020901261963,1.23599140452678,1.3980426464641893,1.5536931338825128,1.7022796036613503,1.843406909194338,1.9768323793773666,2.1024302827537458,2.220196104640215,2.3302509257011343,2.4328406492451284,2.5283170394836403,2.617065189837736,2.6994831239891655,2.7759787890979095,2.8469678985243037,2.912872024148989,2.974105808595942,3.031052527647378,3.0840637135067683,3.133464787759768,3.17955956310294,3.222632897805477,3.2629464116500504,3.3007362953018773,3.3362148002190706,3.369572211049697,3.4009798847014703,3.4305926278414347,3.4585488836388594,3.484971265722904,3.50996846427964,3.5336368601261077,3.5560619276225633,3.577319526690992,3.5974770168998482,3.6165940509314614,3.634723024655692,3.651909759540337,3.6681940856210895,3.683610194310486,3.6981871448456123,3.711949377049395,,,,,,,,,,,,,,,,,,,,,,,,,,,,,,,1.0766018587025923
2013-07-31,,0.2588657994439363,0.25979115059913876,0.3341005232199594,0.45439191294729914,0.6002328541685363,0.7590285129913126,0.923299695361973,1.088587899359995,1.2520878128195057,1.41196151181402,1.5669118335905745,1.7159846936780228,1.8584628033071424,1.9938242781883526,2.1217364651922415,2.2420484751157073,2.3547728439749616,2.460053215221764,2.5581274578303304,2.6493042135344624,2.733940520141428,2.812421696152939,2.8851532354584246,2.952542213377456,3.014974799130328,3.0728166537951247,3.126416589376721,3.1761094665680014,3.222215567345251,3.2650283155244337,3.3048108034219514,3.3418000114569946,3.3762105901992983,3.4082380472798013,3.4380609104145807,3.4658404470988766,3.491721532981881,3.51583472137546,3.538298137084433,3.55921904758194,3.578695157559913,3.5968157136699634,3.613662304071799,3.6293094482298334,3.643825303102024,3.657271929223811,3.6697052650229485,3.6811756416729513,3.6917283436909387,,,,,,,,,,,,,,,,,,,,,,,,,,,,,,,
2013-08-31,,0.30240228394494495,0.35012736702379527,0.474645188048296,0.6425138122704068,0.8293831029860049,1.021347554104906,1.2109615763215236,1.3943203223959182,1.569524217588098,1.7356914873565146,1.8924995779051612,2.039921980097941,2.1780976643228827,2.307259121699452,2.427697117998429,2.539746525039719,2.6437780442653196,2.7401746483317613,2.829326622642405,2.9116296424017865,2.987481137863279,3.0572774065861408,3.121412709138447,3.180269164413416,3.2342081600580768,3.2835731319330472,3.3286927697872577,3.3698835281223243,3.4074486752044537,3.4416707485607474,3.4728111691669907,3.501112689746909,3.5268018907486196,3.5500914772825176,3.5711812255812863,3.5902564159541526,3.607488513692716,3.623036335185932,3.637045690539998,3.64965026760123,3.660973063239709,3.6711275312909954,3.680217463415204,3.6883367364115367,3.695570190820597,3.701993824924967,3.707674874145859,3.7126726181929244,3.7170391766348767,,,,,,,,,,,,,,,,,,,,,,,,,,,,,,,
2013-09-30,0.3403694107944053,0.3173767529376865,0.3799001189213136,0.5095807521890505,0.6753250347154426,0.8553658941425818,1.0379937430319797,1.2172071489785936,1.3900779462411237,1.5552415356020266,1.712133742952747,1.8605879176808988,2.0006275738302293,2.132360245734309,2.2559365804706064,2.3715423740748975,2.4793991239927875,2.579758443873431,2.6728988655991714,2.759122689963556,2.8387511362781415,2.9121244843026584,2.9796011965305635,3.0415525568468893,3.098346892537853,3.1503404333972496,3.1978789675360297,3.241299705968514,3.280932633869415,3.3170965017078795,3.350088898740245,3.380185586506975,3.407641222771656,3.4326918316691706,3.455557414026286,3.476442058713293,3.495531138013159,3.5129924928250533,3.5289778993750804,3.5436232963710124,3.557050271714283,3.569367768103745,3.580673411508239,3.591053660937723,3.6005841639435934,3.6093308321866338,3.6173505423548487,3.6246918176262235,3.631395663316271,3.6374963186642777,,,,,,,,,,,,,,,,,,,,,,,,,,,,,,,1.2148721248076213
2013-10-31,0.3145694783435025,0.3128590864743732,0.3709460212009342,0.49352999731932107,0.6527085346713823,0.827358591084451,1.0058376910044216,1.181986945338294,1.3526177022057906,1.5161060995222309,1.671652379330614,1.8188906891072623,1.957696387384818,2.088080968331842,2.2101478819918703,2.3240866168698924,2.430160503957346,2.5286885629158387,2.620019900493947,2.704520217689466,2.782567012026896,2.854543765252646,2.920837047743016,2.9818331339110613,3.0379052080880444,3.0894093721381397,3.1366875927161137,3.180070225411864,3.219877708747463,3.2564157772447015,3.2899678031753,3.3207947083506584,3.3491352256069717,3.375208655798857,3.399217507119066,3.4213467916698996,3.441761507895705,3.4606084392752194,3.478018007494301,3.4941055562178427,3.508973065572732,3.522710742743345,3.5353983144995484,3.547105827707321,3.557894515121093,3.567817754232975,3.5769219456740884,3.5852472628251646,3.5928282880725964,3.599694571907874,,,,,,,,,,,,,,,,,,,,,,,,,,,,,,,1.2015366211787284
2013-11-30,0.36312402578168007,0.34774332479841646,0.4072916872611951,0.5399451790661705,0.7118833807081979,0.8999412155219172,1.0916206433909945,1.2802845878112459,1.4624645181374452,1.6363902771470016,1.8012034346361043,1.9565639499241219,2.1024236964446765,2.2389022342010385,2.3662234696532893,2.484685294021711,2.5946492330742683,2.696512840326381,2.790683756312122,2.877573930581127,2.957597632090714,3.031168014737888,3.0986963090076753,3.1605882266382195,3.217232459767441,3.2689995931397644,3.3162453897234436,3.359313437456309,3.398536585328679,3.434230709521413,3.4666887202717636,3.4961809967309403,3.522956317025589,3.547244782412878,3.569260188197707,3.5891984877893726,3.6072359861707577,3.6235314299534136,3.6382276124792123,3.651452662418045,3.6633217594916405,3.6739386748023373,3.6833969707328738,3.6917807337804507,3.6991654703290453,3.705619029867767,3.7112023971589125,3.715970399121698,3.7199723330429944,3.723252519540562,,,,,,,,,,,,,,,,,,,,,,,,,,,,,,,1.2732662513653215
2013-12-31,0.3686707749235487,0.37374807454193987,0.510833947031348,0.7164317503874388,0.9478167281496999,1.181448189910967,1.406420735572615,1.6180857786490441,1.8147899471618567,1.9963396018512836,2.1632396363113067,2.3163454174950835,2.456665644352427,2.5852246641056915,2.7029846900461294,2.8108193335911027,2.9095047403080048,2.9997229687370233,3.0820729176275767,3.1570881993940176,3.2252560389152127,3.2870350561119817,3.34286312726518,3.393160284150279,3.4383292085613446,3.4787578561181127,3.514822179670995,3.5468882725284927,3.5753133044031915,3.600441310429338,3.6226001206891887,3.642096053056147,3.659211516114863,3.6742081789265595,3.6873288704093414,3.6987918518739735,3.7087877445454867,3.717482649774392,3.725020444654253,3.7315249206527086,3.7371021933973845,3.741842807963969,3.7458235921095806,3.7491093125388457,3.751754052495009,3.7538029273882474,3.755294298077192,3.7562607838477344,3.7567298501324022,3.756724323909339,,,,,,,,,,,,,,,,,,,,,,,,,,,,,,,1.6276688269277348
2014-01-31,,0.34896468063659786,0.46008315500466296,0.6400128617436222,0.8454105114287559,1.0539066358469438,1.255197207919571,1.4447866482195881,1.621086906960726,1.783848788355996,1.933490242365282,2.0707651416385033,2.196597080896145,2.3119652158370805,2.4178382519381545,2.5151443210536093,2.604747217101421,2.6874250665001447,2.763863790854409,2.8346645496760607,2.90035352170108,2.961386500112171,3.0181620987072164,3.071029026423549,3.1202893040261324,3.1662062369840815,3.2090115843183535,3.248911190668586,3.2860890481382636,3.320709023512649,3.3529173884019894,3.3828467017929285,3.4106184788200364,3.43634483421827,3.4601297390835293,3.4820697260089264,3.5022546717324126,3.5207685631212144,3.537689756874433,3.5530914288757245,3.567042197440864,3.579606671640629,3.590846037954557,3.600818635772208,3.609580310991264,3.617184844706178,3.623684415903538,3.6291298067673217,3.6335705452431153,3.637055030543925,,,,,,,,,,,,,,,,,,,,,,,,,,,,,,,
2014-02-28,,0.34133716624971555,0.46761072703687506,0.6561903488451267,0.8650211172945852,1.0740257947523004,1.2744473650851442,1.462857867345284,1.6381159559331355,1.8002204098457544,1.9496539897318657,2.0871579889684653,2.213563525296968,2.3297344788258725,2.4365146979283563,2.5347168189252143,2.6251073208276665,2.7083885469545264,2.78519452525867,2.8560954938506318,2.9216038936944715,2.9821790302333224,3.0382370759529924,3.0901515670547695,3.138253069599928,3.1828365780281325,3.224168102493227,3.2624898235812054,3.298022174799394,3.3309608851872836,3.3614790866813964,3.389732324019111,3.415861765634072,3.439996325052881,3.4622542041749544,3.482743676002985,3.5015641654861116,3.5188074285430972,3.534558600240874,3.5488970460651856,3.561897065932541,3.573628506010363,3.5841573884157403,3.5935464696602795,3.601855581156832,3.609141500112176,3.6154577813438626,3.6208550415907705,3.6253812593166765,3.6290820374866337,,,,,,,,,,,,,,,,,,,,,,,,,,,,,,,
2014-03-31,0.3521406733814146,0.39125948418371287,0.5504600634078792,0.7601412021471462,0.9774255962181003,1.185766904336713,1.3799673569681423,1.5590670780456983,1.7236661099341652,1.8748363452611874,2.013750855094388,2.1415452960862384,2.2592687000721674,2.3678624853611128,2.468165166309553,2.5609261358458912,2.6468103242171903,2.7264013085691774,2.8002120809833975,2.8686988186393085,2.932270936863701,2.9912992904250326,3.0461234891811655,3.097051506326215,3.1443609125327727,3.188304413772141,3.229114455888648,3.267006786470405,3.302181019087816,3.334818095321729,3.3650820005998567,3.3931223641022674,3.4190766235764873,3.443071801589806,3.4652252518888647,3.4856442549518096,3.5044269332748326,3.521663486972816,3.537437287509593,3.551825750882501,3.5649010640273118,3.5767308339815096,3.587378835372482,3.5969056143002875,3.605368811350204,3.612823102752114,3.6193202235465574,3.624909254955339,3.6296368951793725,3.633547695329253,,,,,,,,,,,,,,,,,,,,,,,,,,,,,,,1.5226956718797728
2014-04-30,0.31262778689212395,0.3644859262480257,0.5454085285423534,0.7691452423773008,0.9919682007426918,1.199898676549288,1.38982018455767,1.5622966939610259,1.719007608397886,1.8618049601039757,1.9924155112258288,2.112370064742727,2.2229841142035927,2.3253595819088093,2.4204096313738033,2.5088864861992333,2.5914014076212446,2.6684529510636636,2.7404533998066825,2.80775166637114,2.870652712493985,2.929430869346362,2.9843407468974688,3.035616971851342,3.0834744729490726,3.128112138167017,3.1697157852287776,3.208460392690836,3.244509756331384,3.278014874545842,3.309115303762444,3.337940712456337,3.364612340944997,3.3892442010458654,3.4119431970485232,3.432808621257334,3.451932930981437,3.469402686561407,3.4852993702398702,3.4997000313980715,3.512677827268224,3.5243025394649874,3.534641243803,3.5437587692104504,3.551717861194192,3.5585789318729852,3.5644000488874195,3.5692371699953918,3.5731443583662617,3.5761739628704943,,,,,,,,,,,,,,,,,,,,,,,,,,,,,,,1.5491771732118518
2014-05-31,0.30570435669709584,0.38333534886587756,0.5654911109991686,0.7789888910764655,0.9884520134007474,1.1831285816151167,1.3608943450851052,1.5225054954757191,1.6695557756435322,1.8037564469137144,1.9267147424779594,2.0398585261584743,2.1444163481864704,2.2414197419870043,2.331717337441702,2.4160036444308925,2.4948395805940677,2.5686825320203344,2.637915420684279,2.702867136747965,2.763828024358889,2.8210618454948286,2.8748155581102033,2.9253135172518614,2.9727578296777653,3.0173325661898573,3.059207101625913,3.0985383824274955,3.1354687225080213,3.1701236762066167,3.202615337527663,3.233045597876462,3.261507810070817,3.2880880192111395,3.3128656870471973,3.3359142498292327,3.357301925724194,3.3770927908760617,3.39534773810452,3.412124919171736,3.427480080623048,3.441467016546182,3.4541383602134976,3.4655459238110535,3.4757406991079893,3.4847726284886638,3.492690599539526,3.49954255288791,3.5053755788305243,3.5102359906611134,,,,,,,,,,,,,,,,,,,,,,,,,,,,,,,1.4980520902166186
2014-06-30,0.31259872405936157,0.5676551019459516,0.7864461497789442,1.0163488598918025,1.2292446575227822,1.4199120586318303,1.5895069921417744,1.7407823680127357,1.8765441162112877,1.9992386831492435,2.1109033034936946,2.213214051884991,2.3075276078825744,2.3949325524211926,2.4762964145059807,2.552307068287716,2.623502011495568,2.6903032467893495,2.7530501628723725,2.812023006995248,2.867461322587573,2.919577198032326,2.9685656053071465,3.0146038870651797,3.0578538989920196,3.098464980076672,3.1365762704854454,3.172318228000743,3.205811767793009,3.2371680489492194,3.2664897752317787,3.2938723926080464,3.3194051810153886,3.3431720408258494,3.365251281834263,3.385715627160339,3.404632943197966,3.422067087840489,3.4380785868024497,3.452725060659769,3.4660615853639483,3.4781412722581613,3.489016148448321,3.498737440961902,3.507355430584332,3.5149190015780487,3.521475649852675,3.527071626656502,3.5317520655791124,3.535561033505735,,,,,,,,,,,,,,,,,,,,,,,,,,,,,,,1.686639959089882
2014-07-31,0.4056540278074328,0.5924855823291559,0.8197885851231188,1.0433395512746215,1.2478074192870912,1.4307558971249472,1.593769155718493,1.7394251174875548,1.8702889393385496,1.9885771016949356,2.0961465878624685,2.1945221708753255,2.2849544367278765,2.368456598447662,2.4458449060567915,2.5177693215873105,2.5847465818048114,2.6471928473378012,2.705452417388047,2.7598195713532556,2.810555913337139,2.8579040482215645,2.9020938355836527,2.943335878811434,2.981823713435208,3.017737087926806,3.0512445140515383,3.082504133272362,3.1116598682414085,3.138840930173871,3.164164480169554,3.1877377188487217,3.2096594023120555,3.2300208021933194,3.24890531350793,3.2663887538528753,3.2825404262784956,3.2974243251896156,3.3111000036422777,3.3236231352685444,3.335046005510341,3.3454183209121773,3.3547881643269433,3.363202266645592,3.3707056630482266,3.3773410832054287,3.3831490646344045,3.388168180895228,3.3924352417024526,3.395985323393891,,,,,,,,,,,,,,,,,,,,,,,,,,,,,,,1.5829230738875029
2014-08-31,0.31276843029688695,0.4796372696035654,0.6828793193724372,0.8800704550822491,1.0588559633466346,1.2181324813555638,1.3597225063901983,1.4861311824300492,1.5996863783817858,1.7024068649323774,1.7959933481412982,1.8818679523825663,1.9612034665411358,2.0349474114724733,2.1038495389156067,2.168485135844519,2.2292855845320925,2.286577108627499,2.3406134163116605,2.391601435211399,2.439720495138614,2.4851359369799257,2.5280030455247156,2.568462672999563,2.606643410241813,2.6426639446573694,2.6766348790760834,2.7086586968514723,2.7388263340393517,2.767217817393368,2.793905444631176,2.818955516531557,2.842429253897426,2.8643834816825064,2.884871041868218,2.903941269122216,2.921640730324664,2.9380144859399198,2.953106611764094,2.966960327700288,2.9796181642063755,2.991122841368504,3.001518134707898,3.010848799263958,3.0191598267471296,3.02649571663966,3.0329004547914784,3.0384175669229236,3.043090163128795,3.0469607084495633,,,,,,,,,,,,,,,,,,,,,,,,,,,,,,,1.3896384346354904
2014-09-30,0.3888083813370676,0.5139816879789073,0.7125595411171223,0.9157938568402021,1.103678536823556,1.2721634927911596,1.422034044194539,1.5553176275404093,1.674274997045363,1.780984737341658,1.8772796271302603,1.9647424198053802,2.0447255127445847,2.1183631519695942,2.186595233249933,2.250177678091656,2.3097074124025267,2.3656530913439,2.4183860679548674,2.468205085640821,2.5153545465456943,2.5600410582717967,2.602440749304044,2.6427025198077714,2.6809532873852118,2.717302214491477,2.7518439618916575,2.784659870331557,2.815817123526414,2.8453712697556344,2.873370203516763,2.8998558810122628,2.9248652363684635,2.9484315074524794,2.9705861381408205,2.9913593884918424,3.0107810191512736,3.028881559161887,3.045692507226342,3.0612462124061963,3.0755759159258726,3.088716808770937,3.100706710764467,3.111585695350158,3.1213947635425,3.1301749096111964,3.137967068079482,3.1448121199477126,3.1507508864822285,3.1558236139334004,,,,,,,,,,,,,,,,,,,,,,,,,,,,,,,1.3921763560045906
2014-10-31,0.3745507509080185,0.4161865257831783,0.575896550538701,0.7426267469775488,0.9057092583673357,1.0597939105816716,1.2027525626589992,1.3341855671423486,1.4545499766692214,1.5647118097213082,1.6656896810614235,1.758525598322171,1.844216597517248,1.9236669584448527,1.9976640837002706,2.066868036064472,2.1318246488318913,2.192984432389482,2.250723600805094,2.305359427571763,2.357163360507059,2.4063723377992887,2.453188205752765,2.4977803336697884,2.540291958649143,2.580845211009851,2.6195448315139718,2.6564774322540488,2.6917089490947377,2.7252893418206514,2.7572584371148077,2.787648022791276,2.816483147915413,2.84378486219919,2.869573527933535,2.893869410958917,2.9166937958819408,2.9380705521049975,2.9580260717956675,2.976588955515569,2.9937900344892485,3.0096635524657818,3.0242475265583697,3.0375830976592666,3.0497129628748136,3.0606805698447044,3.070530014954837,3.0793059757595818,3.0870536170401595,3.093817793662434,,,,,,,,,,,,,,,,,,,,,,,,,,,,,,,1.1901610588132896
2014-11-30,,0.39514199619259566,0.47862730619183164,0.5956525916166929,0.7244024466242858,0.8534155389642643,0.977171849524389,1.0932424093994482,1.200916374368447,1.3003311530518773,1.3920458176542128,1.4768029043587856,1.5553955555683707,1.6285784023513017,1.6970263668773033,1.7613108183747221,1.8219092656789702,1.8792221053568479,1.9335898153921118,1.9853039061572484,2.03461848999764,2.0817584376808074,2.126911819461843,2.170232163298072,2.2118452768397043,2.2518545782581283,2.2903446392174076,2.327377148011994,2.362987217330128,2.3971910250606614,2.429993249616045,2.4613893181754722,2.4913670794553506,2.5199114367648177,2.547008714020566,2.5726470720025834,2.5968187072177056,2.6195220222085567,2.640761112035791,2.6605450597122084,2.67888808503363,2.695811516898112,2.7113439242043706,2.725519982780609,2.738378684632999,2.749962457234107,2.7603167907931434,2.7694899192208955,2.7775324645083614,2.784496208016547,,,,,,,,,,,,,,,,,,,,,,,,,,,,,,,
2014-12-31,,0.3067555923165368,0.39796231413824573,0.5161129236893962,0.6438714221675029,0.7707204879575942,0.8912097973098781,1.0029538745948492,1.1053430485392346,1.198690115553239,1.2837478987870385,1.3614659105251647,1.4328387140192311,1.4988051344862792,1.56019694573814,1.6177238057946568,1.6719796787676708,1.7234569611779331,1.7725638976090412,1.8196322846327235,1.8649307842086968,1.9086715429882317,1.9510132341066901,1.992070269668161,2.031921643098995,2.0706177403199613,2.1081849504995493,2.1446248404350667,2.179915538996532,2.2140218789676847,2.246902347709722,2.2785103723105027,2.308795881805276,2.337712053180567,2.3652196138382826,2.391286488282022,2.415889841445035,2.439017133920925,2.4606649427674845,2.480837844957546,2.499548402642053,2.5168184034494225,2.5326783042753394,2.5471652582165487,2.5603201206464563,2.5721864945393444,2.582810434882634,2.592240193235812,2.600525756508101,2.6077168100416794,,,,,,,,,,,,,,,,,,,,,,,,,,,,,,,
2015-01-31,,0.2877593256432462,0.33962688947585534,0.41790972370756374,0.506833676255184,0.5971636220222223,0.6840098028841489,0.7651789932074667,0.8399975163006683,0.9085723179576238,0.9714252596337732,1.0292620200143476,1.0828384729369622,1.1328641737417757,1.1799543987134675,1.2246239639898377,1.2673011178194136,1.3083451820211078,1.3480582379469375,1.3866909714612488,1.424453853193712,1.4615153505563578,1.4979932749299016,1.5339626309328682,1.569464175853909,1.6045109982814245,1.6390910574422088,1.6731593484889227,1.7066394680112162,1.7394388885625138,1.7714568141650155,1.8025856542729362,1.8327139857343164,1.8617367871943282,1.8895596275743725,1.9160985142049423,1.9412840775488285,1.9650625516293865,1.9873938732560226,2.0082500631408324,2.027615754829897,2.045489828700976,2.061884198192909,2.0768210111892973,2.090329458085226,2.1024446770937986,2.1132071211883807,2.1226620035125134,2.130858399198214,2.1378468047659167,,,,,,,,,,,,,,,,,,,,,,,,,,,,,,,
2015-02-28,,0.35147814746135375,0.45461633048373223,0.5860701920593253,0.7234204409014336,0.8557694755091408,0.9784376769029485,1.0899847916549859,1.1905874330058357,1.281112642801245,1.3626878193819487,1.4365018107689824,1.503679703417175,1.5652340533871825,1.6220344890370908,1.6748127119251026,1.7241842760962256,1.7706724642775442,1.8147233878635989,1.8567165516704165,1.8969813654615506,1.9357934004559085,1.9733669604503323,2.0098659203961287,2.0454138121624283,2.0801015362451185,2.113988773525134,2.1470943716597874,2.1794004695721743,2.2108669890022887,2.2414382972009106,2.271045711768076,2.2996118718793577,2.32706024386105,2.3533181024629597,2.378318015514998,2.40200374374843,2.4243312044574887,2.4452669557207747,2.46478708025717,2.482878792354006,2.4995422134896144,2.5147891182882125,2.5286405446692757,2.541124576217484,2.5522754507721923,2.5621329057182005,2.5707416012698947,2.5781501846114296,2.5844094255884342,,,,,,,,,,,,,,,,,,,,,,,,,,,,,,,
2015-03-31,0.3344013737553421,0.29615038072901173,0.34004949124314043,0.43384068603549847,0.5491621768127657,0.669579432982912,0.7861767176038731,0.8949768005848535,0.994629101773605,1.08510431732601,1.1670121275647536,1.2412410067977269,1.3087611428855794,1.3705058322848045,1.427318978382952,1.4799452843603045,1.5290375217133292,1.5751735465672492,1.618859705098879,1.6605374730267954,1.700597856390488,1.7393640682815545,1.777083080029085,1.8139400920978994,1.850070888261406,1.8855711005248306,1.9204938226565507,1.9548352254349222,1.9885449777894535,2.021547684107403,2.0537503249729734,2.085045152149329,2.115317286997688,2.144458394192691,2.1723690422843145,2.1989606238822486,2.224161150005766,2.2479148839130803,2.270180269248637,2.2909285519766054,2.310145396356358,2.3278316547476954,2.344001532951016,2.3586792207575873,2.3718963396493713,2.3836910412468337,2.394107312613358,2.4031943502565554,2.4110052084737075,2.417594556250971,,,,,,,,,,,,,,,,,,,,,,,,,,,,,,,0.7507029435706678
2015-04-30,0.3679289513984285,0.3752361644281111,0.45252965772426873,0.5721048492095541,0.707247290001195,0.8431133247593712,0.9723724241491166,1.0921584098599935,1.2018277852286017,1.3017437930501923,1.392699170111611,1.4756305513492896,1.5514710916432954,1.6210877387155371,1.6852437844660675,1.7446025928852873,1.7997431352237028,1.8511781980266662,1.8993620515338012,1.9447015963714098,1.9875690164711977,2.028284661805749,2.0671135724293617,2.1042764933897247,2.139958733729244,2.1743164864779554,2.207471612608627,2.239501311503411,2.2704463087222138,2.3003219666386143,2.329123202176564,2.3568278226862063,2.3834023322961424,2.4088088438317046,2.4330067556527397,2.4559566765053535,2.477625965465417,2.497988792993306,2.5170252700654077,2.534721324684608,2.5510712168416947,2.566078307394395,2.5797539173033104,2.5921156543660198,2.603186296668624,2.6129932151038084,2.6215678847744,2.6289454406606443,2.635163915416435,2.640263423433636,,,,,,,,,,,,,,,,,,,,,,,,,,,,,,,0.9338148416517638
2015-05-31,0.4301679325259051,0.39880551350034743,0.4493224026324248,0.5526032382326721,0.6786416697932252,0.8094798871139076,0.9359733999502531,1.0543064415055634,1.1633016018868332,1.2630251673284172,1.3541097848755095,1.4374196446524812,1.5138630802672708,1.5843048172030412,1.6495150520912032,1.7101661901399545,1.7668416921479528,1.8200507092778926,1.8702318163737488,1.9177655800084037,1.9629828012270836,2.0061532965310125,2.0474910430480815,2.087165680940799,2.125311380799368,2.1620327620809197,2.197399212877074,2.231439685966524,2.2641554005608953,2.2955320899420117,2.3255432901830044,2.354152738037394,2.3813222905848237,2.4070194538229437,2.431217576564547,2.4538978792528265,2.4750515421184605,2.494678726188069,2.5127874267233032,2.5293930247782628,2.54451920880134,2.5581976618226725,2.570466583363002,2.5813680329213313,2.5909467880078165,2.59925003597128,2.6063271176333944,2.6122292152496676,2.6170080077197,2.6207145249458774,,,,,,,,,,,,,,,,,,,,,,,,,,,,,,,0.8328572348025121
2015-06-30,0.44594680481030463,0.43956190568025,0.5261232230390794,0.6592670188184796,0.8082205988742217,0.9568983263461209,1.0978751631068475,1.2283868266326607,1.347862566789683,1.456744687319634,1.5558874063909434,1.646288135304425,1.72894008397513,1.8047593543063754,1.8745566198040031,1.9390379136094784,1.9988230226676824,2.054461974748079,2.10644035756606,2.155196079305349,2.201125299404094,2.2445613999273863,2.285780806445593,2.3250148091962513,2.3624585898910317,2.3982757667210497,2.432585735022897,2.465458619670503,2.496930916576409,2.5270172378735074,2.5557142329180595,2.583004240509966,2.6088643292623814,2.633272483728398,2.6562082674393297,2.6776560739979822,2.6976071649851163,2.71605894028857,2.7330141727107358,2.748481294677949,2.762475960180093,2.7750207504285123,2.7861439962137067,2.795878244813361,2.8042595684165685,2.811327179507191,2.817123096785022,2.8216917705881386,2.8250791636975348,2.8273322624026154,,,,,,,,,,,,,,,,,,,,,,,,,,,,,,,1.0107978825093293
2015-07-31,0.4501083817167132,0.47332613476321295,0.5563780889659719,0.6782395563053801,0.8131653058485112,0.9466469205066823,1.0723155137596148,1.1880039290678035,1.293452468374735,1.3892276726865962,1.4762397090146493,1.5554913672161221,1.6279581932044798,1.6945290809624765,1.7559821226162953,1.8129949485010288,1.8661602123694645,1.915997774692499,1.9629597619711614,2.007446955078051,2.0498057369014604,2.0903126590405194,2.1291853271430528,2.166594678123099,2.202674302324289,2.2375234639416535,2.2711935037603133,2.303688675308964,2.334985707814116,2.365044465528065,2.3938108798175057,2.4212212797502017,2.4472146892944577,2.4717381807865406,2.4947468184584918,2.516206939569079,2.5360969225883863,2.5544056822522294,2.571131390744749,2.5862818685908255,2.59987584505628,2.6119420065123116,2.622516810492492,2.631641990381321,2.6393637091820294,2.645732077780052,2.6508007341907365,2.6546261405247327,2.6572656023349963,2.6587765899588733,,,,,,,,,,,,,,,,,,,,,,,,,,,,,,,0.939119290969883
2015-08-31,0.44035228700881335,0.4481482932614246,0.5245220413841178,0.6412175829502853,0.772463367493551,0.9036904526800185,1.0282588120791145,1.1436658837784954,1.2492951659992488,1.3454390615620988,1.4327968707606882,1.5122661642537503,1.584801187038831,1.6513335888869476,1.7127305761727352,1.7697713427436423,1.8231470755716277,1.873459035907029,1.9212166530982044,1.966852493993218,2.0107161088970824,2.053071244082066,2.094112417163261,2.1339793397306583,2.1727678202532346,2.2105325195399907,2.2472760745511415,2.2829559956684906,2.3175062500676806,2.350846209302416,2.3828831240249304,2.4135178927900505,2.4426592460542964,2.4702275234446733,2.4961545592684375,2.5203869697248145,2.542885941579583,2.563625345881261,2.5825902852033122,2.5997779138871357,2.6151984431835134,2.62887379781614,2.640835616728151,2.65112344317127,2.6597837724532534,2.6668692962789806,2.6724382408081997,2.6765534858611937,2.6792810462745105,2.680689431220459,,,,,,,,,,,,,,,,,,,,,,,,,,,,,,,0.9050867745532855
2015-09-30,0.4483053053919496,0.41869183987614733,0.4547290832050063,0.5432137529180375,0.6552876276716246,0.7727319336139954,0.8869063125002156,0.9941795544390872,1.0932738980820629,1.184042483194689,1.2669353528687128,1.3427113559199488,1.4122694726752036,1.4765136435438404,1.5362904051721507,1.5923626597141904,1.6454108092302024,1.6960238564681553,1.744700574998058,1.7918625849085292,1.8378385275075055,1.8828622366083378,1.9270919872852361,1.9706262372772594,2.01351533231563,2.0557602640470467,2.0972985402917903,2.138017806789149,2.1777824764984715,2.2164420419130297,2.2538336788454165,2.2897916744015347,2.3241653916019818,2.3568215743912866,2.3876453561718916,2.41654566439444,2.443453987033589,2.468321416646886,2.491116622081251,2.5118275268147814,2.5304619735605542,2.5470453579709735,2.5616170760735977,2.5742277632593704,2.584937970126102,2.5938170847385966,2.600942376069568,2.606397441192434,2.6102698227527683,2.6126500926249054,,,,,,,,,,,,,,,,,,,,,,,,,,,,,,,0.7357371778027393
2015-10-31,,0.4605857170412034,0.5009782942674496,0.5999091577374973,0.7210104462561534,0.846156030264478,0.9673962488495015,1.0815395303662656,1.1875201273096698,1.285277023015082,1.3752330864896543,1.4580567683099275,1.534499543005551,1.60529433216783,1.6711192666974843,1.7325960200553574,1.7902974742937998,1.8447441900585904,1.8964117753696428,1.945741679456507,1.9931072506934886,2.038805945221924,2.083075068255421,2.1261043055231372,2.168044388364409,2.2089970577536926,2.2489978663479935,2.2880304969889242,2.3260459210993663,2.3629694683866957,2.3987052226957615,2.433144975091349,2.466179007427094,2.4976980435758542,2.5275989206208096,2.5557926792896315,2.5822040792576226,2.6067697985439566,2.629438223481207,2.650174610679746,2.668962538928152,2.6858019061518106,2.7007073001522373,2.7137064707971557,2.724838872545433,2.734154392208898,2.7417122322271292,2.747579788102375,2.751831461486057,2.754547367070982,,,,,,,,,,,,,,,,,,,,,,,,,,,,,,,
2015-11-30,,0.42405275793083325,0.4851150491882454,0.591819510365354,0.711955629874849,0.8314676140763805,0.9451012886125151,1.0511486625313986,1.149310464651284,1.239906966080854,1.3235430956311112,1.4009562257690285,1.4729013804296789,1.5400802084832053,1.603121422966813,1.662589328326492,1.7189947133954915,1.772790673196735,1.824382686882501,1.8741326668157452,1.922329249121164,1.9691898523428768,2.0148759277280184,2.0595046190802777,2.103156092497607,2.1458619046608804,2.187594633444858,2.2282854569744726,2.2678411681626898,2.306149254410488,2.34308164531585,2.3785053564896783,2.4122924265005943,2.444320732170683,2.474480444071799,2.502680353851995,2.5288461958380033,2.552918435840173,2.5748523384122706,2.594622783873141,2.612224351701874,2.627669003440445,2.6409840069536923,2.6522101769017006,2.6614003691850883,2.668618172114507,2.67393673571285,2.677437394956572,2.679208224230137,2.6793426867784644,,,,,,,,,,,,,,,,,,,,,,,,,,,,,,,
2015-12-31,,0.36836708939203455,0.5228009933113912,0.6757778578521709,0.8204255205698379,0.9532868956662166,1.0741262947841133,1.183895147701675,1.283845719261105,1.3752079706478748,1.4591320413438091,1.5366614983717295,1.6087017915503337,1.6760009892629804,1.739179793591067,1.7987672566179287,1.8552252597260888,1.9089626869406275,1.9603424579995807,2.0096829978821624,2.057261051253729,2.103297520059547,2.1479637628719397,2.191391885336117,2.233680337569975,2.2748841610271686,2.3150121346445593,2.3540394699376095,2.3919172963552198,2.428576892715591,2.463933702938664,2.497895986386321,2.530370510771876,2.5612639422542998,2.590489473207964,2.6179707708516937,2.643640851888456,2.6674409161353467,2.689321832175599,2.7092485612583816,2.727199813176208,2.743167316578854,2.7571562952950597,2.769184410000757,2.779280378940665,2.7874827760405982,2.7938391427704903,2.798406276095596,2.8012499013837093,2.8024431388710487,,,,,,,,,,,,,,,,,,,,,,,,,,,,,,,
2016-01-31,,0.24440139403401662,0.2612299808483658,0.3435747617510172,0.4484786598113405,0.5580780704997426,0.6655447431308981,0.7683456254633207,0.8656476984057201,0.957343547806697,1.043645894435331,1.1249085934988707,1.2015064895578675,1.2737923591425844,1.3420996183650118,1.4067587646863926,1.468101471005504,1.526461998228265,1.582169134701066,1.6355418243194333,1.6868779177107043,1.736425114011528,1.784386244374868,1.830928599464314,1.8761856525381875,1.9202375981819297,1.9631094401739697,2.0047876234439257,2.0452304220672683,2.084372766719142,2.1221316311723624,2.1584170501842483,2.193137550055209,2.226201996821569,2.257526853311327,2.2870389567029874,2.314674250729208,2.3403767256850756,2.3641003866355463,2.3858127494416506,2.405494026552635,2.42313687385162,2.438746925669776,2.4523416417414112,2.46394899360066,2.473606322813502,2.4813597149038875,2.487264964104446,2.4913871081893895,2.4937987423895933,2.4945790260959706,2.4938124302974245,2.49158789750876,2.487998414863296,2.483140506138941,2.4771131753038205,2.4700172493206187,2.4619548958953557,2.4530291294558526,2.443342791123487,2.432997664423002,2.4220944806434535,2.410732567909003,2.3990076617536262,2.387010907277498,2.3748291583744012,2.362545297971003,2.350238529508884,2.33798436542354,2.325853396038593,2.31391079661184,2.3022166707032348,2.290826397551446,2.2797908692217455,2.269155920087237,2.258961816604051,2.2492435450176487,2.240031149837859,2.231350046606956,2.223221311213673,
2016-02-29,,0.24775005321339202,0.2219706487047752,0.25125175443182673,0.30714927939973274,0.3761143536675941,0.4517092683995914,0.5305374640747673,0.6106545229915192,0.6908751569440639,0.7704532039701792,0.8489017090918903,0.9258689434366825,1.0010802859176684,1.0743377675918862,1.145523907780186,1.2145943958116183,1.2815718248788728,1.346526039440595,1.4095625740452777,1.470796284207332,1.530323588478855,1.5882237780509267,1.644562507788865,1.699386876794633,1.7527039766445458,1.8044821929544705,1.8546674430592567,1.9031904888458697,1.9499695502885888,1.994915509676991,2.037943973188811,2.0789786475723386,2.1179516244239998,2.154806910427946,2.1895005112678176,2.221998840609798,2.252277481578495,2.2803217034127163,2.3061271437597437,2.3296988032790673,2.351050675723135,2.370205531852051,2.387194009625315,2.4020537400694417,2.4148285905141735,2.425568378634209,2.4343295401474645,2.4411746634900844,2.4461715615495407,2.4493928816205393,2.4509161937747814,2.4508237382509983,2.4492019978285833,2.4461414083917803,2.441736349580349,2.436084891876833,2.4292882130590203,2.4214500310707003,2.4126755337912553,2.403070674970168,2.392742074302845,2.3817961394437863,2.370336130016615,2.3584612511799805,2.3462669383993746,2.3338451387675176,2.3212845630512566,2.30867035503663,2.296082294601131,2.283594366282094,2.2712751455206988,2.2591881690796787,2.2473921155265226,2.235940039168143,2.2248789930981268,2.2142503789333663,2.2040903090882367,2.194429941534219,2.185295789209202,
2016-03-31,0.39892380920609793,0.31759913617409885,0.3047260380907464,0.34111316133310843,0.40329505433928403,0.47807175835889487,0.5587023867033573,0.6415201471360965,0.7244627687883146,0.8063505084995294,0.8865268250905547,0.9646310794817685,1.0404515899742455,1.1138612087002384,1.184803355035529,1.2532807639131855,1.3193464934049617,1.383095190451526,1.4446481228520485,1.504136741895292,1.5616914911873303,1.617435090953749,1.6714690014625035,1.7238713189376982,1.7746929667054943,1.823944509438986,1.8716022670251693,1.9176213348921984,1.9619409335749396,2.0044871725133784,2.045179859927995,2.083944376487707,2.1207136209293864,2.1554290908740237,2.1880446050895745,2.218525815986146,2.2468486180643215,2.27299813275252,2.2969701598218037,2.3187718770870633,2.3384206076940006,2.355942802578864,2.371373125402138,2.3847535286190165,2.3961324436133227,2.405564080762646,2.413108003857692,2.4188289455412177,2.42279582280154,2.4250808717090773,2.4257592932380825,2.424908969652493,2.4226102119337773,2.418945538122103,2.4139996223500817,2.407859463042211,2.400614269186642,2.3923552523208245,2.3831754328440167,2.3731694198796585,2.3624332483336254,2.351064242050537,2.3391599367572184,2.3268157089416044,2.314124324697622,2.3011761330325857,2.288059246246786,2.2748596858652133,2.2616606467769422,2.248540526036076,2.235572682782777,2.222825783759744,2.2103641232218214,2.1982475621267192,2.1865302540663123,2.1752602803778007,2.1644800233145314,2.1542265313719007,2.1445318568669256,2.1354233653159524,0.40742669929343145
2016-04-30,0.4033960623172131,0.3770093178291786,0.39492243955189155,0.45147486015673155,0.5278912692324974,0.6132971009571148,0.7022825978621563,0.7920294080991824,0.8810138271080677,0.9683876480542459,1.0536738514933928,1.136574080718146,1.2168497248676333,1.2942856786676713,1.3687174934678619,1.4400422609165173,1.5082331232954926,1.57333544469795,1.635455370400803,1.6947447364799537,1.751384196509814,1.8055661544334298,1.8574711277420608,1.907263588621431,1.9550804558186372,2.0010143936953,2.045120188737557,2.0874239387183264,2.1279283802254705,2.166616985527899,2.2034614448287404,2.2384303873916593,2.2714910981257788,2.3026125825992363,2.3317697602516683,2.3589433498257986,2.384119088068158,2.4072877774408656,2.428448168808724,2.4476078264436705,2.4647822082084656,2.479994171467251,2.493273346134905,2.504655373190271,2.51418123678017,2.5218966941572902,2.52785200127863,2.5321017156167542,2.5347038100940735,2.535719076477397,2.5352112127163102,2.5332471453098675,2.5298968249389624,2.5252329717011754,2.5193313948491936,2.5122716510318446,2.5041369232297117,2.4950138495217256,2.484992268262244,2.4741649351111263,2.462627278575703,2.450477118308197,2.437812969206656,2.424731521885819,2.411327365151038,2.3976931446990406,2.383919708126037,2.370096173619093,2.356308576653379,2.3426376373911353,2.3291587127608997,2.315942168328856,2.303053711318241,2.2905540858196347,2.2784976057030635,2.266932007901692,2.2558988725940066,2.2454340178676144,2.2355678644085195,2.226325769343743,0.5649915857370329
2016-05-31,0.3559145735291058,0.3081451483355824,0.3298628197522539,0.39352991964520617,0.4754995756643529,0.5638111143650683,0.652863685167941,0.7399892294890811,0.8239896275941133,0.9044452077291598,0.9813530724283578,1.0548929993361058,1.1252875614958993,1.192757094127153,1.2575142968040163,1.3197642798708717,1.3797021637488807,1.4375122223695265,1.493362256621061,1.54739952902487,1.5997528653152766,1.6505302764819567,1.699812054255716,1.7476533093358075,1.7940762398689227,1.8390633314630294,1.8825689683507787,1.9245305185273824,1.9648718858382808,2.003506394131479,2.0403467098297314,2.0753140769341245,2.1083382987118453,2.139360463804389,2.16833569651326,2.195231658522073,2.220026864744154,2.242710324942891,2.263283818378623,2.2817616295409704,2.2981687106646493,2.3125382801212475,2.3249104457357332,2.335331414680637,2.3438528157707683,2.35053104539498,2.3554259193014806,2.3585993283095554,2.3601147752638507,2.3600371997629983,2.358433397639182,2.3553724817702784,2.3509257328275166,2.3451664759444903,2.338170936839592,2.3300191907022874,2.32079512484662,2.3105864468219615,2.2994845735462257,2.287584612283141,2.274985121140426,2.261787679490174,2.2480946031865527,2.234006521461978,2.21962224520958,2.2050389047303818,2.190352075150626,2.1756557390692337,2.1610403169780175,2.1465904775665785,2.1323852681092026,2.118498504832994,2.10499910194011,2.091950437637051,2.0794087668593058,2.0674232662655037,2.0560364922688157,2.045284805411623,2.035198762509293,2.0258034715500393,0.548530634200054
2016-06-30,0.3746354859200582,0.11130613415122419,0.07397627317243265,0.07895836690621798,0.10883930685797552,0.1537613253109467,0.20790027723773022,0.2676539856734723,0.33078523803116433,0.39588557993848317,0.4620243133342025,0.5285127856206787,0.5947924782153439,0.6604072114304822,0.7250064054769411,0.788330386224835,0.8502049578962563,0.910524514581901,0.9692353738242903,1.0263171192397746,1.0817723972638151,1.1356129583520382,1.1878467599855325,1.2384753926581806,1.2874801404295324,1.3348155740576737,1.380421525042578,1.4242315442320004,1.4661743488982686,1.5061758141043378,1.54416890453181,1.5800999234880648,1.6139271530054249,1.645620527216882,1.675161065335464,1.7025394017252813,1.7277544922835226,1.75081276726456,1.771727747417533,1.7905193017948489,1.8072128675660686,1.8218387711395898,1.8344316556449056,1.8450299903707703,1.8536756456405499,1.8604135799319375,1.8652919675785595,1.8683621040348142,1.8696778279682247,1.8692953105229977,1.867273779371367,1.8636759832468677,1.8585679104891721,1.8520186733558366,1.8441017636456105,1.8348959224241557,1.824485101356527,1.8129585232116514,1.800411092939965,1.7869440475548077,1.7726645971043555,1.757685112495683,1.7421199477043112,1.726083047641146,1.7096878269211453,1.6930472100372609,1.6762736679222752,1.6594788725246736,1.642770529443175,1.6262500197138434,1.610012661582878,1.5941481315336696,1.5787407587786966,1.5638682282179999,1.5495996813473207,1.5359959460776509,1.5231100764477958,1.5109878509495522,1.4996682330038726,1.489183746759756,0.02125009401842498
2016-07-31,0.11118055775519284,0.0527206579653898,0.03536301883349906,0.04132395204721326,0.06258360772937678,0.09454932111301796,0.13384183595218352,0.17804012288450535,0.22550814626277996,0.2751864986918172,0.32638369372530146,0.3786096986651648,0.43148566824244017,0.4847071767337597,0.5380234990111454,0.5912247511247113,0.6441350118177821,0.6966065101939669,0.7485164640161966,0.7997628839075099,0.8502619217204707,0.8999409650684488,0.9487333986871029,0.9965755326296998,1.0433982187994293,1.089124013296235,1.1336691218729311,1.1769448174031165,1.2188583022922241,1.2593143419762802,1.2982205239532814,1.3354894252342782,1.371039028817866,1.4047973218656775,1.4367037107260403,1.4667075354518153,1.4947667758114398,1.520847974371618,1.5449268251999424,1.5669873584822267,1.5870220422393173,1.6050325494783817,1.6210289773884343,1.6350288903564716,1.647056491418545,1.6571424331001139,1.6653258554868307,1.6716545552945974,1.6761834580270405,1.6789737901644495,1.6800924726417263,1.6796115795396849,1.6776078522371505,1.674162301336195,1.6693599997090591,1.6632898172525856,1.6560440574188722,1.6477181584984817,1.6384107465719193,1.6282236840417526,1.6172618312866627,1.6056322988995249,1.5934415732942195,1.58079406271594,1.5677921992891264,1.5545365887235796,1.5411261456617378,1.5276576707862703,1.5142230431462687,1.500907898921667,1.4877920053043072,1.4749496680665477,1.4624499878469195,1.450355953910526,1.4387236251586413,1.4276024777910983,1.4170358327544823,1.4070612503096098,1.3977108945194687,1.3890118010579804,0.16400594093662438
2016-08-31,0.10745976280724236,0.10714271239723785,0.09593630035021868,0.08934760925077923,0.09216564803456279,0.10443917093226007,0.12466350619471969,0.15121643011031433,0.18274045155256755,0.21820115718135483,0.2568109465198729,0.29793275753267473,0.34101896349098726,0.38558254868995734,0.4311797901335749,0.4774016326179047,0.5238690764580527,0.5702352216386614,0.6161899580164713,0.6614599762829099,0.7058089278452194,0.7490442613361079,0.7910165096722487,0.8316143006244231,0.870768246827825,0.908443741608238,0.9446242388494823,0.9793043480126868,1.0124878296014168,1.0441838985433827,1.0743990454654868,1.1031347926943922,1.1303889005732022,1.1561575747717774,1.1804362849111254,1.2032198768131943,1.224502682101507,1.2442789046025904,1.262542986736274,1.279289773312248,1.2945164318319384,1.308224329662843,1.320418767702391,1.3311085333872006,1.3403055213840065,1.348025257314601,1.3542894172102733,1.3591259775816473,1.3625682636586913,1.3646544269967338,1.365427135285779,1.3649331993284624,1.3632231839958457,1.360351141584002,1.3563745781225487,1.351354268598429,1.3453540740928531,1.3384408932463479,1.3306854149377634,1.3221624817321227,1.3129507806741498,1.3031320383719138,1.2927890436559006,1.2820049018471753,1.2708629980042667,1.2594469757309374,1.24784071159231,1.2361275439772748,1.2243876285000155,1.2126971266798663,1.201128467217894,1.1897506050752125,1.178628971026593,1.1678237878933546,1.1573891242845988,1.1473732321852148,1.1378189246587542,1.1287639244962269,1.1202411847705858,1.1122789854204904,0.11074139437411247
2016-09-30,0.12372298273762247,0.10031675029684119,0.07936069174472297,0.07373245144222715,0.08287606359595842,0.10386473021177728,0.13388331916160592,0.1707592687565506,0.21287642813748303,0.25905068051700214,0.30838291734730944,0.3601295706841156,0.4136421695580154,0.4683471124325488,0.5237302178086606,0.5793350629615472,0.6347600291654247,0.6896627483070228,0.7437624672551922,0.7968316403691794,0.8486872846563226,0.8991864519544301,0.9482197862103,0.9957060540187853,1.0415896148982284,1.085832991393014,1.1284064310562218,1.169284859273991,1.2084470342258489,1.2458737012055046,1.2815445607830822,1.3154378223641543,1.347532377431298,1.3778120153637097,1.4062657550262674,1.4328871242006511,1.4576737545822835,1.4806283998335366,1.501759446016654,1.5210804319639448,1.5386105787042943,1.5543749767393062,1.5684039562831364,1.5807324918406187,1.5913997052649986,1.6004492045355183,1.6079303526124946,1.6138977360315045,1.618410345789345,1.6215309199113355,1.6233251172895273,1.6238611224200556,1.6232094020640926,1.621442303703915,1.6186334398289117,1.6148573899073317,1.6101893134228653,1.6047048913703779,1.598480819507544,1.5915949719179745,1.584126295399334,1.5761540336004976,1.5677560893111306,1.559008719854377,1.5499866609937871,1.5407632422029867,1.5314104701245401,1.521998161066704,1.5125918094343505,1.503252307096436,1.4940362635027904,1.4849963020985593,1.4761811263581104,1.4676349030673441,1.459397161497207,1.4515030876385089,1.4439838062331007,1.436866641110316,1.4301753525935923,1.4239302144733317,0.13532769777937967
2016-10-31,0.1495108022685351,0.16536379158133827,0.19416018432283466,0.23364254923518524,0.2857161238887701,0.3474920107849639,0.41551201419948114,0.48708284569502364,0.5603503055844046,0.634101372677455,0.7075292271301966,0.7800419220012643,0.8511752697677988,0.9205623705178273,0.9879048406191686,1.0529695273849229,1.1155808911795537,1.175618310587272,1.2330123848535197,1.287735922292838,1.3397962952398563,1.389231726593244,1.4361057642917285,1.4805023776704693,1.5225220603559517,1.5622712605462301,1.5998497993072338,1.635350241154763,1.668858953726956,1.7004530152471475,1.7301951931212203,1.7581351732898511,1.784312762081022,1.80876123987793,1.831508597972685,1.8525782741055492,1.871990040420434,1.8897618543666408,1.9059108159943223,1.920453594729888,1.9334079502766623,1.944793376310815,1.95463092603362,1.9629430349526926,1.969753418646706,1.9750880634321595,1.97897679934164,1.9814532426187716,1.9825544556142622,1.9823210915192302,1.9807978338321506,1.978033141521808,1.974078916495369,1.968990723869378,1.9628283458029865,1.9556556576963213,1.9475405642301782,1.9385550262510025,1.92877554848577,1.9182830664544928,1.9071625350040877,1.8955014170435516,1.8833875301957261,1.8709086855560424,1.8581526877575296,1.8452073354603955,1.8321603547847398,1.8190978295577143,1.8061016923025621,1.7932495652415785,1.7806150631942748,1.7682680613432522,1.7562742037658592,1.744693006338294,1.7335775692216855,1.722974990395129,1.7129267554077534,1.7034690971498896,1.6946333125705937,1.6864456931844736,0.48459057040891995
2016-11-30,,0.04448349009790925,0.0708544451039427,0.12463950001247232,0.19927823899007086,0.28689011687897836,0.38147352523437805,0.4790981189525614,0.5773385597151435,0.6747108734634111,0.7702424751669367,0.8632433721757914,0.9532069104871386,1.0397561616842126,1.1226085775072236,1.2015572836809754,1.2764601402443685,1.347245634424767,1.4139009657225974,1.4764624306639262,1.5350096234294295,1.5896622859630314,1.6405729801264657,1.6879219272759443,1.7319122251991452,1.7727531493964663,1.8106456318700166,1.8457824001028236,1.8783487301729989,1.9085152783648025,1.9364311564637517,1.9622262052093165,1.9860124025308534,2.007884846838538,2.027923999869675,2.04619771771692,2.062762762540736,2.077665617975122,2.090943579591187,2.1026267910728955,2.112742099419419,2.1213145352544984,2.128367542649124,2.1339231594116197,2.1380023461435265,2.140627326869144,2.1418239364451304,2.14162150614418,2.1400526156752,2.137154198216129,2.132968731668035,2.1275438795923987,2.120932088832034,2.113191305579594,2.1043858177878327,2.0945862475898864,2.083869795453992,2.0723193778752433,2.060022202400226,2.0470692069609915,2.0335546866655037,2.0195750995305697,2.0052268920884533,1.9906044709264845,1.975799959291112,1.9609033687475577,1.946002647345065,1.9311823403823798,1.9165220999698802,1.9020968408653167,1.8879770740852873,1.874229184833543,1.8609148058818004,1.8480893073097002,1.8358018201901978,1.8240956456038329,1.8130086332096715,1.8025735306954134,1.7928182755303999,1.7837658628973514,
2016-12-31,,-0.0292624469255888,-0.0010468483956314698,0.043755831772953724,0.10930544420549766,0.18900596193886507,0.2764745216366613,0.3673441990810125,0.45890472714961894,0.549508920588117,0.6381354274927995,0.7241529116003155,0.8071980454419735,0.8870645114705067,0.9636334386409539,1.0368348350750967,1.106630031551499,1.1730036703176343,1.2359646550033747,1.2955472919973459,1.3518108719283821,1.4048391450012547,1.454735433094631,1.50161728918233,1.545611711955363,1.5868456771013977,1.6254406478199912,1.661513236578218,1.6951755482628963,1.7265321976154768,1.7556787394158295,1.7827027840524354,1.807684233187823,1.8306957039212217,1.851803527106484,1.8710686134785237,1.8885469099576078,1.9042894399925305,1.9183427992797577,1.9307501546644559,1.9415526484522962,1.9507898746429266,1.958500060247908,1.9647202206461984,1.9694864104034862,1.9728347239161723,1.9748022048881588,1.975427339784238,1.9747501930398244,1.972813402409281,1.9696628056596013,1.9653471882071527,1.9599181550646652,1.9534310581828718,1.9459456211516735,1.9375263731369068,1.9282432243702645,1.9181708498669248,1.9073878981843846,1.895976607878424,1.88402241431145,1.8716128279000115,1.858835380791843,1.8457758973483946,1.832518405140335,1.8191452710102591,1.8057371360661965,1.7923715172634562,1.7791218359756131,1.7660576321125017,1.7532448374627296,1.7407459562144476,1.7286191136587439,1.7169167459866073,1.705685763209523,1.6949679126686672,1.684800114273225,1.6752147699454754,1.6662399632561031,1.6578990203212782,
2017-01-31,,0.05728858918054021,0.1101766857841794,0.17421700165196674,0.25219811796771757,0.33937523440717016,0.431482691242746,0.5256300835690313,0.6199876068451435,0.713358778738774,0.8049041084028631,0.8940179349493634,0.9802685440649717,1.0633422154730428,1.1430054635223648,1.2190841860310915,1.2914548290263326,1.360044933746436,1.4248296077097795,1.4858278703363255,1.5431000090206868,1.5967439356199504,1.6468876307263085,1.693683801742212,1.7373028452472814,1.7779171185051905,1.815694278363596,1.8507979048127756,1.883386465828809,1.913605506669408,1.941585181850191,1.9674420264213694,1.991278701981087,2.013184837680391,2.033238850968876,2.0515094848547513,2.0680566918599226,2.0829321294257883,2.0961801760353027,2.107840083974357,2.1179485378986698,2.1265402696093023,2.1336482854203545,2.139304063309747,2.1435381783744965,2.1463827101026682,2.1478725417218407,2.148045490967041,2.1469423459092964,2.1446079676740646,2.1410916451311746,2.136446696985071,2.1307302793378677,2.1240040072142623,2.116334146878465,2.1077918723072417,2.0984533606382536,2.088398525860192,2.077709851571444,2.066472102665189,2.0547718766176772,2.042695960106475,2.030329251466216,2.017753653336357,2.0050482009267125,1.9922892786558215,1.979550511219181,1.966901341669002,1.9544064330836144,1.9421259756326184,1.9301160015704841,1.9184285799516931,1.907111107632557,1.8962056862389784,1.88574939428416,1.8757746176365366,1.866309354236973,1.85737749527784,1.8489990304141777,1.8411899970736563,
2017-02-28,-0.022693446367536393,0.02830190996333602,0.03036378613655459,0.04603419068547805,0.08261125849058021,0.1350524660878187,0.1982042257508946,0.2683063707769284,0.34273431780446884,0.4195767288936293,0.4973765576702489,0.5750380857862017,0.6517619025897675,0.7269688569796375,0.8002404868663735,0.8712807995790656,0.9398930952199268,1.0059625910956131,1.0694376883759653,1.1303178258980677,1.1886344820563213,1.2444393468797506,1.2977949910610636,1.3487571402976233,1.3973696497325734,1.443663748225512,1.4876593097511863,1.529366873562307,1.568790451026451,1.605932713015599,1.640796746487418,1.6733872236979637,1.7037142254589988,1.7317939376163132,1.7576478050029172,1.78130192052126,1.802787939086445,1.8221440685247665,1.8394143792812234,1.8546476496973472,1.8678963224288414,1.8792160187153593,1.888665168777208,1.8963046917502107,1.9021976220778376,1.906408568821813,1.9090037581423978,1.9100512467916764,1.9096209284622563,1.9077848834104905,1.9046173681173633,1.900194611555492,1.8945948314582741,1.8878987721634937,1.8801898361662661,1.8715543909106789,1.8620817404402423,1.8518630070259579,1.8409903700080499,1.8295569421695455,1.8176563403265515,1.8053811593310893,1.79282108639645,1.7800621334168054,1.7671868690077754,1.75427467590029,1.7414015494858608,1.7286387531337204,1.7160525327938383,1.7037044628023497,1.6916517747915876,1.6799474793509228,1.6686394297338414,1.6577698308244186,1.6473755708093412,1.6374885709606282,1.6281361081625598,1.61934111207953,1.6111223676473247,1.6034945064252757,0.4422701752611657
2017-03-31,0.024158931472875542,0.08158537490721711,0.07779409662310516,0.08716530255180374,0.1178099009691728,0.16520204353968626,0.2243588350016231,0.29139454021078065,0.3634504319615523,0.4383769626977749,0.5145382746879711,0.5907173182082233,0.6660390351492058,0.7398699807363835,0.8117566573991122,0.8813834382078082,0.9485408738167467,1.0131041666011833,1.0750157199350563,1.1342690263450192,1.1908901126610265,1.2449273687301066,1.2964425046699055,1.3454988225325748,1.3921564379941043,1.43646764918944,1.4784771449238403,1.5182233523228945,1.5557393370778199,1.5910532920512044,1.6241892586050535,1.6551691485574438,1.6840161218221732,1.7107551370478433,1.7354126988213046,1.7580166983225056,1.7785966510455262,1.7971838031956995,1.8138110011642827,1.8285130376467158,1.8413268239083718,1.8522911627890541,1.8614465287524793,1.8688348927838427,1.874500177839712,1.8784895256119583,1.880853762368247,1.881647380761837,1.8809287549801152,1.87876106669787,1.875212163491916,1.8703541210875585,1.8642632327233233,1.8570205312526677,1.8487116618872572,1.8394267689314134,1.82925991234897,1.8183073443064772,1.806666682366278,1.794436763057274,1.781716874758542,1.768604794606401,1.755195011681971,1.7415783105480258,1.7278420388056244,1.7140703505997037,1.7003436779879604,1.6867371730719554,1.6733206162954708,1.6601587968457294,1.6473118626917491,1.6348353261107602,1.6227790231092019,1.6111868720158111,1.6000972509629732,1.589543362373353,1.5795535690449192,1.5701517014984463,1.5613572099690463,1.5531851113773962,0.4142180312248993
2017-04-30,0.03372889427933448,0.0221024083508462,0.016458531348924815,0.035051857742873546,0.0736409628983274,0.12637008532855298,0.18878036456370176,0.25768170490811676,0.33075222867810455,0.40620600827434516,0.4826395258346267,0.5589881499303396,0.6344692216921961,0.7085111752956228,0.7807020118991256,0.8507505480741383,0.9184624841821256,0.9837196084728534,1.0464647255920105,1.1066881605256649,1.164414186152631,1.219690906940057,1.2725746365057085,1.3231167184891233,1.3713594715444133,1.4173326212453514,1.4610547899255732,1.5025355336964523,1.541778114024708,1.5787824660178684,1.613546188851627,1.6460678747595916,1.676351595749683,1.7044068454823424,1.7302477664709175,1.75389292247148,1.7753668128980122,1.794700215037731,1.811929477731102,1.8270961182109289,1.8402463471446524,1.8514305154041732,1.8607026326467333,1.8681199669231363,1.8737430242463045,1.8776358039435899,1.8798658194528173,1.8805039028468544,1.879624040217855,1.8773033300831914,1.8736217244573135,1.8686617592926422,1.86250842096349,1.8552491024701956,1.8469734838367438,1.8377735174410765,1.8277428806832436,1.8169756226200926,1.8055657446310311,1.793607162104659,1.78119283871819,1.7684131388424267,1.7553549684819807,1.7421017897559767,1.7287338828288241,1.7153285528845532,1.7019595432221426,1.6886959396388599,1.675602271011946,1.6627388344454552,1.6501619862916346,1.6379239117443947,1.6260714296082455,1.6146458797602288,1.6036834824807844,1.5932156752692972,1.5832694234142946,1.5738675015142682,1.5650286334978427,1.5567675326388148,0.3724771139950107
2017-05-31,0.1293849026079954,0.10786333202056869,0.07992315795514014,0.07771945563779191,0.09949790172292666,0.13918856765953627,0.19155918767852168,0.2526308208519639,0.31944750070350597,0.38976326296905256,0.4618736297468768,0.5345256114151078,0.6068264247325078,0.6781300794432796,0.7479760835314055,0.8160393740871786,0.8820926954316214,0.9459809274355049,1.007606655779643,1.0669185601723432,1.123902437586122,1.1785712105795847,1.2309498509927754,1.2810650151134195,1.3289403775058828,1.3745933033413964,1.41803562032199,1.4592747102403603,1.498315591024745,1.5351627697698178,1.5698206620657775,1.602295902765145,1.6325995193697795,1.6607465451357852,1.6867554477257911,1.7106477476338027,1.732447928133358,1.7521831675557773,1.7698833440531598,1.785581869708139,1.7993156892399451,1.8111248669035294,1.8210522237528486,1.829143140371957,1.8354467775887273,1.8400174352009533,1.8429144644175417,1.8442018735674657,1.8439482137321663,1.8422265329318421,1.8391139795166993,1.8346914187124619,1.8290432273809407,1.8222571410784083,1.814424110074754,1.805638273728642,1.795996021540914,1.7855943389734439,1.7745304397669805,1.7629016631149557,1.7508043291510238,1.7383318940501322,1.725573773786859,1.712615394640189,1.6995384991949323,1.6864213361198035,1.67333769426924,1.6603557932894608,1.647538525726097,1.6349438375267136,1.6226250596836922,1.610630677913181,1.5990035485114993,1.5877810371381387,1.5769953839478772,1.566674040795035,1.556839982162054,1.5475119963915576,1.5387050097416424,1.5304303980181313,0.26037836036105716
2017-06-30,0.11021930340107126,0.2954468195039103,0.29210324648292035,0.30740964830595335,0.33923294039025637,0.3840433803886303,0.43850250479075675,0.49990070912268436,0.5660630711342767,0.6351983218801577,0.7058734154084998,0.7769949348404402,0.8477518642966607,0.9175393196904552,0.9859069080316943,1.0525154913621944,1.1171082418195173,1.179493733186699,1.2395361973637378,1.2971477828720874,1.3522827504191384,1.4049275537319135,1.4550906459178155,1.5027955674171418,1.5480737844908203,1.590960192849857,1.631492303634737,1.669709539011361,1.7056510668991183,1.7393544544276454,1.7708560334514276,1.8001925679198016,1.8274022875121556,1.852524739359267,1.875600608821385,1.8966719307521889,1.9157827413920807,1.9329790115706325,1.9483081039040842,1.9618179329850647,1.9735567361536812,1.9835730341335047,1.9919155980799605,1.998633420651283,2.0037756960631303,2.007392149535159,2.0095337953078904,2.010253122610368,2.009604881776594,2.0076465842140516,2.0044382785953294,2.0000424296953416,1.9945246851516432,1.9879543808356646,1.9804045517086022,1.9719519687326754,1.962676338523037,1.9526593236482368,1.9419842764161241,1.9307359995312743,1.9189997674733923,1.906859654619412,1.894397242018053,1.8816916325007125,1.8688196412597504,1.8558557845097399,1.8428709265531131,1.8299313297310444,1.8170989060571747,1.8044315279552812,1.7919832607129529,1.7798037220891796,1.7679371398164003,1.756422544060476,1.7452941138720246,1.7345814963387434,1.7243101008677995,1.7145013523742396,1.7051727883816314,1.6963381762515641,0.5249790184790865
2017-07-31,,0.24348433809974532,0.2252260540699271,0.2289543636686696,0.2546513056369331,0.29719529217494917,0.35175959137848667,0.4146983827936433,0.4833064093564816,0.5555130778723355,0.6297420592772155,0.7048191697728514,0.7798613292673645,0.8541844084734971,0.9272510700343701,0.998630821826212,1.0679752338998771,1.135004202829517,1.1995006533104595,1.261307544484892,1.32032400066264,1.3765005102222305,1.429828436145185,1.4803277972652114,1.5280375798545618,1.5730100981759574,1.6153084561720674,1.6550040836297235,1.6921725705305783,1.7268915135379668,1.7592396228988882,1.7892939686363063,1.817128870982474,1.8428162568447333,1.866425937744663,1.888024505102541,1.9076735432221306,1.925429935026877,1.9413467145043815,1.9554739436743904,1.9678591396429477,1.9785475776373136,1.9875825521660928,1.9950058244987015,2.0008589559905587,2.0051843559536353,2.008025873244406,2.0094290661221215,2.009442647064053,2.0081190551269574,2.005514124388705,2.0016870105577995,1.996701221725906,1.99062500146412,1.9835313321255397,1.9754978295753431,1.9666056370189828,1.956938404986262,1.9465820149442723,1.9356241639125906,1.9241528883921641,1.9122547693548937,1.9000139896931794,1.8875124335603284,1.8748298626514386,1.8620437638449208,1.8492278253829444,1.8364512597768237,1.8237790905542497,1.8112724514723946,1.7989887449627713,1.7869806683629639,1.7752953346350482,1.763974543639458,1.7530551363417919,1.7425693210558726,1.7325449741646648,1.723005855662347,1.7139715280468062,1.705457422957928,
2017-08-31,,0.12815422380539299,0.11998988079120089,0.127023460409445,0.15084975714833315,0.188630711264539,0.23695622402560618,0.29298075275210156,0.35443188408583093,0.4194871163881948,0.4867319635768194,0.5551014483556681,0.6237945887974937,0.6921986361796074,0.7598403231827608,0.8263454481453211,0.8914134593254078,0.9548037478736661,1.0163267389359192,1.0758396537627621,1.1332408619660048,1.1884617958911976,1.2414516605720773,1.292170154754548,1.3405855126182198,1.38667293336087,1.4304133062143807,1.4717936301538768,1.5108107755765563,1.547471602870032,1.581791695699516,1.6137950338930864,1.6435130942169764,1.6709837541386656,1.6962503438558674,1.7193604665417384,1.7403649577124767,1.759317331758653,1.776272435981699,1.7912851889746864,1.804410459176774,1.8157030708432487,1.8252178075870003,1.8330092470755484,1.8391312688074752,1.843637713997271,1.8465832803641553,1.8480239931770799,1.8480186764005497,1.8466292758612055,1.8439205677956234,1.8399603086175687,1.8348204294701855,1.8285772773656304,1.8213116526188446,1.813108540239245,1.8040557346251003,1.7942429078764006,1.7837614112156257,1.7727037445185039,1.7611618751974576,1.7492253508418836,1.7369805586947846,1.7245109264054106,1.7118971450341551,1.6992168184218206,1.686542708652953,1.673942324147571,1.6614782855825851,1.6492086749235473,1.6371871708628223,1.6254621275260135,1.6140761136356159,1.6030662604822554,1.5924646244201472,1.5822985207444908,1.5725908315040789,1.5633602836476006,1.5546216901987402,1.546386186318562,
2017-09-30,0.2926843276564716,0.37114707587939416,0.40092728151014323,0.4337256444963861,0.4771884504344128,0.529597633580023,0.588327110507349,0.6512926606771516,0.7168981046655455,0.7838915408647684,0.8513049443116647,0.918421175708496,0.9847091196086465,1.0497741354852352,1.1133101872926487,1.1750702532040826,1.234850091930205,1.2924846266834065,1.347846818407697,1.4008522004554151,1.4514558824106465,1.499648641953177,1.5454495479498211,1.588896600511051,1.6300362032886884,1.6689199429755734,1.7056035743456264,1.7401443482091996,1.7725963791471426,1.8030100888587313,1.831432623884341,1.857907984476457,1.8824774087692884,1.9051797784375295,1.9260519554456947,1.9451290634311766,1.9624447232880815,1.9780313919536823,1.9919215958439793,2.0041487397174147,2.014747050296271,2.023751478413832,2.0311976312053774,2.0371223916943006,2.0415653689893998,2.04456897345028,2.046178110793968,2.0464403181074142,2.0454064210940652,2.0431304389475082,2.039669280279924,2.035082800445493,2.0294343160556063,2.022790573414614,2.0152217995427186,2.0068014234927585,1.9976052295730442,1.987710889689528,1.9771977893810038,1.9661465854554372,1.954638044763727,1.9427513813126105,1.9305637144607688,1.9181502151355192,1.9055842393825984,1.8929367141269913,1.8802745125234104,1.8676602813757461,1.8551527440658881,1.8428069792910216,1.8306743425214032,1.8188012780298495,1.8072289856938137,1.79599375689078,1.785127301731549,1.7746570504594097,1.7646064295794746,1.7549950340375748,1.7458386637967687,1.7371495065788978,0.4912072132082968
2017-10-31,0.3497804573556256,0.4124736771856919,0.42562713691618503,0.4507906635701556,0.491157568383493,0.5422284586916905,0.6001335951210448,0.6622545988883325,0.726764180058125,0.7923291953638917,0.8579869222702002,0.9230662882100048,0.9871124096648297,1.0498187645216357,1.110975209320858,1.1704310981240988,1.2280732626150068,1.2838150010225877,1.3375904256992974,1.389352540839488,1.4390715300861694,1.4867316583039838,1.532322767049321,1.5758383668463283,1.6172753953663688,1.6566336359797655,1.693915261404096,1.7291259371100953,1.762276631691623,1.793383131089045,1.8224653691586727,1.849546946016964,1.8746545991714287,1.897817741817895,1.9190679338564482,1.9384378481514613,1.9559607317410628,1.971670378869654,1.9856013718204752,1.9977891460274697,2.008269891774589,2.0170804643326994,2.0242583305856376,2.0298420260533083,2.0338719483813583,2.0363906603680078,2.0374428948263046,2.0370761832733986,2.0353419426208164,2.0322953165088187,2.027994840655617,2.0225028148513315,2.0158860960065645,2.0082160275478436,1.9995684740228878,1.9900232910849946,1.9796632009305755,1.9685732971300216,1.9568408189865847,1.9445544665951495,1.9318028264036864,1.9186724303206975,1.9052473572269306,1.891609418167285,1.8778382813890817,1.8640104738434995,1.8501976796237918,1.836466760632953,1.8228801055436619,1.8094959419353849,1.7963681054167093,1.7835448154047389,1.7710685723729642,1.7589765382788927,1.747300892465101,1.7360691594628488,1.725304507323407,1.7150259324885395,1.7052483641232263,1.695982890401852,0.4425487380082661
2017-11-30,0.4069459204392176,0.45604494276319585,0.4699235899955776,0.4952891590233562,0.5350516447426159,0.5851556256881641,0.641723324612234,0.7020222619251018,0.7641776656843902,0.8268809636723649,0.8892354610742448,0.9506569442446432,1.0107823088938135,1.0693947931296524,1.1263633350671973,1.1816048647507367,1.2350623409785046,1.2866932172861287,1.3364660033929616,1.3843602235343,1.430366327941569,1.4744819644838911,1.5167052947886048,1.5570352769174127,1.595472559953946,1.632019264932522,1.6666788805402022,1.6994581533493476,1.7303688765727923,1.7594272995086817,1.7866534723790481,1.8120707214136673,1.8357051595448093,1.857585274160168,1.8777413345118146,1.8962042941038932,1.9130053867160786,1.9281760256349467,1.9417475851619146,1.9537513342863473,1.964218448311474,1.9731800200074945,1.9806671087437862,1.9867112534642224,1.9913450920638818,1.9946026640828152,1.996519482297097,1.9971335045850944,1.9964861540895564,1.9946221091839937,1.9915890576151878,1.9874383845288988,1.9822259512268452,1.9760120355782125,1.968861382270922,1.9608427119701972,1.952027993506761,1.942492082051467,1.9323124441323614,1.9215685095830486,1.9103401677462124,1.8987059527117713,1.8867427903850196,1.8745261229372936,1.8621299215607132,1.8496254171758761,1.8370796970469507,1.824555830259211,1.8121131588868507,1.7998075419313766,1.7876908745988722,1.775809901758722,1.7642062564686138,1.7529168042133014,1.741973960742833,1.7314059848182337,1.7212372344274196,1.71148822637256,1.7021756544037276,1.69331260116703,0.41993504323314723
2017-12-31,0.3804586990703009,0.3653203268646358,0.39101224967243753,0.4249838632899032,0.4685709617155365,0.5189438453655554,0.5733626529533524,0.6298869815913679,0.6871994789231002,0.7444086734687028,0.8009501562200602,0.8565105466647657,0.9109474155083068,0.9642088771680383,1.0162838303918575,1.0671613125044184,1.1168167360507062,1.1652096189922136,1.21228895902325,1.2579988660970978,1.3022822324280223,1.3450826557907372,1.3863443200802803,1.4260159238230736,1.4640527677696047,1.5004156634736816,1.5350703767354383,1.567990299828687,1.5991578085408573,1.6285630875180817,1.6562040508485916,1.6820860079642959,1.7062205960903567,1.728624848215779,1.7493203625662608,1.7683325346197256,1.785689994987535,1.8014235208055724,1.8155642797641722,1.828143423806927,1.8391920890174658,1.8487413974987528,1.8568223832520467,1.86346542205834,1.8687002082390753,1.8725566034435814,1.8750650604574615,1.876258484401782,1.8761734646123895,1.8748500010626392,1.872331387214208,1.868665638939929,1.8639064290953544,1.8581129091415287,1.8513495402437523,1.8436854153802116,1.8351935104353858,1.8259503024605375,1.8160354057362629,1.805530695333854,1.7945184785683652,1.7830798059509196,1.771294355615839,1.7592405404750828,1.746995384795559,1.7346328209903352,1.722222483777938,1.7098299305475815,1.6975169368178136,1.6853417054352027,1.6733580681173794,1.6616143505426217,1.6501535528896811,1.6390137096117563,1.6282282204848317,1.617826155519225,1.6078325089962118,1.5982682346574124,1.5891503192665297,1.580492015900658,0.3639499743984019
2018-01-31,0.4225265612092694,0.5519513906359444,0.6269686671329241,0.6883112475020711,0.7474891438735163,0.8066814495239086,0.8660575702910862,0.9254005043824166,0.9843987252355729,1.0427309595045984,1.1001260542650906,1.1563720127248673,1.2113044478653274,1.264780725788928,1.3166652332730955,1.3668219228532694,1.4151174447516326,1.4614270529349915,1.5056461129522094,1.547697149443371,1.5875343957280557,1.6251475234143067,1.6605558083703968,1.6938014624699347,1.7249447688465849,1.7540605951861592,1.7812347873410468,1.8065577067318817,1.8301210890346986,1.852016624509143,1.8723305518709814,1.8911417142183002,1.9085225840854994,1.9245400807753952,1.9392538274824636,1.952713209749219,1.9649581268924472,1.9760202961790942,1.9859243897495669,1.9946889293012025,2.002327036155531,2.0088470747367615,2.014253450353201,2.0185483193252707,2.0217330913711935,2.0238094851036963,2.0247802107496886,2.024651733941663,2.023435435657802,2.021147177682681,2.0178072824465176,2.0134422833965697,2.008085575405155,2.0017773022939065,1.9945641901354552,1.9864989852060708,1.9776399145234747,1.9680502123157066,1.9577976621163522,1.9469538903511852,1.935592420794672,1.9237870870000011,1.9116118886149431,1.899140977693201,1.8864482774242886,1.8736055428981406,1.8606814380097587,1.8477417214118783,1.8348494570397598,1.8220650578376107,1.8094449219866013,1.7970402278004423,1.7848971634168957,1.7730572639717923,1.7615577217991882,1.7504316719423076,1.73970834454077,1.7294127173626659,1.7195654486895473,1.7101831261468217,0.6202043982953289
2018-02-28,0.4166401022133224,0.5903359299908236,0.6716211328947068,0.7304962906412799,0.7863047490280188,0.8429386843982426,0.900697640087848,0.9591112014101493,1.0175731651915183,1.0755379194772179,1.132587596984438,1.188431594558941,1.242869915380203,1.2957547129957163,1.3469617140302572,1.3963703434631667,1.443861119286367,1.4893193223475911,1.5326460847470587,1.5737634647930465,1.61261963733739,1.6491884950713975,1.6834657652416218,1.7154698751668072,1.7452393673935271,1.7728290686817385,1.7983075067550585,1.8217559402257615,1.8432666956549342,1.862939502037157,1.8808741428347395,1.8971681923611512,1.911917311116399,1.925215235288466,1.937150290248033,1.9478019462333667,1.957241413663994,1.965530720106976,1.9727216540582755,1.9788568095953134,1.983970707645122,1.9880907532395118,1.9912376320652574,1.9934246726899725,1.9946592888180052,1.994944967988059,1.9942827706569617,1.99267486986313,1.9901256941112628,1.986641732440229,1.9822321696886926,1.9769116123783472,1.9707008451460695,1.9636270158528764,1.9557236497107915,1.9470307927177462,1.9375949114511841,1.927468366100665,1.916709054127673,1.9053801825257526,1.893548195021187,1.881281289720951,1.8686492168914404,1.8557231531909635,1.8425750204426519,1.8292753563012436,1.8158926007259368,1.8024932338727824,1.7891419179799384,1.7759013242984472,1.762830210920113,1.7499822821629836,1.7374064592329856,1.72514720340717,1.7132448133622886,1.7017356972288793,1.6906523870799002,1.6800229101814506,1.6698707233154384,1.6602149560586288,0.6588978172638955
2018-03-31,0.5984624812440369,0.6782630939779899,0.7264212641501661,0.7692531051528539,0.8120583229437021,0.8553925849009283,0.8991578642742087,0.943113872103812,0.9869637979080379,1.0304480193577747,1.073405174888296,1.1157604081445325,1.1574817903811505,1.198532682538867,1.2388409422318043,1.278283678900693,1.3167003581046375,1.353910344559246,1.3897364082111892,1.4240141350483408,1.4566028621432137,1.487391514461482,1.5162999553840595,1.5432859350384014,1.5683406736790744,1.5914824910342404,1.6127537898949225,1.6322212647933443,1.6499727200456848,1.666109833632474,1.6807376545090886,1.6939620933821162,1.7058897808215139,1.7166270947026663,1.7262735527045516,1.734917769709296,1.742638099418962,1.7494999994895726,1.755554699835547,1.7608407975700573,1.765385797590549,1.7692074060153484,1.7723135380309925,1.7747011124484757,1.776358710965681,1.7772691108504588,1.777411777467659,1.776767317711462,1.7753183935756305,1.7730495611788473,1.7699487610029008,1.7660109288840369,1.761238607552098,1.755642379806515,1.749240875338176,1.7420610527313205,1.7341379240253798,1.7255138783264088,1.7162382921519266,1.7063670540068372,1.6959602879684217,1.6850811686363494,1.6737956571232127,1.6621722646537016,1.6502810064633726,1.638191259036033,1.625971282609136,1.6136882996110682,1.6014085672443192,1.589196877564108,1.577114222785043,1.5652169377759246,1.5535569885081078,1.5421822672512624,1.5311368641534964,1.5204613080375406,1.5101923610218677,1.5003622022664926,1.490998439492762,1.4821242741869742,0.43198553811373785
2018-04-30,0.6442272361918586,0.6338056710556218,0.6754201092339208,0.722712499519251,0.7744125776240347,0.8286609728623092,0.8840412455818172,0.9395570813492846,0.9945219736441491,1.0485026732050187,1.1012603664402858,1.1526863122340039,1.202729242790509,1.2513515187031263,1.2984965702861209,1.3440760380783068,1.3879763682396522,1.4300713736650161,1.4702400508197575,1.5083739259950029,1.544388635887193,1.5782274862944468,1.6098657939017726,1.639311433746741,1.6665986276086084,1.6917829302248724,1.71493847194604,1.7361565548276536,1.7555428222874228,1.7732107889073396,1.789274122290547,1.8038455664046895,1.8170370776538918,1.8289586845666113,1.8397123391036831,1.8493895839211119,1.8580719792652143,1.8658280702026624,1.87271272832405,1.8787687767240449,1.8840284593301664,1.8885146297285467,1.8922402468905972,1.8952072811731222,1.897409464265281,1.898834352975725,1.8994661733179714,1.8992897051229256,1.8982908306136,1.8964565164160065,1.8937768669330057,1.8902484365398817,1.885874684463005,1.8806666098922453,1.8746428714000316,1.8678303080934742,1.860263612860356,1.8519846736831338,1.843042270009916,1.8334914535083184,1.8233914725612623,1.8128049116867886,1.8017974204666776,1.7904374275360544,1.778794800149223,1.7669388224180615,1.7549379004181844,1.7428596262173743,1.7307708253335337,1.718736754555036,1.706818663686616,1.695073245951779,1.683552939427185,1.672306214552568,1.6613778386398759,1.6508090952610548,1.6406374104378751,1.6308955664534839,1.6216118073731034,1.6128099218047236,0.40427543701316004
2018-05-31,,0.45940620798058596,0.5058918015650662,0.5550936333710729,0.6073496840591128,0.6614223829393217,0.7162202933558568,0.7708616024174539,0.8247147947190068,0.8774066227787879,0.9287782693015006,0.9788135233666196,1.0275592224167336,1.0750733176388407,1.1213865639019487,1.1664885372829221,1.2103304305783837,1.2528364938271113,1.2939163619441343,1.3334710905540998,1.3714017931887088,1.4076158504489078,1.4420351778689822,1.4746026925130964,1.505279051951902,1.534039649847819,1.5608770879377318,1.5858038573499524,1.6088494753538218,1.630057162159755,1.649481101251666,1.6671846718144145,1.6832390463957256,1.6977210880330684,1.710709308970139,1.7222824402171386,1.732517910155556,1.7414870730393108,1.7492541772727526,1.7558772222844543,1.7614087205974265,1.7658961639588786,1.7693801881734506,1.7718931296171716,1.773461360614516,1.7741067015700873,1.7738485797535117,1.772706169340929,1.7706986219869296,1.767845195969344,1.7641669517092864,1.759688552558096,1.7544383921079076,1.7484487532661404,1.7417558313312704,1.7343999369461305,1.7264252548960284,1.7178795151106618,1.7088137392899623,1.6992816014730578,1.6893383595489226,1.6790405470778813,1.6684458714368127,1.6576130443302948,1.6466006364502093,1.6354658371896098,1.6242644172616936,1.6130508330104398,1.6018782931202806,1.590797907492761,1.579856930722066,1.5690986177519006,1.558562496271919,1.5482846185592138,1.5382977931724895,1.5286317654489687,1.519312955766555,1.5103641253798976,1.5018045405722988,1.4936500219617854,
2018-06-30,,0.6076267116278746,0.6505935426528292,0.6860578484680419,0.7263987647690096,0.7716966930215464,0.8200723118529273,0.8697638436930579,0.919518562072624,0.9685668278110491,1.0165073029337004,1.0631805035929276,1.1085567047132476,1.1526667092812362,1.1955451634466427,1.2372050145672335,1.27763014035129,1.316781190549382,1.3546020600655555,1.3910237858932288,1.4259742638222879,1.4593842650495383,1.491194469151503,1.521363172965855,1.5498635848413587,1.5766815913912937,1.6018183770566685,1.62529148644416,1.6471320105914296,1.6673805289371113,1.6860842234528521,1.7032957627401881,1.7190724369634156,1.7334740581632309,1.7465593579751468,1.7583853041798527,1.769005996923013,1.7784700048659048,1.7868203259120226,1.7940950790152144,1.8003280991572965,1.8055492648288356,1.8097835222603627,1.8130509250211646,1.8153685042868173,1.8167511935224576,1.8172140221848707,1.8167736506441683,1.8154483051654227,1.813257852130431,1.8102255338524156,1.8063791778543792,1.801751291171969,1.7963792108642502,1.7903047974223731,1.7835741056610306,1.776237027272871,1.7683469291529519,1.7599600648473372,1.7511344608898693,1.7419288479325308,1.7324024808270975,1.7226150969806502,1.7126267152778527,1.7024962455195083,1.6922804655851695,1.682034104949167,1.67180999529864,1.6616591431483236,1.651629711314147,1.6417656171305337,1.632106603485161,1.6226885246618183,1.6135436090838982,1.6047007010366123,1.5961854353975895,1.5880200374623925,1.5802232063807546,1.572810311317129,1.5657935318234733,
2018-07-31,,0.6715212025495214,0.7063048766669572,0.741889134507809,0.7829692000053083,0.828441781443769,0.8765348623567416,0.9257322920094891,0.9749788069103792,1.0236244797784297,1.0713034666834504,1.117835039509625,1.1631355316219723,1.2071670507829173,1.2498997891289367,1.2912921025273831,1.3312869442979853,1.3698189601562898,1.4068202544855695,1.4422257542998829,1.4759805283480185,1.5080446747030956,1.538399440746174,1.5670441854247221,1.5939926944030993,1.6192705624392347,1.6429138011566116,1.6649674012006856,1.685483264031296,1.7045163814377524,1.7221229350606462,1.738360061105378,1.753285642559416,1.7669568209417281,1.7794279154603163,1.7907503795589794,1.80097151562155,1.810132378167652,1.8182681439691741,1.825408846309174,1.831580001539429,1.8368028218035493,1.8410930953706484,1.844462045089225,1.846918653870341,1.8484706941361775,1.8491273470128062,1.8489004197583272,1.8478041297159962,1.845855274213767,1.843075158546581,1.8394904159897105,1.8351329891894306,1.830040045208481,1.8242534271168511,1.8178191298715356,1.8107869265101457,1.8032099574465748,1.795143914257183,1.7866457661857245,1.77777287805508,1.768582912924146,1.7591338079349437,1.7494834754044433,1.7396883046830467,1.7298024307993585,1.7198778694362258,1.7099646727649802,1.7001109630022642,1.6903619099700018,1.6807588086534673,1.6713392485597,1.6621373675173798,1.6531840848983446,1.6445073160883736,1.6361321127127533,1.6280805331227288,1.620371653614701,1.613021720304589,1.6060439992360673,
2018-08-31,,0.6921440763597907,0.7054125030588921,0.7329233678307934,0.7723314445960011,0.818517991767584,0.8677644216826265,0.9176968799706791,0.9669366604512005,1.0147680665221857,1.0608957865033437,1.1052775186503774,1.1480148645708321,1.1892632049735143,1.2291764142439887,1.2678757823462172,1.3054435099612856,1.341924411649114,1.377330040217144,1.411642417704637,1.4448238033364436,1.476824908036008,1.507596781422197,1.537094815320683,1.5652779721791803,1.5921100650431883,1.6175652693177014,1.6416285556424275,1.6642941337088326,1.6855647710666581,1.7054507136865444,1.7239685222165513,1.7411400563292163,1.7569909800121852,1.7715494533472538,1.7848455936589245,1.796909815635768,1.8077713060959117,1.8174580332562995,1.8259968990574884,1.8334138656101342,1.8397337118021841,1.8449790671655095,1.849171113644312,1.8523307031366216,1.8544789516197486,1.855638754623425,1.8558351664830353,1.8550951941560767,1.853448072972369,1.8509266521663275,1.847567736794742,1.843412319548234,1.8385055489485913,1.832896203114466,1.8266362558419387,1.8197805892137102,1.8123865785401547,1.8045131797685456,1.796219708389118,1.7875652429782662,1.7786086171841968,1.7694084354996498,1.7600226835194994,1.750507363226649,1.7409161105320956,1.7313003621347292,1.7217095171105368,1.7121908946549667,1.70278865421864,1.6935432114573887,1.684491457810245,1.675667001884148,1.6671003912669293,1.6588193156370008,1.6508486839515901,1.6432104150569562,1.6359234800442402,1.6290040245393247,1.622465135173708,
2018-09-30,0.752187288776864,0.7752269928202526,0.7977456470103591,0.8357393546666138,0.8839758835134269,0.937229322473791,0.9921715954502236,1.0468411214837845,1.100148298923305,1.1515685962988322,1.2009174790042663,1.24822116392413,1.293609857812008,1.3372463760021964,1.3792791020148465,1.419818916581774,1.458937729632355,1.4966728277441512,1.5330324080517128,1.5680015725042753,1.6015532774140495,1.6336534446041524,1.6642732750561378,1.693392229183047,1.7209964620937859,1.747079832788003,1.7716477395322452,1.7947163562135628,1.8163103562847236,1.8364605330762491,1.8552025773096832,1.872576310446691,1.8886248980386122,1.9033930984856067,1.9169260721201917,1.92926898378417,1.9404648164204419,1.9505529923961682,1.9595697249357595,1.9675484192637132,1.9745199972196754,1.9805124197858035,1.9855493629806158,1.9896512799771386,1.9928365733679543,1.9951226049634578,1.9965275390702406,1.9970707017599796,1.9967724832429032,1.9956550528118349,1.9937441490436054,1.9910694194215732,1.9876647944176808,1.983568400274684,1.978822058938824,1.973470898085354,1.9675630530755364,1.9611491145630258,1.9542810399924646,1.9470110942876773,1.9393914750730894,1.9314742453897222,1.9233110582267647,1.9149526944414963,1.9064482433839913,1.8978449980562353,1.8891885874545877,1.8805230977522174,1.8718909107836137,1.863331630824548,1.8548817204953956,1.8465747031524573,1.8384413642074255,1.830509936123645,1.8228062646230914,1.8153537719095239,1.8081731358607434,1.8012823374781515,1.7946967545026824,1.7884289816985361,0.3993813075219682
2018-10-31,0.7374743292510133,0.7240861759461554,0.7241031726506733,0.7453874893128666,0.7805353933922987,0.8234196848318306,0.8700891960273692,0.9181451211201437,0.9661902335394132,1.0134834886294977,1.059696436693254,1.1047550321043162,1.1487222112530815,1.1917074107092198,1.2338124389095024,1.275103978946684,1.3156105452459987,1.3553231503345065,1.394200945449671,1.4321757669047381,1.4691579441082834,1.5050450874175534,1.5397388235011973,1.5731470511143766,1.605182995870456,1.6357707913468587,1.6648538468616867,1.6923931524425273,1.7183654951005574,1.7427627572249258,1.765589790123665,1.7868623876994478,1.806605530963793,1.8248515489844956,1.8416388102714933,1.8570102474006294,1.8710096142126773,1.8836797353009078,1.895062567577916,1.9051993087357058,1.9141304306216003,1.921894466297695,1.9285264082917875,1.9340590277392273,1.9385238383966517,1.9419521898495078,1.944376792607774,1.9458318286763434,1.9463528476261927,1.9459776822892283,1.9447479547228457,1.942709261807275,1.9399115287308857,1.9364086413828006,1.932257520859776,1.9275176710090043,1.9222509233503458,1.916520626302241,1.9103900956305628,1.903921232478725,1.8971742605869615,1.8902077213748816,1.8830781813897977,1.8758396066853378,1.8685424737362892,1.8612338454619701,1.853957625703069,1.8467547876747317,1.8396633143746801,1.8327176186923233,1.8259485420108446,1.8193835991240763,1.8130472060850955,1.8069608895805946,1.8011434781205655,1.795611245094644,1.790378016416091,1.7854553167179883,1.7808524821672167,1.7765766988465501,0.27600915937848436
2018-11-30,0.7497129638123172,0.7487667032764708,0.7404951583686574,0.7462964576630804,0.7642659617861502,0.7905051299184903,0.8219636061729425,0.8566862661598524,0.8935111876072696,0.9317909729944416,0.9711980129164701,1.011606205412136,1.052997473554018,1.0953899010145183,1.1387918273250155,1.183176436660374,1.2284758560081623,1.2745770360914932,1.3213245833183425,1.3685221031079293,1.415940276071829,1.4633281852846933,1.5104320712194779,1.5569980423688106,1.602773062748451,1.6475165476136364,1.6910106686862223,1.7330583641873394,1.773489350380607,1.812165800532331,1.8489781140972694,1.8838405257926085,1.9166893710687676,1.947485962279212,1.9762151918175581,2.002881277082096,2.0275018469467536,2.0501050056679224,2.070727970979887,2.089415934910078,2.106220897815485,2.1211984581788066,2.1344051788231146,2.1458995381836377,2.1557422227506304,2.1639961871910276,2.17072673510293,2.1760013078759717,2.1798892977664077,2.182462255204138,2.1837941332043305,2.183961285758593,2.183042575929965,2.1811187648077497,2.178271453569371,2.174582822730277,2.170135495917903,2.1650113891775957,2.1592900484046873,2.1530477718478447,2.146357682020181,2.1392899004946915,2.1319115787450325,2.124286464697704,2.1164744461786396,2.1085317657487117,2.10051129273733,2.092462758613787,2.084432589825748,2.076463368848719,2.0685939428237328,2.060859682420208,2.0532927199504503,2.0459221681775532,2.038774307189242,2.0318725771125195,2.0252375392637822,2.018887031856304,2.012836202661808,2.007097395511603,0.18207800918212436
2018-12-31,0.7432927443827336,0.7403253356379202,0.7273607677167898,0.7302385543068562,0.7463632478994767,0.7713559040232353,0.8016788399679868,0.8351137740792481,0.8703986317704634,0.9068587467262846,0.944167423576562,0.9821956518505819,1.020904866897153,1.0602757494129977,1.1002656579669055,1.1407901670753053,1.1817245578549977,1.222907527416542,1.2641482392482672,1.3052381764943317,1.3459604765556505,1.3861027459331154,1.425467722934838,1.463871010782437,1.5011397812000673,1.5371203085154594,1.5716817436160992,1.60471331905234,1.6361271749622595,1.6658591864288357,1.6938654162763895,1.7201189882749504,1.744608617445269,1.7673388147892064,1.7883281907848563,1.807605708559996,1.8252052865526516,1.8411641825398917,1.8555225600409584,1.8683231250576438,1.8796104561026699,1.889428003005865,1.8978167234260632,1.9048166664164965,1.9104675928470787,1.914810315179119,1.91788759225628,1.9197439909258234,1.9204259166443902,1.9199831567406995,1.9184699302936157,1.9159450868493262,1.9124723716510696,1.908119777605605,1.902958760771895,1.8970638765254004,1.8905123927171232,1.8833830831460603,1.8757545945468763,1.8677043690835726,1.859308599263272,1.8506422225559558,1.841778679250103,1.8327884060551956,1.8237377940850374,1.8146894106254814,1.8057022844947366,1.7968321116737958,1.7881305571622832,1.7796442561981174,1.7714149926880174,1.7634800360544485,1.7558724504468806,1.748621378880853,1.7417522858073358,1.7352870421112214,1.7292440319833082,1.7236383631287369,1.7184819897649146,1.7137837911646614,0.163566002343551
2019-01-31,0.7503258159352455,0.7459424102655937,0.7407382740591187,0.7444745497935644,0.7572233265852018,0.7766486546743508,0.8006497780659522,0.8278059468632735,0.8572449897977718,0.8884544159914197,0.9211376548149803,0.955120154510663,0.990273504893846,1.026464549886747,1.0635301233080423,1.101272687539075,1.1394692509684243,1.1778792562297835,1.2162537269844496,1.2543465100527595,1.2919205692840625,1.3287611814073903,1.3646782893970377,1.3995015947602927,1.4330788853132868,1.4652838579748944,1.4960172311038464,1.5252030826421905,1.552789485463783,1.5787469112615635,1.6030646997460505,1.625748125805472,1.646816308925133,1.6663006813584307,1.6842431721846352,1.7006918518191516,1.7156956070874896,1.729303317008213,1.7415638531193531,1.7525260785146244,1.762238044119516,1.770743085643334,1.7780793284194203,1.7842819557612943,1.7893840974308155,1.793418459377245,1.7964181250635591,1.7984165443071924,1.7994478253753203,1.799548380913101,1.7987576815856336,1.7971184649386234,1.7946768782725209,1.791482336970559,1.787587359115421,1.78304729975052,1.7779200525670404,1.7722654908848532,1.7661443282365803,1.7596172689564855,1.7527449518123739,1.7455880309676375,1.7382069415065826,1.7306603007263406,1.7230041489116423,1.7152921103190333,1.7075755734774858,1.699903739518505,1.6923225714701045,1.684873868708415,1.6775954605535603,1.6705214819679874,1.6636826265946745,1.6571063791636744,1.6508171654658315,1.6448362095247315,1.6391815480265406,1.6338682118002874,1.6289082512371253,1.6243107607732026,0.13812860005617422
2019-02-28,0.7942619971315651,0.7983878193819217,0.7974019534620268,0.8058386190041632,0.8237167982435075,0.8479365190972099,0.8758904038449947,0.9059880477626945,0.9373852554875634,0.9696927437405337,1.002785028724677,1.0366663639466085,1.07137652704894,1.1069352965461832,1.1433135281075308,1.1804283952704686,1.2181468929890618,1.2562923536205093,1.2946524060570914,1.3329935502783417,1.3710721174516043,1.4086551114337522,1.4455265420250552,1.4814841046872729,1.5163408639444373,1.5499373515812127,1.582142085782672,1.6128486542238083,1.6419780305523428,1.6694764375803364,1.6953113171481244,1.719468131590661,1.741949137334673,1.7627725900311029,1.781970342016861,1.799582193674158,1.8156506466541265,1.8302201095724244,1.8433366535221336,1.8550477917162955,1.86540089515172,1.8744384499237836,1.8821982398453134,1.888715493634559,1.8940237760790732,1.8981566771575193,1.9011483853884754,1.9030336410616993,1.9038482520776907,1.9036310254284232,1.9024243755528913,1.9002747408689407,1.8972327407372263,1.8933530597007522,1.888694246290868,1.8833183762897785,1.8772906480411908,1.8706786211534392,1.86355088203316,1.8559762875017465,1.8480239113516699,1.8397630436937367,1.8312626716771634,1.8225896314785266,1.8138080362606281,1.8049794677059412,1.796163164825128,1.7874159438139472,1.7787906559199858,1.7703352948107842,1.762093275835662,1.7541037539644644,1.7464019155943855,1.7390192454756732,1.731983612099961,1.7253189113351106,1.7190450868218947,1.7131783603866189,1.7077313408948438,1.7027131610650692,0.17543074660896862
2019-03-31,0.6963872330053027,0.6511024653088452,0.6291505155111846,0.6212605261202908,0.6241729174230318,0.634391290522735,0.6494618427917469,0.6679157996006795,0.6889365688496203,0.7120951724779973,0.7371910795949962,0.7641463655518268,0.7929238435328217,0.8234766750011964,0.8557185865201525,0.8895176248801752,0.9246949688127355,0.9610298940202358,0.9982652926562959,1.036121365596813,1.0743049846890504,1.1125296467361978,1.1505200974922338,1.1880101910891103,1.2247477157149835,1.2605070158165472,1.2950880196482504,1.3283168781747607,1.3600532038601014,1.3901873841006056,1.4186356353347427,1.4453365270616474,1.4702520093196094,1.4933673680329895,1.5146876264107962,1.5342310215912338,1.5520243215541762,1.5681015184581129,1.582502902463396,1.5952742327900231,1.6064642405679919,1.6161201929540665,1.624288553456666,1.6310163068356731,1.6363513435789774,1.6403432189331444,1.6430431963297163,1.644504082756506,1.6447806180008113,1.6439305969138034,1.6420150727851162,1.6390987317144439,1.635249829292869,1.6305397090724834,1.6250424464508573,1.6188345959151833,1.611994661782281,1.6046019042636974,1.5967348957164826,1.5884710334858627,1.5798865920724785,1.5710566678565174,1.5620544553533953,1.552949545853908,1.5438077137067743,1.5346912018005912,1.5256589834393308,1.516766604162816,1.5080646760168974,1.4995984034929069,1.491407940779331,1.4835287424772838,1.4759918854900613,1.4688243614137317,1.462049181593643,1.4556852237008684,1.4497473881469685,1.444246857530114,1.4391913562600038,1.4345853784567386,0.015707939472694554
2019-04-30,0.760987766779554,0.7460999775311757,0.7323609729287565,0.7324653167209797,0.7440889480204721,0.7630954471596679,0.7865553133024947,0.8127696875305176,0.8408344886581666,0.8702967461185143,0.9009556143722541,0.9327328386387364,0.9655889568681428,0.9994738109018574,1.0342994979793276,1.0699378187990025,1.106222320400912,1.1429548896796105,1.1799146982941289,1.2168703182873493,1.2535918450939658,1.289864415102273,1.3254872371616369,1.3602709574608642,1.3940419113806488,1.426649561531867,1.4579641517048418,1.4878774127794472,1.5163058189891592,1.5431875979716199,1.5684792246351826,1.592153139182556,1.6141982337352763,1.6346189904988118,1.653432678823707,1.6706643638992023,1.6863441342831098,1.700506378811183,1.7131892352794245,1.7244340494554506,1.7342833493171508,1.7427783058413668,1.7499597769527504,1.7558690936084498,1.7605485545602455,1.7640421773173471,1.7663956616087915,1.7676562416828039,1.7678731748215788,1.767098617951893,1.765387680834469,1.7627985784403262,1.7593924062354336,1.755232665630045,1.750384977062925,1.7449168759565017,1.7388973083812551,1.732395540717153,1.725479834261861,1.7182171488873477,1.710673213431386,1.7029124914587985,1.6949973120749946,1.686986443362325,1.6789350846147044,1.6708951362568585,1.662915439944971,1.6550415514478625,1.647314634869323,1.6397713400025076,1.632444114622683,1.6253614962940541,1.6185483801924117,1.6120262611728302,1.6058133604931113,1.5999246690650475,1.594372126212649,1.589164810361099,1.5843091052174976,1.5798088632235143,0.10930897933896022
2019-05-31,0.6903402959885427,0.6483409299195988,0.6042187404094068,0.5773486910168971,0.5662691837003295,0.5661856961484575,0.5735816676957866,0.5862575673906479,0.6029053210853332,0.6227492187428123,0.6453324911444809,0.6703668581535323,0.6976396941987636,0.7269583626705588,0.7581209838866655,0.7909087435889861,0.8250822027874231,0.8603816826312793,0.8965314691290299,0.9332485997827715,0.9702526421797867,1.0072786739422317,1.0440756645799016,1.080404343107462,1.116044229214674,1.1508001268838848,1.1844990655501844,1.2169935281141118,1.2481647084255487,1.2779184882496264,1.3061814704993127,1.332899230779615,1.3580383306367643,1.381584968809844,1.4035409595833344,1.4239174923386042,1.4427324121991958,1.4600093205153115,1.4757768368860378,1.4900677324090865,1.5029154320327518,1.5143513051183657,1.5244067320493657,1.533113964111327,1.5405069399063587,1.546622099723718,1.551498224077759,1.5551762775231983,1.557700323767351,1.5591185084450092,1.5594831938768512,1.5588513189112838,1.5572839989220006,1.5548458898056297,1.5516048133881264,1.5476314285993786,1.5429983618512493,1.5377787080266816,1.5320446604372489,1.5258673266660472,1.5193167458547565,1.5124617524760144,1.505368958797524,1.4981016900926827,1.490720102706201,1.483281424122224,1.4758401486470951,1.468447517329676,1.4611503289819854,1.4539909575815846,1.4470076628326298,1.4402348200787105,1.4337028172370907,1.4274380739998058,1.4214632486497947,1.4157974333291836,1.4104563789267792,1.4054526796487121,1.4007959127464953,1.3964928140617416,-0.06759107724573044
2019-06-30,0.6370870174893947,0.672826643127074,0.621030151099543,0.5903119094883571,0.57642782466334,0.5734780755619361,0.5775659833754965,0.5864143513142261,0.5987689740586374,0.6139775906030487,0.6317370622027143,0.6519260056778929,0.6744988657281604,0.6994192623890223,0.7266235262696272,0.7560060222665134,0.7874099875914254,0.8206271876349944,0.8553991754725953,0.8914274152625454,0.9283903049462845,0.9659643093121268,1.0038258954019093,1.0416537758031448,1.079146242091567,1.1160311063602546,1.1520627672350714,1.1870302920967208,1.220761193249842,1.253115635982232,1.2839812246703024,1.3132709845638562,1.3409247455240896,1.3669064711220973,1.3911991915296025,1.413798612928456,1.434710472583106,1.453949213078903,1.4715368662313721,1.4875017792339666,1.501875242894956,1.5146898752727613,1.5259811770933913,1.5357877675973526,1.5441518035414592,1.5511191996886986,1.5567392693780695,1.5610644583988316,1.564150758028284,1.566057954080655,1.56684954086924,1.5665926835505646,1.565357553773849,1.5632165357118626,1.560243951609498,1.5565157736499504,1.5521084764491868,1.547097510175738,1.5415563626181796,1.535556587260345,1.5291679244359042,1.5224582711697427,1.5154927700841616,1.5083331659159254,1.5010380072826284,1.4936628888129453,1.4862606266822551,1.4788806537280228,1.4715681231693694,1.4643640525511603,1.4573056146450927,1.4504263339417216,1.4437560217679537,1.43732086989794,1.4311436265075048,1.4252437721380231,1.4196377230286297,1.4143389288384491,1.4093579175273165,1.4047024570776234,-0.023109426886345985
2019-07-31,,0.4864950818842192,0.4257226035147788,0.385959508885196,0.36377784091573784,0.35371936085003575,0.3521405087590875,0.3568522463028196,0.36655080134944273,0.38044521541966875,0.3980438616517708,0.41901920470396553,0.44312766067067827,0.47015111258336706,0.4998632413691009,0.5320153433857753,0.5663302938378063,0.6025016385988353,0.6401973960387346,0.6790705711446099,0.7187733845866079,0.7589650776566981,0.7993190935681421,0.8395251479111119,0.8792987354067248,0.9183829481288703,0.9565463046303546,0.9935916100581291,1.0293570686991975,1.0637106309403368,1.0965453223535326,1.1277780891016869,1.157350549706845,1.1852260144598357,1.211384914803272,1.2358201013443157,1.2585347872348087,1.2795411842755557,1.2988593484191573,1.3165158154883896,1.3325408915166026,1.3469682966066558,1.3598365959936647,1.3711890636667692,1.381073693865735,1.3895429804637467,1.3966534493281457,1.402465285217678,1.4070422071299955,1.4104512485913987,1.4127623933388203,1.4140481844725876,1.4143827869517398,1.4138411618815638,1.412498933873894,1.4104320933852459,1.4077156174253107,1.4044220357925392,1.4006208380160055,1.3963786617171323,1.3917595357669479,1.3868249829664512,1.3816335871370857,1.3762408657965182,1.3706994920155382,1.3650595099064535,1.3593684513267976,1.353670672704539,1.3480067594610832,1.3424137225512518,1.3369252489242076,1.3315718385025581,1.3263807431843802,1.3213760759773716,1.3165789114886493,1.3120074242222723,1.3076770710466774,1.303600728135395,1.299788817064676,1.2962494548292873,
2019-08-31,,0.47414245383838566,0.42131052751786613,0.38269462243395846,0.35556096734789605,0.3359268740792964,0.32139690405289606,0.3107601690633075,0.3034959602045345,0.29945838028916155,0.2986880124827663,0.30129462036869364,0.30738529361513517,0.31701651607172987,0.33017102542636834,0.3467483474982071,0.3665689044706329,0.3893764986030188,0.4148514746590172,0.4426298060760255,0.4723253389733576,0.5035458124858702,0.535905117984423,0.5690286951566591,0.602566421910658,0.6361934261651925,0.6696106403221187,0.7025568563200075,0.7348080966871339,0.7661715052395974,0.7964807382484446,0.8255968853316059,0.8534097806262354,0.8798342172426501,0.9048049815859118,0.9282725697027215,0.9502009120045969,0.9705656055877107,0.9893524136038787,1.0065554923701483,1.0221748669458153,1.0362173783646074,1.0486983704592325,1.0596413910863054,1.0690786697543595,1.0770506880222006,1.083605311627255,1.0887971257998925,1.0926871097700714,1.0953420845882706,1.0968338362834968,1.0972382109837322,1.0966332183680592,1.0950978306587023,1.0927118387446246,1.089555218702176,1.0857060943549488,1.0812396329368308,1.076227936391669,1.0707403292806117,1.0648439109453873,1.0586037688511925,1.0520825051607692,1.0453401849486934,1.0384345267574178,1.0314210802824564,1.0243532410136615,1.0172814428760564,1.0102527313599015,1.003310972825645,0.9964970708123049,0.989848927638926,0.9834011602945445,0.9771851020359723,0.9712286075134462,0.9655561213980653,0.9601888163597512,0.9551442589748326,0.9504362672898495,0.9460751254495952,
2019-09-30,0.6100782600232454,0.4989802398507377,0.4086030466338217,0.3479461610645842,0.30832077598042,0.28235618656809447,0.2656323570293498,0.25571929125154136,0.25131220355792255,0.2517289711225127,0.2566008390533518,0.26569245207743636,0.27879506340788396,0.2956647445661556,0.31600999989790063,0.3394910481129232,0.36572618240719135,0.39430015301086085,0.42477993751329196,0.4567312585730572,0.4897364263228994,0.5234008600515234,0.5573570699881386,0.5912664994506899,0.6248282917448964,0.6577757906719844,0.689876218694045,0.7209381156230211,0.7508075043518354,0.7793616634928249,0.8065046001297592,0.8321668922233535,0.8563047310402717,0.8788959534993226,0.8999338729926268,0.9194227884983008,0.9373763525937714,0.9538163407190253,0.9687715712862908,0.9822753575037815,0.9943613032005332,1.0050640177823433,1.0144203381169279,1.0224693360729007,1.0292524790668762,1.034813474095887,1.0391980348332794,1.0424538851817389,1.0446310621751675,1.0457818533424714,1.0459607342945905,1.0452241069967783,1.0436295787531482,1.0412355966908293,1.038101356682646,1.0342863910377034,1.0298496730011382,1.0248492856074554,1.0193424214912399,1.013385638352962,1.0070357084239911,1.0003496217721397,0.9933837099681723,0.9861934680642889,0.9788336172550167,0.971358162297813,0.9638201638376939,0.956270579174259,0.9487578394349229,0.9413280138049328,0.9340249492323116,0.9268899445678872,0.9199612430407977,0.9132739410090357,0.9068597005181046,0.9007468411963062,0.8949603442879912,0.8895211129850753,0.8844457721760991,0.8797469223001663,-0.3583492889007327
2019-10-31,0.7161465670327741,0.6220407973144998,0.539128042224901,0.48317158493151,0.44698214064624686,0.42363649317721896,0.4088591465967613,0.4002963350146865,0.39669724348577245,0.39744149270480594,0.40224117129594145,0.4109557983893604,0.4234796225696559,0.43967262751086894,0.45933619391855296,0.48220269305240365,0.5079417669965107,0.5361674519208675,0.5664588391713493,0.5983815955138281,0.6315084853680288,0.6654312316997445,0.6997665255548908,0.7341602876532994,0.7682954721258126,0.8018875754758834,0.8346874270863066,0.8664885126409799,0.8971217907864765,0.9264494529351551,0.9543612237309427,0.9807767421427854,1.005644545238002,1.0289371416637654,1.0506436032813564,1.0707651747044198,1.0893135551821602,1.1063095229894042,1.1217816369589564,1.135762316190656,1.1482831998431797,1.1593771662443497,1.169079655655976,1.1774288595063025,1.184466106093349,1.1902356352319996,1.1947843047531865,1.198161686385823,1.2004203933841355,1.201615916803486,1.2018064483165227,1.2010524510442704,1.1994158524763034,1.1969597195336037,1.1937481292558738,1.1898455402703647,1.1853157837269446,1.1802217028178954,1.1746251582246605,1.168587378259275,1.1621697718703725,1.1554335192895453,1.1484385150374818,1.141243281722524,1.1339050753087947,1.1264799742156515,1.119022480679977,1.1115842177694508,1.1042136861278478,1.096956481458656,1.0898554469192732,1.0829503072084512,1.0762773298690855,1.0698692855656595,1.0637553001365727,1.0579610240530761,1.0525086111541522,1.0474162030186882,1.042697940787511,1.038364212020273,-0.3187050743279682
2019-11-30,0.7257410222423482,0.6566128847722152,0.5849904431814407,0.5398666951157773,0.512987479634995,0.4969473297313571,0.48768370406551886,0.4831821513837445,0.4824954347393919,0.485239426381436,0.49130667229684755,0.5007068507328047,0.513465874793295,0.5295573556830018,0.5488817484075806,0.5712511178702167,0.5963970991500929,0.6239780895105939,0.6536008362272352,0.6848458834192777,0.7172905659461064,0.7505272552804694,0.784170915185838,0.8178683807832478,0.8513066400893831,0.8842074425505496,0.9163309660546455,0.9474797402234423,0.9774924265496606,1.006237813150276,1.0336116271320228,1.0595378416588463,1.0839663688528434,1.1068679742022314,1.12822700877711,1.1480379840324841,1.1663041732810653,1.1830364588172553,1.1982520826505125,1.2119704099663136,1.2242100789936186,1.2349927543209076,1.2443443533262033,1.2522957104557535,1.258883281742711,1.2641486659452799,1.2681380936763278,1.2709024193167608,1.272497181724217,1.2729820747520362,1.2724202963422984,1.2708777455004483,1.26842193407653,1.265121660390187,1.2610468292259749,1.2562675310293197,1.2508530323571423,1.2448716238458457,1.2383906909949014,1.2314772183424334,1.2241985986509973,1.2166217159248134,1.208811760554209,1.2008322272043839,1.1927450452532156,1.1846106723971486,1.1764874090887931,1.1684299763142791,1.160489440007573,1.1527134709017863,1.1451464699195004,1.1378290377139375,1.1307977063727401,1.1240849292898427,1.1177190515341693,1.111724537443426,1.1061219213069169,1.1009274445164274,1.096153193166829,1.0918073572433256,-0.24050159586091213
2019-12-31,0.7156414255315826,0.571242839489712,0.5405024759410884,0.5293010926039207,0.5290217095337767,0.5344927525224984,0.5430562912684814,0.5535243033083652,0.5654870173986816,0.5789360954133572,0.5940443055013589,0.6110404159172134,0.6301249226744429,0.651419935183853,0.6749574358366939,0.7006755960848188,0.7284286073734101,0.7579940358617436,0.7890915774189687,0.8214033725702359,0.8545928880502665,0.8883213032399596,0.9222549189866615,0.9560800067693238,0.9895106187103337,1.0222859977976446,1.0541810667720564,1.0850112236551768,1.1146260372340746,1.1429036245649087,1.169748981966644,1.1950963464736897,1.2189062919883538,1.2411594900579432,1.2618485475444758,1.2809750751946571,1.2985484636725277,1.3145848598217442,1.329105747595198,1.342133033136076,1.353687327627042,1.3637915173195845,1.3724715939914163,1.3797579009159051,1.3856858761208304,1.390295576970297,1.3936313149556239,1.395742225102041,1.3966825687637208,1.396511349477227,1.3952919249770803,1.393091150380791,1.3899784287087187,1.3860253900787813,1.3813055741577738,1.3758933113089644,1.36986255616945,1.3632863765731709,1.3562369802702676,1.348786084485993,1.3410051930697138,1.3329642576182155,1.324730679834578,1.3163694361861393,1.3079432644610902,1.2995127712286232,1.2911355210345596,1.2828647957129706,1.274749704762253,1.2668354825643975,1.2591635952131983,1.2517712855715644,1.2446915082263108,1.2379530219033168,1.2315805176541434,1.225594855506439,1.2200129433384694,1.2148474706753551,1.2101071024713517,1.205796730618364,-0.1367053301182254
2020-01-31,0.6608720716368864,0.5807382112556058,0.5097882323246706,0.46119777179752014,0.4292970975752241,0.40810096476378566,0.3938602832265746,0.38455732575730855,0.37917261154286347,0.3772500545964101,0.37862675793265427,0.38327681962626925,0.3912061650463032,0.4023942799167661,0.4167673544241203,0.4341881238249972,0.4544557981141775,0.47730659036549217,0.5024267421818953,0.5294686340987058,0.5580661236193192,0.5878481395526712,0.618445544693274,0.6495062524503686,0.6806997118300246,0.7117170754276394,0.7422863172400446,0.7721752603328497,0.8011850192687906,0.8291447368853849,0.8559128694812801,0.881381413946674,0.9054721031916797,0.9281301828654758,0.9493182528427933,0.9690134237710364,0.9872053558134228,1.003894605502337,1.0190905184010453,1.0328067304022963,1.04506038575765,1.055874036633657,1.0652755451821567,1.0732982419226471,1.0799807174808205,1.085366264900347,1.0895024460068594,1.0924409830846586,1.0942375189413376,1.0949512874592124,1.0946447705308515,1.0933829614502826,1.0912327272473006,1.0882626012782983,1.0845424689041336,1.0801425767016288,1.0751326174110871,1.0695813586427625,1.063556744937198,1.0571265354486492,1.0503585544854999,1.0433191936011834,1.0360726939173686,1.028681283751558,1.0212053334481341,1.0137033611024737,1.0062308082049947,0.9988389936327673,0.991575306355894,0.9844834831873103,0.9776036682479068,0.970972099617107,0.9646211551695849,0.9585793663813402,0.9528715403154733,0.9475189531702797,0.9425390948450443,0.9379454472441304,0.9337476978981942,0.9299519771125473,-0.28362201704047635
2020-02-29,0.5089295913880509,0.42944323295759024,0.37127972021930417,0.33530406153669146,0.31322416368873374,0.2991990686255987,0.29009915471470044,0.2844265458752019,0.28155805935591993,0.28132215509581127,0.2837670107427948,0.28902374895792315,0.2972123945900328,0.30839887798329574,0.3225757370780669,0.3396620946227995,0.35950401810559246,0.3818800852814621,0.4065141072775513,0.4330908236702962,0.4612721473694559,0.49070896457617175,0.5210493067585934,0.5519539388151243,0.5830992823851072,0.6141803866129943,0.6449266740325501,0.6751026313967567,0.7045018764658131,0.732942891957584,0.7602723301701817,0.786368550224131,0.8111375440093993,0.8345078538359846,0.8564262489334243,0.8768550817286194,0.8957701820078204,0.9131590767337141,0.9290187767125385,0.9433523388066684,0.9561691450417358,0.9674862346058629,0.977327703777378,0.9857241512582355,0.9927122418945952,0.9983344296447225,1.0026386528245717,1.0056785730695716,1.0075133172460833,1.0082070658780693,1.007828471997585,1.0064491076488578,1.0041424338388372,1.0009835824605364,0.9970487386137943,0.9924133485166745,0.9871510713093553,0.9813335967930609,0.9750308565504422,0.9683115684521094,0.961243291612839,0.9538914276550947,0.9463189671573875,0.9385866699593463,0.9307532366553393,0.922875273325355,0.9150061841590126,0.9071955626656685,0.8994894243502173,0.8919304523107845,0.8845579068550902,0.8774072079978696,0.8705099728483002,0.8638939674167274,0.8575832445647397,0.8515982988979444,0.8459557043308306,0.8406679585382317,0.8357437191757946,0.831188043934775,-0.22760743629223967
2020-03-31,0.0947304263264519,0.12019489618450446,0.13282727713312195,0.1395706210598819,0.1438255405597205,0.14692195528703678,0.14971561248492105,0.15289443138364725,0.1570508076443332,0.16271648626115034,0.17037544348708852,0.18045713993809517,0.1932851888556118,0.20906314177324076,0.22786080134521663,0.2496271597323209,0.2741939227755481,0.30129056713281677,0.33056278147238305,0.361595422051062,0.3939408895141296,0.42714076533053846,0.46074455345161114,0.4943412436890573,0.5275598435212016,0.5600726420367889,0.5916115810902733,0.6219635032935026,0.6509607211149696,0.6784741218156718,0.7044122421570926,0.7287194014701674,0.7513697066919137,0.7723563025513784,0.7916838380366207,0.8093665682772708,0.8254270564172881,0.839895013374788,0.8528035134202882,0.8641824301994205,0.8740608969935112,0.8824702687983351,0.8894443617330428,0.8950199427561142,0.8992372224922646,0.9021403473053462,0.9037776455817509,0.904202500485372,0.9034733152945426,0.9016536243480416,0.8988116641401628,0.8950190420085019,0.8903500048640501,0.8848811710187472,0.8786907622430856,0.8718569697366012,0.8644568677068224,0.8565661683091279,0.848259494452202,0.8396111739590408,0.8306945632486216,0.8215796252535437,0.8123325410842038,0.8030160007448816,0.793689469981996,0.7844090479565325,0.7752260407245309,0.7661865331041591,0.757331745284219,0.7486983793133101,0.7403189196920741,0.732221904821534,0.7244323489907025,0.7169723608139331,0.7098614369588426,0.7031163297281965,0.6967498625769233,0.6907705310997558,0.6851827579378108,0.6799871483986609,0.06798605993469845
2020-04-30,0.04094616418048882,0.0507596456711018,0.040663302396284635,0.03472511876286545,0.03398528517100186,0.036396170111776226,0.040673395541545955,0.04629232447793445,0.053171421181861564,0.06144457627119252,0.07133553243083789,0.08306334424147034,0.09677211080305134,0.11252139139276325,0.13028548160960698,0.14996868089834983,0.17141118402880604,0.19439372315354225,0.21864394863866016,0.24385028896006417,0.269681049770512,0.2957973185213331,0.3218720691447293,0.34761436394904627,0.37276700364868626,0.3971110925648225,0.4204761126542618,0.4427340348301914,0.463791997212437,0.48358693964567545,0.5020832876692466,0.5192699724777763,0.5351554058494165,0.5497578143005435,0.5631002503189754,0.5752097953346156,0.5861170152678188,0.5958553362698892,0.6044570113542361,0.6119480239482658,0.6183511283093694,0.6236879878387592,0.6279794087612282,0.6312456090521485,0.6335073359879871,0.6347868263329653,0.6351086895056813,0.6345012465526113,0.6329967663172581,0.6306320561837239,0.6274482145877608,0.6234898951721127,0.6188048664149757,0.6134437013594299,0.6074590448199298,0.600904532699524,0.5938342601949352,0.5863026505379159,0.5783647951958167,0.5700774384733123,0.561498059807661,0.5526829210747382,0.543686832468319,0.5345632654283256,0.5253644493859887,0.5161410167930275,0.5069408046219583,0.4978086376711322,0.4887865415736131,0.4799139162569053,0.47122743594536587,0.4627609554704204,0.4545455888443921,0.4466097419218299,0.43897925653791303,0.43167685924457855,0.42472019265448463,0.4181214264078111,0.41188759405660036,0.4060209210276122,0.020498412090703702
2020-05-31,0.017690313251331333,0.013280102528190861,-0.008484548195601462,-0.0264625601384152,-0.03835984940282576,-0.045366001468471494,-0.04828462849070835,-0.04748332372696742,-0.04316601833668024,-0.03547126990988313,-0.02451358041248171,-0.010421736710887364,0.006622909636726735,0.026388693781367423,0.048598332227744866,0.07293883157906486,0.09906824955985909,0.12662335671082658,0.1552297814505937,0.18451293997089027,0.21411512342597114,0.24370254580676523,0.2729761321821436,0.3016833114600667,0.3296114725017649,0.35658811862665435,0.38248184520562145,0.40719585071683034,0.43066197619921714,0.4528364905221993,0.4736980053492182,0.4932446386789294,0.5114893987732997,0.5284524660965916,0.5441581749772276,0.5586344031903895,0.5719120931138637,0.5840245053422548,0.595002567820399,0.6048711806149814,0.6136522742184253,0.6213661762816602,0.6280314172970674,0.6336646678907779,0.6382820486568629,0.6419000698336187,0.6445374034295172,0.6462167005788101,0.6469650951951476,0.6468151033294555,0.6458043205268059,0.6439748230670203,0.6413727214603233,0.6380477358944444,0.6340521793869446,0.6294395150477812,0.6242633110499175,0.6185770650399846,0.6124345877175131,0.6058906720385216,0.5990003120952528,0.5918176892771488,0.5843961264966876,0.5767881552554529,0.5690455597277233,0.5612188927048383,0.5533564865929472,0.5455043861302247,0.5377065133117047,0.5300047684795336,0.5224388336334314,0.5150460676258432,0.5078612485155433,0.5009162731314964,0.4942402700038478,0.48785891260964426,0.48179286040880803,0.4760576886797929,0.4706642087499597,0.4656187832763088,-0.05316158316121446
2020-06-30,0.055713427833716835,-0.00980106872986151,-0.045821105440322384,-0.06967881111327649,-0.08247438687288197,-0.08781267127434822,-0.08770214795069779,-0.08312885650441085,-0.07463577608507027,-0.06257468044025757,-0.04722119835227102,-0.028843312578740055,-0.007721497104104578,0.01584931532197067,0.04156477070440699,0.06911706054140246,0.09820182902260874,0.12852151697186864,0.15978424469608898,0.19170148925717853,0.2239871735361997,0.25635755044034325,0.28853976690010036,0.32027841749956637,0.3513347432696272,0.38149897831646834,0.4105966292704516,0.43848289736307694,0.46503765872679,0.4901655437201608,0.5138014780423628,0.5359082636137577,0.556470969945598,0.5754904869176363,0.5929804862960998,0.6089656417667544,0.6234801421500762,0.6365660029905527,0.6482686161681894,0.6586341308779161,0.6677102888776326,0.6755463530357706,0.6821916563553732,0.6876947212082896,0.6921038173987263,0.6954674013262634,0.6978355070470081,0.6992607305033194,0.6997986050372476,0.6995080315334004,0.6984503090909632,0.696687867352716,0.6942840146339689,0.6913026693083877,0.6878067309195192,0.6838563835774105,0.6795084920391361,0.6748167735139591,0.669831857298062,0.6646012367071261,0.6591693539400848,0.6535776466688714,0.6478643626858503,0.6420646107069835,0.636210609246965,0.6303321387770786,0.6244570485745622,0.6186114440708622,0.6128198136126143,0.6071052347894518,0.6014898736358338,0.5959951864799372,0.5906415485097534,0.5854479781274509,0.5804321713783362,0.5756100051489417,0.57099482058659,0.5665974654460368,0.5624264518462628,0.5584880842437101,-0.1182881082739744
2020-07-31,-0.001200510539079433,-0.02185038331492097,-0.06083696425109861,-0.09372690040175706,-0.11758972697104872,-0.1329423424279883,-0.1407375550511427,-0.14190341472087353,-0.1372969488022503,-0.12768582399300077,-0.11375466466553927,-0.09611333295588642,-0.07530076028204398,-0.051791284382938285,-0.026006196645826107,0.001679760576313034,0.030934157861018118,0.061458165512913436,0.0929750075417743,0.1252193538685038,0.1579303813560891,0.1908475538846577,0.22371683357826996,0.2562968563673147,0.28835983750381555,0.3197034978774763,0.3501536699786338,0.379559519092481,0.40778981056399344,0.43473559656109484,0.4603156975001261,0.48447373646583125,0.5071734390902356,0.5283942435273954,0.5481288325576186,0.5663812938720347,0.5831655769595993,0.5985034586555265,0.6124199791232485,0.6249425234815618,0.6361026084342389,0.6459356998158657,0.6544805971899658,0.6617792855017275,0.6678774420607329,0.6728245165646284,0.6766744690456309,0.6794859311521771,0.681321981411482,0.6822497929273603,0.6823390376442234,0.6816605065340343,0.6802859070399561,0.6782873847908095,0.6757353644836994,0.6726965095707923,0.6692329908336192,0.6654027353926721,0.6612592201579731,0.6568513206815314,0.6522237048936451,0.6474171923843388,0.6424690213677189,0.6374131159271778,0.6322803794572115,0.6270993166076994,0.621896581449971,0.6166971445590266,0.6115244165405977,0.6064004635627691,0.601346399962077,0.5963824590955533,0.5915275890601771,0.5867992824874289,0.5822136121227115,0.5777847801265146,0.5735247151835273,0.569443172661907,0.5655478721649548,0.5618445946535471,-0.12648531345392133
2020-08-31,-0.03361678806209947,-0.04420509174619945,-0.060842032960304805,-0.07268253163389157,-0.07708808638109613,-0.07401913997521212,-0.06417964262410913,-0.04848929797869216,-0.027845583643351275,-0.003050576401360228,0.025197572257185143,0.05628634474532842,0.08967155110913407,0.12486863015681596,0.16144333829915675,0.1990124370953899,0.23724573008385635,0.27585929886234195,0.3146042796169968,0.3532547086709612,0.39159687323604025,0.429424641144154,0.4665454087093603,0.5027822244034474,0.5379745634636278,0.5719874140701922,0.6047108759464527,0.6360557461935574,0.6659503531425301,0.6943425841644113,0.7212020650847124,0.7465170660693551,0.7702887558677086,0.7925261668068246,0.8132447546299149,0.8324655063540092,0.8502141788310171,0.8665192415865497,0.8814069849273013,0.8949029762340679,0.9070353344889633,0.9178349535126203,0.9273358553628794,0.93557568743884,0.9425964956456018,0.9484449391973471,0.9531733694935366,0.9568399002127177,0.9595083062711451,0.9612475002264363,0.9621292911903914,0.9622269408073694,0.9616149599327402,0.9603682659185134,0.9585594338984347,0.9562566877706307,0.9535234413549808,0.9504185573214958,0.9469959718993043,0.9433045743607774,0.9393885077773603,0.9352874094274093,0.9310365444304655,0.9266670991120256,0.9222065655578741,0.9176794869336051,0.9131079865812779,0.9085119617065321,0.903909252941975,0.8993160570519608,0.8947475739189898,0.8902181141209478,0.8857408924466308,0.8813279981804095,0.8769904156287155,0.872737741593636,0.8685780334373696,0.8645178949344358,0.8605625682535877,0.8567159785104836,0.030566211660739244
2020-09-30,-0.010873550910256831,-0.013334590720723944,-0.031917252667065556,-0.05384545239246625,-0.07151993205744443,-0.0822259646010796,-0.08549434419061096,-0.08174494360557424,-0.07170074688082591,-0.056157233875345144,-0.03590762871465911,-0.011695970941902075,0.01579815304106585,0.045964844098306555,0.07825448246268814,0.1121776338915317,0.14729941309302924,0.18323238964532074,0.21962942723985232,0.2561767450911783,0.2925894031190389,0.3286086613279066,0.36400670998000234,0.3985832778805376,0.43216488515258855,0.46461020707704836,0.4958066435140444,0.5256652040686525,0.5541168968513167,0.581112928148047,0.6066246558239324,0.630642425382111,0.6531688641812824,0.6742133488187595,0.6937908085145809,0.7119209539139097,0.7286275864523464,0.7439361825027724,0.7578698106592383,0.7704517635476138,0.7817081400980792,0.7916679788573924,0.8003636656342437,0.8078315558545639,0.8141126509547922,0.8192528448344081,0.8233038308370821,0.8263229613377084,0.8283730868100744,0.8295218172137782,0.829839433987269,0.8293978799961756,0.8282705612851009,0.8265312874228192,0.824251691290443,0.8214993492315988,0.8183374505021062,0.8148249399446366,0.8110159344028313,0.8069596589755201,0.8027007547976054,0.7982793983643534,0.79373132804642,0.7890881450218937,0.7843777592030167,0.7796252192310702,0.774853180439575,0.7700820878373326,0.7653303629519006,0.7606150205360642,0.7559524240177764,0.751358326938689,0.7468476815438148,0.7424346306726457,0.7381324153748264,0.733952786970595,0.72990579655934,0.7259998951377569,0.722242034416006,0.7186376455355272,-0.045283682965088314
2020-10-31,-0.00722888846166133,-0.026418827763246167,-0.038956581747740346,-0.053193755092909877,-0.06332677450660626,-0.06732669490447733,-0.06497126552663811,-0.05668071935992022,-0.043049364401535756,-0.024727278457132927,-0.0023507466625460123,0.023489194163105614,0.05225136969456547,0.08343602239774928,0.11657581111295302,0.15123538073257975,0.18701397304619605,0.22354483523843477,0.26049375335253705,0.29755610463289384,0.3344531232762058,0.37093000998285497,0.4067618040519961,0.44174980129549635,0.47572285359256516,0.5085419291864459,0.5400956870441675,0.5702955360643543,0.5990727291699611,0.6263799960908043,0.6521914999405941,0.6765010686631353,0.6993145489576899,0.7206452307512585,0.7405126894502895,0.7589419129574208,0.7759624345298863,0.791604877072298,0.8058969872431475,0.8188663369496799,0.8305419420722108,0.8409541773445209,0.8501347702621107,0.8581176584287487,0.8649396979592199,0.8706413236415628,0.8752676164725498,0.8788683031768979,0.8814979572163496,0.8832153578320312,0.8840820483882396,0.8841617498257561,0.8835201075750733,0.8822235351676588,0.880337039811887,0.8779225697989981,0.8750388192593166,0.871741202121531,0.8680812657970508,0.8641066760607097,0.8598614035206532,0.8553858279907561,0.8507168554828958,0.8458881778418726,0.8409307070709839,0.8358733176878002,0.8307431637951442,0.825565807480262,0.8203653737447304,0.8151650622266001,0.8099875892682331,0.8048549733193534,0.7997881184551282,0.7948068062326094,0.7899294839067691,0.785172515303275,0.7805500491570625,0.7760741578238248,0.771754965992213,0.7676005771521538,-0.017498389995471597
2020-11-30,,-0.02104066769303291,-0.018181239366091263,-0.020028291374261348,-0.020669424051942588,-0.017661990467704808,-0.010179087220017256,0.0018721776841704027,0.018242810271563638,0.038507758052126986,0.062170319785452004,0.08873357889089929,0.11772340379002072,0.14869625057376473,0.18123877899131993,0.21497290079695616,0.24955658648665716,0.2846825326542549,0.32007224529349615,0.35547019972877875,0.3906395448131364,0.4253624020651573,0.4594425865241417,0.49270617406155676,0.5250042890851485,0.5562150659056259,0.586239324864169,0.6149965373984804,0.6424232194383916,0.6684754262003755,0.6931287401437143,0.7163761046212923,0.7382201201808961,0.7586696074773999,0.7777386852632718,0.7954460345416878,0.8118140232607309,0.8268649706522129,0.8406185478010811,0.8530950144372337,0.8643163763361662,0.8743065498867008,0.8830917608089964,0.8907017729651888,0.8971705178837122,0.9025368616635521,0.9068454179461737,0.9101464354092386,0.9124958696847373,0.9139543107914928,0.9145852567418905,0.9144545637635668,0.9136301167378938,0.9121802232321922,0.9101712345504516,0.907666077176609,0.9047242343266791,0.9014015256279874,0.8977493846352582,0.8938149638647637,0.889641414854173,0.8852680526255333,0.8807305562249977,0.8760612539671377,0.8712895937502272,0.8664427835567345,0.8615460480510121,0.8566227747471508,0.8516946953587193,0.8467823252036109,0.8419052470905852,0.8370819454171934,0.8323295993710901,0.8276641315713013,0.8231000224122926,0.8186498554166194,0.8143243205785017,0.8101323352804229,0.8060811509829873,0.8021762716184316,
2020-12-31,-0.15540138994978087,-0.15036456556293612,-0.14310105743887,-0.13525223406083486,-0.1280293419405441,-0.12027731490904431,-0.11066602735444699,-0.09831900985533992,-0.08283507344901525,-0.06418597359669706,-0.04257189448458716,-0.0183001409253167,0.008283576427062721,0.03682515309959061,0.06697543530209628,0.09839990613016154,0.1307808133470706,0.16381932762928006,0.1972368644906086,0.2307767852368233,0.26420289628134536,0.2973023594806458,0.3298885725059833,0.3618006567917604,0.3929038395237239,0.42308797642175155,0.45226319319112007,0.48035630398364415,0.5073093631856856,0.5330803851975404,0.5576446187444505,0.5809927467138786,0.6031216219227946,0.6240316222314268,0.643726138351613,0.6622111552672635,0.679494220130227,0.6955792422115351,0.7104651989091605,0.7241507669889743,0.7366354232992842,0.7479198215984925,0.7580065588822771,0.7669021831224433,0.7746180000073638,0.7811719101644468,0.7865895228040309,0.7909044180079404,0.7941585402691993,0.7964010747780602,0.797687150670491,0.7980771926117787,0.7976362504567586,0.796432169396995,0.7945329459809315,0.7920048550218699,0.7889123235432849,0.7853172716113831,0.7812782194980765,0.7768502678701783,0.7720852264348166,0.7670317510703548,0.7617355398124425,0.7562395626891542,0.7505842744997605,0.7448078092324489,0.7389461537644445,0.73303330553416,0.7271013773512274,0.7211805689566323,0.7152991636107986,0.7094831387673664,0.7037559197539716,0.6981385045766466,0.6926492598269238,0.6873035981301506,0.6821141031666512,0.6770907109972897,0.6722408724499613,0.6675696197625053,0.0912154163530838
2021-01-31,-0.13670830866788414,-0.11305752084293137,-0.10244961396500223,-0.09563940031406254,-0.08744660877078106,-0.07569908980056585,-0.05968563084505633,-0.03939177600598415,-0.015159634310415242,0.01250174345337135,0.04303439274340302,0.07589637062931838,0.11058704902319384,0.14665097620221806,0.1836784032329964,0.2213065449142799,0.2592170971019379,0.2971330666752288,0.33481185680722286,0.37204091896345337,0.40863287995975095,0.44442504413276757,0.47927859438825904,0.5130767705179581,0.5457258991248614,0.5771536233773582,0.607305044141698,0.636139671898318,0.6636303774462217,0.6897636234870576,0.7145402121395714,0.7379717871687254,0.7600733625101365,0.7808618754938799,0.8003559112552235,0.8185754714002188,0.8355407996512458,0.8512675879879604,0.8657672461866471,0.8790508353667514,0.8911297397585471,0.9020159823849004,0.9117229789373574,0.920267164052462,0.9276685954477364,0.9339526422415645,0.9391506087582111,0.9432998751940705,0.9464438862020516,0.9486310410488658,0.9499136801864623,0.9503476608658487,0.9499917598298878,0.948905928692425,0.9471493454763521,0.9447794392172346,0.9418519150266915,0.9384204371454112,0.9345363403932833,0.9302486820788763,0.9256043472251957,0.9206481504847638,0.9154229778285103,0.9099699339879064,0.9043284491572238,0.8985363772190937,0.8926301109554589,0.8866446881113577,0.8806137952545388,0.874569592293121,0.8685426182534698,0.8625612866043139,0.8566516887314128,0.8508376833749217,0.8451404688850774,0.8395781993599111,0.8341661333635351,0.8289168195372772,0.8238402473890235,0.8189437856704147,0.1492100521212555
2021-02-28,-0.05215258232605123,0.002912986947301282,0.0503787476563237,0.0942820820770653,0.13842290725431244,0.18449007259806927,0.2329304532723788,0.28358562535618104,0.33599037523977265,0.389559479503728,0.44370616996746026,0.49790340510592873,0.5517015591608607,0.6047182437826472,0.6566336528167543,0.7071903460999188,0.7561906728339306,0.8034903783036507,0.8489821065616425,0.8925859912789906,0.9342441599098518,0.9739171545111063,1.011584437544,1.047244321498683,1.0809123207201092,1.1126185416532999,1.1424049923838349,1.1703233838467182,1.196432531336848,1.2207965528906497,1.2434862887850842,1.264575266414201,1.2841340257541438,1.3022300038361976,1.3189279780207002,1.334290420850597,1.3483762417690706,1.361236094510554,1.3729138048662868,1.3834498207999257,1.3928821111956222,1.4012472042093291,1.4085814220798332,1.4149224647720606,1.4203098899422126,1.42478600385314,1.428395938224168,1.431187052576729,1.4332083770316675,1.4345095987709238,1.435140346923344,1.4351495253484523,1.4345848151233664,1.433492297736187,1.4319154837600487,1.429894882727606,1.427468210923408,1.424670481755192,1.421534139006203,1.4180892919571018,1.4143640452637778,1.4103849278821958,1.4061770770071769,1.4017643907428292,1.3971699162383246,1.3924161120444492,1.3875249024108884,1.3825177165235467,1.3774155227285025,1.372238857259299,1.3670077487795103,1.3617413717332294,1.3564579541476116,1.3511747548880015,1.3459075497452364,1.3406703277548753,1.3354753853647934,1.3303334349169225,1.325253656180227,1.3202434524608502,0.44171206182977923
2021-03-31,-0.03277637889262957,0.00587297307742643,0.03635363458129081,0.07251766887454995,0.1152570176941545,0.16361237384309146,0.2163804585116538,0.27242009493511604,0.3306575372660909,0.3901134998261341,0.44994081286975457,0.5094477327819182,0.5680860229151143,0.6254239083736682,0.6811203818476402,0.7349167015330396,0.7866268024558358,0.8361249458939439,0.8833302689176493,0.9281940618331405,0.9706914393762196,1.0108196076366867,1.0485977907406505,1.0840650364537412,1.1172780712989123,1.1483083287512825,1.1772392282080912,1.2041637690838172,1.2291808279878593,1.2523933855619427,1.2739099431282515,1.2938357003431273,1.3122658594089034,1.3292866440587552,1.3449765821951531,1.3594074927935638,1.3726418931981892,1.3847266561096894,1.3956968904838827,1.4055804067021758,1.4143991274723127,1.4221706594969519,1.428910733275016,1.4346357805839058,1.439364245081007,1.4431189162667393,1.44592727159772,1.4478216186910684,1.4488388204952742,1.4490195586315382,1.448407780583444,1.447050167498571,1.4449957238407505,1.4422951163910087,1.438999047765006,1.4351575961436212,1.4308201111426555,1.426034657960878,1.4208477527879697,1.415304274599553,1.4094474873995122,1.4033190878875264,1.3969593178952322,1.3904070232266375,1.3836995232589029,1.376872616002193,1.3699606885558044,1.3629968004217474,1.3560124148656008,1.3490369973970704,1.3420979002609295,1.3352200578772846,1.3284260318678514,1.3217360426991118,1.3151675550952011,1.3087351868633024,1.3024508858033752,1.2963241006590638,1.2903618867012094,1.2845688186795576,0.42288987871876366
2021-04-30,0.02475712300750243,0.023955151737527387,0.04255130309386391,0.07590688825832269,0.11958502757116671,0.1701694646173788,0.22531641373586392,0.28340415803278063,0.3431802713388446,0.40362754170785,0.4639290378163091,0.5234515199077495,0.5817107741058619,0.6383277953816263,0.6930029420884366,0.7455036982414368,0.7956578805765917,0.84334301015379,0.8884767878703442,0.9310110795761654,0.9709298590158012,1.008248069188934,1.0430128818136777,1.0752987048980645,1.10520057471123,1.1328300065075505,1.1583119396522916,1.1817812350154842,1.203375668451063,1.223234201027446,1.2414983419980434,1.2583004306371686,1.273758600665289,1.2879786559715973,1.3010558320184806,1.3130760000587252,1.3241114384562014,1.3342150467831497,1.3434259500698682,1.3517735577659218,1.3592792158863276,1.3659579692822594,1.3718212875475115,1.3768792384178044,1.381141938130638,1.3846213867583652,1.3873317332381672,1.389289505010882,1.3905135003197908,1.391024559625271,1.3908454279168776,1.3900007728871495,1.388517107303633,1.386422438883159,1.383745477115108,1.3805153710545508,1.3767617011432487,1.3725145329932589,1.3678043783903209,1.3626621438527176,1.3571193832986095,1.351208524800169,1.3449628243672227,1.3384162474321208,1.3316032622623695,1.3245587550036209,1.317317997964591,1.3099165561946142,1.3023895993757966,1.2947712815229215,1.287094345571005,1.2793895433317957,1.271685651420634,1.2640092318419014,1.2563836979417966,1.2488291787805097,1.2413627282514066,1.2339985200564871,1.2267478770868094,1.2196190026486822,0.37887041870034754
2021-05-31,0.011954758019214659,0.014654838583782895,0.030352717307274,0.05825109806476882,0.09640438314257072,0.14204165122355208,0.19296488368293505,0.2475438457743961,0.304463827958616,0.36263035311156216,0.42116711433643095,0.4793977000382512,0.5367997286153101,0.5929575426748475,0.6475306603759249,0.7002434312861114,0.7508749295399284,0.7992557674554261,0.8452614294596422,0.8888070997107029,0.9298483811231271,0.9683764594876748,1.0044181974730984,1.0380283864694833,1.0692817980958496,1.0982691031435488,1.125093911035278,1.149868812616294,1.1727084124084852,1.1937281177204462,1.2130438209242183,1.2307642147621984,1.2469889624780357,1.2618099766659885,1.2753125265065506,1.2875758495625,1.2986700294402675,1.3086537550670518,1.31757840903726,1.325490122659627,1.3324305002878278,1.338437413304757,1.3435466098558075,1.3477927739427757,1.3512105003158514,1.3538352358963175,1.3557033170605144,1.3568519259419622,1.3573188796852644,1.3571422952263807,1.35636047659341,1.3550118345257833,1.353134764940849,1.3507670406418102,1.347944852547626,1.344702738466321,1.3410735824269917,1.337088470946511,1.3327768461599647,1.328166703715118,1.3232846436804186,1.3181561207113839,1.3128059568416557,1.307258503591983,1.301537702567703,1.2956671216029032,1.289669982656492,1.2835691548183046,1.2773869624080083,1.2711450543664606,1.2648641357945158,1.2585636719375393,1.2522619222526707,1.2459756776186262,1.2397196519138116,1.2335064636208903,1.2273467712766313,1.221249393516939,1.2152212345752529,1.2092670094291413,0.3506755950923475
2021-06-30,0.017443151407530576,0.022248225716005512,0.04609213022759979,0.08157668102247428,0.1234356782400807,0.16862271826096079,0.21567357300080497,0.2638583094054049,0.31270208801107274,0.36183719322923846,0.41096967818801944,0.45986350741314813,0.5083169185553286,0.5561413419969841,0.603153944753805,0.6491775334873632,0.6940456690556587,0.7376004150075638,0.7796973156890299,0.8202061771791161,0.8590153896895939,0.8960364789881002,0.9312043939660267,0.9644785197331677,0.9958417410581368,1.0252961669337988,1.052859586426303,1.078563332734192,1.1024514764194944,1.1245794277046137,1.1450107123127988,1.1638113175946614,1.1810482248068965,1.1967892563436733,1.2111029555397972,1.224058102223886,1.2357206530199176,1.2461523297104748,1.255412314693683,1.2635578092899338,1.270643582126053,1.276721866343858,1.2818432567522537,1.2860572525095728,1.2894129536656078,1.2919595463226352,1.293746180156995,1.2948217550668193,1.2952345268960994,1.2950316132348114,1.2942588181180295,1.2929604154811218,1.2911790355389505,1.2889549649942904,1.2863253741646152,1.2833244497107466,1.2799834156014258,1.2763304673711366,1.2723911109804316,1.2681885226620055,1.2637439035032354,1.2590770530713118,1.2542070301424433,1.2491525521931452,1.2439323811834146,1.2385653703360333,1.2330704574436888,1.2274666826391627,1.221773286546888,1.2160097055952297,1.2101952180034712,1.204348674847559,1.1984884776940492,1.192632018208091,1.1867949011102201,1.1809909401879122,1.175232274536493,1.1695294579142383,1.1638912251188063,1.1583241250756804,0.3443940418217079
2021-07-31,,0.023323737595756955,0.04300586484214103,0.07109842543021526,0.10373905604097007,0.13863236104973276,0.17475316496642682,0.21162975651206903,0.24899926808862796,0.2866687974059428,0.32448396164891075,0.3623184514079829,0.40005649266763393,0.43757695890862586,0.4747459491080652,0.5114172761638892,0.5474363628549301,0.5826471994830612,0.6168979402130395,0.6500455265980895,0.6819629113628314,0.7125423210202834,0.7416978846537299,0.7693690581048204,0.7955193868464413,0.8201320016500662,0.8432060890254074,0.8647560550625772,0.884812057445621,0.9034180200777742,0.9206260719987797,0.936489680825589,0.9510625649454933,0.964398655843341,0.9765520613989095,0.9875751855060915,0.9975141997205957,1.006411312548923,1.0143058434786953,1.0212346229648548,1.027232463330908,1.0323326676828894,1.036567709412855,1.0399696140480337,1.042570712697928,1.0444039971084875,1.0455031497273413,1.0459025288293728,1.0456368669088252,1.0447409988313145,1.0432497518104045,1.0411978413905703,1.038619716259705,1.0355490096208295,1.0320181340527146,1.0280583463623465,1.0236997990191847,1.018971636609339,1.013902335575871,1.0085199969618273,1.0028526996478093,0.996929025678724,0.9907784511784252,0.9844310769412365,0.977917349107944,0.9712680132685632,0.9645140886793566,0.9576866080214602,0.9508159201928119,0.9439314063594613,0.9370609450927053,0.9302306814650279,0.9234650575559241,0.9167861232306949,0.9102129114876747,0.9037615677036307,0.8974455371416625,0.8912757052088564,0.8852602057789105,0.8794042459721745,
2021-08-31,,0.09977458290309806,0.13158940727929178,0.15816804343800306,0.18511883787993744,0.213648086747678,0.24403366876002672,0.2762368977154506,0.3100706831266736,0.3452693724761872,0.38154940250090996,0.41863522805552006,0.4562610393459814,0.49416497155338923,0.5320900047853789,0.5697871325345236,0.607018919232517,0.6435622751518895,0.6792147879486606,0.7137951025342846,0.7471487423507551,0.7791502510519496,0.8097020819765292,0.8387347687280419,0.8662033539392582,0.8920827090302968,0.9163639887706877,0.93905327661881,0.9601708058783425,0.9797493867355447,0.9978300494737181,1.0144576676991632,1.0296800612237114,1.0435475627980084,1.0561126317757008,1.0674276653651928,1.077542172397109,1.086504065472473,1.0943596906205417,1.1011538724433179,1.1069297289023727,1.111728911533794,1.115592112952706,1.11855955270825,1.1206720915785764,1.121971614043707,1.1225012737469275,1.1223055309440972,1.1214296663271817,1.1199194184732049,1.1178206396696229,1.1151789892809831,1.1120394623074081,1.1084451985014274,1.1044369120868607,1.1000529941794155,1.0953292026572599,1.0902985951282427,1.0849919140645186,1.0794379525748072,1.073663990564817,1.067696386751612,1.0615609831073614,1.0552833104392525,1.0488887098971682,1.0424023523151063,1.0358492482189288,1.0292541725735112,1.0226415066631278,1.0160350966262996,1.0094578194511779,1.0029314676295182,0.9964766815856311,0.9901120920136218,0.9838538166700378,0.9777155919337375,0.9717089274075248,0.9658431706609895,0.9601251122555321,0.9545587808483205,
2021-09-30,0.04453713923463862,0.18352045734091094,0.26766041936792667,0.33176236332153025,0.3864599887653116,0.43604790900054163,0.48295171915900614,0.528572573467845,0.573683920198473,0.6186485971386022,0.6635830297226624,0.7084564338438356,0.7531458086830832,0.7974656421910551,0.8411945530968556,0.8840940895060498,0.925927601774764,0.966472252516622,1.0055276017549848,1.042922368020134,1.0785213028424914,1.1122263055752102,1.143975428822755,1.1737426501163286,1.2015324082677559,1.2273737552935737,1.2513158130488284,1.2734243023731044,1.2937789918050027,1.3124713330415767,1.3295951189341868,1.3452401833190246,1.3594926339370907,1.3724354003893686,1.3841484953327097,1.394704100190166,1.4041631316285215,1.412579225662508,1.419999781375437,1.426466788648797,1.4320176476532804,1.436686309810455,1.4405044446081519,1.443502483869015,1.4457113747534183,1.4471630728369405,1.447891011072392,1.4479301164928593,1.4473162832638788,1.4460860477886046,1.4442762698253182,1.4419239017470138,1.4390655644704775,1.4357365190480877,1.4319703327630073,1.4277989355369343,1.4232524066951318,1.4183590489071085,1.4131457360684014,1.4076382300339985,1.4018615924585294,1.3958408152387072,1.389601112970025,1.3831679562433803,1.3765670711677287,1.3698244205413856,1.362966176052433,1.3560185235754634,1.3490074074641014,1.341958290577012,1.3348956469745896,1.3278428865985588,1.3208221910624784,1.3138535497878092,1.3069544094304035,1.3001398268311943,1.2934226237580122,1.286813419062597,1.2803202715167294,1.2739486025541646,0.5741114579039636
2021-10-31,0.22490309795773897,0.48140714702105725,0.5955497277496525,0.6502985901833145,0.682039386349386,0.7055135115690757,0.7266946191313364,0.7479640889126759,0.7701603718972332,0.7934590914377153,0.8177683237454829,0.842893411624956,0.8685874298787177,0.8945677798196547,0.9205254149720862,0.9461383034906012,0.9710883922113557,0.9950851343608306,1.0178773542542519,1.0392618847250323,1.0590921459136315,1.077280697493961,1.0937928975065383,1.1086390669513733,1.121865982273932,1.133549862837659,1.143790014998932,1.1527002707325968,1.1604035496259348,1.1670260074012253,1.1726842891255584,1.1774810091200545,1.1815066719656548,1.1848414533472702,1.1875562084958455,1.189707296459921,1.1913357387655723,1.1924718877059202,1.1931371867368803,1.1933462516318882,1.193109274247741,1.1924332506357724,1.1913227783684417,1.1897806092019876,1.18780825445098,1.1854063508334258,1.1825752196717458,1.1793153417179671,1.1756282113370877,1.1715167944079363,1.1669863045627107,1.162044335869161,1.1567005711800245,1.1509662527847262,1.1448539350623088,1.1383773396140335,1.1315511890089425,1.1243913916996708,1.1169154852280725,1.1091432042863554,1.1010970279764454,1.0928024082878443,1.084287579702435,1.0755830769127295,1.0667214740004856,1.0577372289412839,1.0486664717713796,1.039546133634872,1.0304131450197582,1.021303809870129,1.0122529091784112,1.003293635015398,0.9944570662857628,0.985770440087971,0.9772568034799292,0.9689352814742049,0.9608213288252051,0.9529267500753266,0.945259289518161,0.9378226764450943,0.5685559934799763
2021-11-30,0.042217492012127183,0.25519966712638187,0.3710295269942195,0.43333209518858784,0.4713381839916918,0.4983508975235749,0.5204664401937593,0.5406955682333809,0.560586157230496,0.5809392056524205,0.6021748978782254,0.6244880069569622,0.647906706152096,0.6723230403441444,0.6975242030714894,0.723223255021533,0.7490919177281328,0.7747899122290145,0.7999806114600791,0.8243503835292406,0.8476236484759447,0.8695684767588293,0.890004053125076,0.9088052805274763,0.9258931570966753,0.9412259399492162,0.9547950552426506,0.9666284110365428,0.976787563964493,0.9853586306712708,0.9924355687063643,0.9981143618032982,1.0024926370460265,1.00566942319975,1.0077437211825042,1.0088048614067329,1.0089321075888003,1.0081973207240422,1.006665623819794,1.004396415508421,1.001444086932141,0.9978575137427301,0.9936799410836008,0.9889491523452544,0.9836975974705654,0.9779533277832029,0.9717412740312391,0.9650843540907686,0.9580049223053126,0.950525539774675,0.9426699536819327,0.9344632716401484,0.9259312665885426,0.9170990624265936,0.9079909208146252,0.898629900385388,0.889037153630149,0.8792322181946635,0.8692336418680215,0.859060051600206,0.8487309795867424,0.838267252886059,0.8276912610091351,0.8170273730779692,0.8063018995938804,0.7955429457266918,0.7847802110003567,0.7740444301756338,0.7633669546414049,0.7527790584364773,0.7423112041843227,0.731992987503116,0.7218522144392028,0.7119130202929075,0.7021956779147058,0.6927168501265266,0.6834898124104581,0.6745242741665428,0.6658257916254411,0.6573958489608013,0.5387217136402933
2021-12-31,0.04846328291888835,0.41198952797659943,0.5538289968203707,0.6246236007163083,0.665790042909581,0.6927472161357523,0.7127475419805235,0.729692280284572,0.7457384803383846,0.762078055120731,0.7793630607063048,0.7979169149268196,0.8178345856152635,0.8390407761715771,0.86133777084341,0.8844478751029795,0.9080498505927631,0.9318121776926418,0.9554086791666002,0.9785405947660664,1.0009531301805528,1.0224445217093663,1.042866298801065,1.0621163862956393,1.0801300258162536,1.096872629111965,1.112335300061288,1.1265327541292074,1.1395018617080914,1.1512953212560577,1.1619674318568678,1.1715710581674768,1.1801578339742393,1.1877783426792563,1.1944801030290735,1.2002986852891162,1.2052604970112546,1.2093860429199086,1.2126909987941294,1.2151879720138101,1.2168878900130795,1.2178008757393515,1.2179368164077693,1.2173070005905697,1.215925241232319,1.2138088281062291,1.210979655597016,1.2074641412906968,1.203293037489317,1.1985009571302538,1.1931258607555075,1.1872084513580832,1.1807903373973965,1.1739120829779164,1.1666130147923937,1.158930456655216,1.1508987714423522,1.1425496717844803,1.133912725157204,1.125016079046953,1.1158872742601122,1.1065539942706124,1.0970444394761283,1.087387664532551,1.0776135619267204,1.0677527982977146,1.0578367149273897,1.0478971052724588,1.0379660537696902,1.0280755045025307,1.0182569539180697,1.008541392467164,0.9989581704113943,0.989533525881313,0.9802905791390376,0.9712495376467261,0.9624278523482834,0.9538398324259706,0.9454960779789935,0.9374036086908321,0.7136147722018427
2022-01-31,0.6049832266835279,0.8687254019935451,0.9661691731723535,1.0075014472545234,1.0292233504675117,1.044024130037692,1.0570415812918594,1.0705291551218026,1.0854237260889432,1.1020313300840499,1.1203651580824403,1.1402906604225205,1.161584854065568,1.1839719628985734,1.2071459108233242,1.230787470251296,1.2545763850590566,1.278201324111987,1.3013650270058317,1.3237987446741033,1.3452758488506273,1.3656177330530432,1.3846986775609929,1.4024423974915952,1.4188124093185492,1.4338045006900362,1.4474433115325478,1.4597811986167646,1.4708947906170222,1.4808729629326995,1.4898010703350149,1.4977593243043101,1.5048235704498754,1.511065915415003,1.5165508545746251,1.5213245932412225,1.5254201559057803,1.52886030044187,1.5316591068773548,1.533824410461028,1.5353596773847842,1.5362656594163238,1.536541415304444,1.5361864141135586,1.53520164339322,1.5335907638160697,1.5313610364115162,1.5285233449680813,1.5250921177118772,1.5210850848512742,1.5165230552311164,1.511429602023584,1.50583010555798,1.499750924220353,1.4932192201356398,1.4862625653804016,1.4789086262633016,1.4711852632401614,1.4631206628866982,1.454743570917933,1.446083747432037,1.4371723218689667,1.4280416086518746,1.4187249025799047,1.4092563939339926,1.3996710980944653,1.3900046189649125,1.3802926015341113,1.3705704688550207,1.3608728977742768,1.3512335727807212,1.3416851194602795,1.332257862708058,1.3229787086694238,1.3138712611320211,1.3049560387861487,1.2962506192910164,1.287769226471704,1.279522355923922,1.2715169600951812,0.49704810340052197
2022-02-28,0.5601218422221259,0.8900339145600157,1.0130701159124709,1.0529084470038503,1.063125072699652,1.0648284497336467,1.066727930110176,1.0725153274900943,1.0835472849391943,1.1000578369835554,1.121725566442238,1.147951164736303,1.177981520405805,1.2109917869684697,1.2461379824783891,1.2826003103374501,1.3196116537559865,1.3564753755666037,1.3925712315543317,1.4273707864300698,1.460444674805694,1.4914593573465873,1.5201807936722114,1.5464635051658044,1.5702330316342603,1.5914727706256655,1.610219502564061,1.6265609703346018,1.6406287056204276,1.6525781240610145,1.6625694629655738,1.6707654526414513,1.6773309386560102,1.682432455208358,1.6862293875958183,1.6888609360506153,1.6904520177571207,1.691114084018515,1.69094641184641,1.6900368457994503,1.6884627003197406,1.6862916175531266,1.683582691950389,1.6803877252101886,1.676752235816833,1.6727167363798265,1.668317701997286,1.6635883133722726,1.6585590376737553,1.6532582132415732,1.6477125167165196,1.641947130897076,1.6359851328904982,1.629847165363681,1.623551588759844,1.617114398014358,1.6105492777021033,1.6038679471463482,1.597080527445832,1.5901960173043215,1.58322283013467,1.576169213312365,1.5690438728376153,1.5618563389940843,1.554616923975925,1.5473366670954667,1.5400274284941713,1.5327021299065269,1.5253747155301607,1.5180599782816666,1.510773460153402,1.5035312548917508,1.4963489714468423,1.4892410742609252,1.4822209218645959,1.4753008396001261,1.4684920919111093,1.4618042897077812,1.4552450338317908,1.448820019480449,0.5399359947614295
2022-03-31,0.8113584377334554,1.1792990112699955,1.3203408514704087,1.3749607782158615,1.3964369415111546,1.405040882386334,1.4094286137620968,1.4136217226522139,1.419418797696182,1.4275684632806964,1.4383461432153675,1.4517820272923148,1.4677631689839534,1.4860816386657396,1.5064598966008023,1.5285670839130012,1.5520304121903736,1.5764425904721997,1.6013716294795328,1.6263836211905764,1.6510666615927225,1.6750403310755522,1.6979904395878833,1.719667104426932,1.7398719601638972,1.7584510229039394,1.7753078495072316,1.7904094747278927,1.803775309075831,1.8154569243364902,1.8255240974311726,1.8340614204769563,1.8411660560600591,1.84694555943028,1.851507017854479,1.8549480340553413,1.8573593504814987,1.8588239721685411,1.859417405034802,1.8592071439769273,1.8582531800356341,1.8566087520611139,1.854321159448846,1.8514325470735207,1.8479805744158855,1.8439991920660044,1.8395193087334314,1.8345697274895258,1.8291778241453887,1.8233705609460231,1.817175161668547,1.8106195094355118,1.8037319798274278,1.7965412951497026,1.789076533172961,1.7813672813939305,1.773443630286647,1.7653360025087788,1.7570748961472589,1.7486906279622578,1.7402134503608317,1.7316735318058882,1.7231005424642352,1.7145234963186535,1.7059707961663684,1.6974702589738948,1.6890487856814422,1.680731902550443,1.6725437001121335,1.6645067227661117,1.6566420203077397,1.6489690686608154,1.6415050623326692,1.6342646794039601,1.627260237932699,1.6205018509050593,1.6139974883119115,1.6077527496291044,1.6017708384745795,1.596052726618042,0.616210025547241
2022-04-30,1.160785494627371,1.4580239290857595,1.56536381073586,1.6111221095509725,1.6332239248451057,1.6459024697680176,1.6555587504560023,1.665292896756383,1.6765152799289362,1.689829028296181,1.7054510576506159,1.7233824633210897,1.7434882508980099,1.765536836876949,1.7892259817466256,1.8142053392810245,1.8400919612754516,1.866480139289572,1.8929562327810818,1.919122078864475,1.9446147682192358,1.9691145437164954,1.9923670250924408,2.014175243937239,2.034388175289725,2.052895367460327,2.069636289379748,2.0846008443606894,2.0978206026961037,2.10934976684002,2.1192549535795346,2.1276130322365407,2.134509571253359,2.1400367590476876,2.1442815594112,2.1473215545077635,2.149228621816754,2.1500691428761236,2.149904530192995,2.148791629388364,2.146783494310822,2.143930099496235,2.1402792737267258,2.1358778399828466,2.130772062600293,2.1250082291640693,2.118632748992724,2.1116919759070556,2.1042321079736372,2.0962990300484883,2.0879382635488244,2.079194693038985,2.0701118440121626,2.0607317718067644,2.0510951222761995,2.0412410559738143,2.0312073253056195,2.0210304035197195,2.0107455085866315,2.000386696540514,1.9899871805548277,1.9795793108886677,1.9691941623121305,1.9588614832421463,1.948609796011199,1.9384664378192689,1.9284571083363902,1.9186054690791905,1.9089331573273638,1.8994597826491242,1.8902030411189565,1.8811786253316016,1.8723997069574172,1.8638768970348396,1.8556184140572691,1.8476302404933138,1.8399162031926617,1.8324779198361005,1.8253148767966758,1.818424611016915,0.52904353366881
2022-05-31,1.3051480810786507,1.528381262518799,1.596888146373512,1.6206589266610185,1.6313736118689544,1.640368711189969,1.6524829997496677,1.6695993151294122,1.6920951012714258,1.7196692935005955,1.7517540565311718,1.7876721631272996,1.8267090768060457,1.868147442251427,1.9112867675465568,1.9554557507302606,2.0000191083869083,2.0443773092848647,2.0879761181536316,2.130324617771522,2.171002875467224,2.2096680881505137,2.2460638102333554,2.280004764038949,2.3113626534074343,2.3400599730633456,2.366076373822936,2.3894451353533115,2.410242397067342,2.428568068381067,2.444537533945058,2.4582791609360743,2.4699323320076423,2.4796442492163693,2.4875563393474827,2.4938023678543098,2.4985097704011094,2.5017994472370804,2.5037850489357854,2.504572107784772,2.504258482405746,2.5029350656123666,2.5006869635848274,2.497594585444275,2.493734210716274,2.4891784232514307,2.483996091543514,2.4782519250105506,2.4720064783915237,2.4653160258502833,2.4582328140126175,2.450805226115463,2.4430777821251883,2.43509142489936,2.426883940955906,2.4184904316322196,2.4099435519747376,2.401273634627263,2.3925085897103044,2.383674033526933,2.374793752014985,2.3658900180078066,2.3569839164313633,2.3480954807417023,2.339243773967315,2.330446971107329,2.321722484938232,2.3130870563840067,2.304556723831177,2.296146777793872,2.287871793627742,2.2797453703582518,2.2717795600424076,2.2639848324093292,2.2563701797942723,2.2489432089758483,2.2417100482060044,2.234675064154617,2.2278408898753805,2.2212085776694015,0.41452121242194484
2022-06-30,,1.8271128426528227,1.8999387691717284,1.9115909657166388,1.9078090757228086,1.9028610919449607,1.9018062597159768,1.9063223894080426,1.9167032586537458,1.932737171602252,1.954045016581763,1.9801727424039832,2.0106273041725067,2.0448636677938805,2.0822858958351906,2.1222596950315955,2.16412185836507,2.207188813645546,2.2507769736957246,2.294233242450882,2.3369463876034,2.378375651565335,2.4180772383846696,2.455686934553513,2.4909045614545393,2.5234970349634476,2.553320877160515,2.580317267259601,2.6044953520334926,2.625908004316097,2.6446414787066144,2.660810175842481,2.674552377444432,2.686023197567969,2.6953756487751934,2.7027602875753782,2.708324273709567,2.7122104757606493,2.7145549172147483,2.7154849666745364,2.7151192095831433,2.713568038578679,2.7109346436566315,2.707315854335038,2.702802580749209,2.6974800595731567,2.691427823893086,2.6847194734487534,2.6774229623587353,2.6696008566472313,2.6613108632327718,2.6526063519545975,2.6435367888343717,2.634148121502125,2.6244834737263267,2.614583918522193,2.604488709287206,2.594235315243045,2.583859113481579,2.573393432857577,2.5628698492631634,2.5523182908765607,2.541767088809675,2.5312430907037506,2.52077177469598,2.510377319070594,2.5000825492639596,2.4899089508071914,2.4798766291045515,2.4700042971993654,2.4603093447676407,2.450807537811566,2.4415125695023456,2.432436119598135,2.423587988636137,2.4149762098796472,2.406606947298005,2.3984843035337597,2.3906104054174984,2.3829856149050133,
2022-07-31,,1.7567600116671176,1.7627446533187172,1.7259754009842248,1.6858219221843644,1.6526295032294602,1.628652102947409,1.6137826560104787,1.6073457717392532,1.6086852798457136,1.617248180453595,1.6325415185174652,1.6540750944205034,1.6813117400277264,1.7136551547406038,1.7504543521507308,1.791009382094235,1.8345807467238113,1.8804079090886041,1.9277419947301588,1.9758520670620414,2.024067510346336,2.071799746978755,2.1185264253819853,2.1637792854179034,2.207157310515953,2.2483509947670623,2.2871331014051166,2.3233440805235337,2.3568782599984175,2.3876747331271666,2.4157103636192017,2.4409940553199823,2.4635596709268186,2.4834562338336275,2.5007476318634057,2.5155114129966467,2.527836577855642,2.5378199033311515,2.5455637987428315,2.5511756275644593,2.5547673713889316,2.5564563339047153,2.5563651842847595,2.5546210783341325,2.5513547371805885,2.5466985236306647,2.5407847172968467,2.5337442957524408,2.52570587098402,2.516795459423024,2.5071346464993285,2.496839127896382,2.486019004654383,2.4747783059990875,2.463214453657656,2.4514180772295227,2.4394728194103514,2.4274547040821837,2.4154322520181117,2.4034669598023743,2.3916139293089222,2.3799224488423776,2.368436453704283,2.3571949389811997,2.346232407157989,2.3355794186332437,2.325262952496373,2.315306677420268,2.3057311940616714,2.2965542392411256,2.287790753448698,2.2794529428012784,2.2715504521774252,2.2640905359665773,2.2570782021870763,2.2505162144286253,2.244405092793504,2.238743244354471,2.233527209616134,
2022-08-31,2.444158523823598,2.9097414292557136,2.997225540996641,2.9716011868468373,2.9192670030161496,2.8658489480960103,2.8191431870713686,2.781030838189431,2.751560895620602,2.73032607088303,2.7168621825791934,2.7107291618090716,2.7114887294382988,2.7186764747671925,2.7317674619359886,2.7501670501893667,2.773198905421464,2.8001129503181197,2.8301063534401845,2.8623612438189285,2.8960500888232352,2.930410147377693,2.9647644714809114,2.998504628200653,3.031080404497833,3.062030310009859,3.091009692363148,3.117773039614972,3.1421537692957644,3.1640485409099766,3.1834068052071394,3.200222555548873,3.2145275187469253,3.2263814010577896,3.2358612577937365,3.243059249166349,3.248078399401275,3.251029942064254,3.2520290265752747,3.2511925153537584,3.248637751113857,3.244482135196448,3.2388425655195703,3.2318351819134934,3.2235747821153806,3.2141743920906647,3.203744479584556,3.1923924856449513,3.1802223482747998,3.167334239040074,3.1538244542885256,3.1397842692062414,3.125299482679062,3.1104507692066026,3.0953134217972647,3.079957334866005,3.064447390733824,3.0488436907892122,3.0332016116553144,3.0175722192177554,3.002002677376428,2.9865364615712666,2.9712135816223015,2.9560708489202456,2.9411421181877264,2.9264583739433525,2.912047669071966,2.8979351995395306,2.88414321863261,2.870691133890112,2.857595657569911,2.8448706709755895,2.832527198542958,2.8205735892277692,2.809015694868696,2.7978570289196005,2.7870988804525236,2.7767404308044594,2.7667788921086074,2.7572098607444633,0.2861675470594318
2022-09-30,3.472645550616134,4.014644706763594,4.227195962155687,4.323497968477215,4.366962719399412,4.381204185581921,4.378067214154469,4.3639426893915685,4.342748758262872,4.317213538208534,4.28937137165057,4.2607985650673905,4.232736005490569,4.206154295302853,4.181779842496607,4.1600924922550435,4.141334573868681,4.125535122329722,4.112543028234974,4.102077995587178,4.0937565274231265,4.087169497364976,4.08190472850097,4.077547722206112,4.073687522268896,4.06995608395509,4.066047151316387,4.061698380063329,4.056694756837584,4.050872237309304,4.044110218935664,4.036324753181658,4.027463281400566,4.017507823530739,4.0064767540373625,3.9944127618891923,3.9813763446681207,3.9674411407701307,3.9526872185723536,3.937196316521914,3.921047984873156,3.904317324086583,3.8870707709594847,3.8693654253879357,3.8512481096226447,3.83275565706045,3.8139161160212596,3.7947498887273987,3.7752712196517866,3.7554892189431395,3.735408878018629,3.7150330225180666,3.694363187546997,3.6734001302565042,3.652145493780878,3.6306028098671463,3.6087782333407334,3.586681036919846,3.564324065337365,3.5417236399422736,3.518899302465081,3.495873454318423,3.4726710833646934,3.4493195606348026,3.425848438419723,3.402288967912636,3.378673531375129,3.3550350656259056,3.331405989454259,3.30781797324151,3.2843016059689094,3.260884813713403,3.237592275216443,3.2144456201626275,3.191463631731951,3.1686622700589537,3.146054143226625,3.123648390104191,3.101450919562954,3.079465144035329,0.8445679875924004
2022-10-31,2.852212070303147,3.1283349584846785,3.2533362428624097,3.3360435537577295,3.4006755670903046,3.4533000014085045,3.495514171931471,3.5277475692083113,3.5507008654035084,3.565659429892569,3.574305811062521,3.5784578190670118,3.5798893164721455,3.580233357953811,3.58089542813382,3.5829810821385566,3.5872776081806346,3.594254826694203,3.604096157796964,3.616743331448164,3.631939829728869,3.649320083198361,3.668442407115052,3.6888048897102923,3.7098662734921337,3.731096688098522,3.7519951123398436,3.772085183576204,3.790949215077805,3.808239473254085,3.8236676138303562,3.8369954022671946,3.848028769283549,3.8566348678899214,3.8627463984832975,3.8663465556992316,3.867462146371115,3.866155791477834,3.862517727369443,3.8566586889481735,3.848704457021298,3.838792013164794,3.8270652872893693,3.8136729822881184,3.7987655222602066,3.7824933830677354,3.7650050182207955,3.7464459056466857,3.7269571810879647,3.706675261917969,3.685731221530685,3.664249239320056,3.642346634430247,3.6201341246162135,3.597715354066599,3.5751870724260217,3.5526395183066417,3.530156664003733,3.507816427249805,3.4856910099200626,3.463847153736226,3.442346106938688,3.421243911772161,3.4005918094411967,3.380436562763961,3.3608203058033546,3.341780407128455,3.323349515379416,3.3055554608361852,3.28842152157769,3.27196662209089,3.2562052753796333,3.2411477688337573,3.2268004482691826,3.2131659804161,3.200243573876514,3.1880291408884966,3.1765154882146063,3.1656925745649134,3.1555483742871173,0.7134473595894217
2022-11-30,,3.2869805187030816,3.2934889364649638,3.280354316953793,3.2656966949370956,3.2540394394210708,3.2452160394681586,3.237777584536064,3.2306300236379397,3.223427682215972,3.2163979102634457,3.2100843765350784,3.2051702096515857,3.2023620004953535,3.202282098539617,3.2053770928700613,3.211897016130813,3.2218828156832706,3.235190811477414,3.251518159526281,3.270444578163374,3.29150212044669,3.3141907983185406,3.3379853940782103,3.3623540090952484,3.3868035049297993,3.4108857148136984,3.4341937558625824,3.456383915481687,3.477175864054877,3.4963426090701115,3.513702161196931,3.529112908177932,3.542485374736596,3.553778347232146,3.562987254104119,3.570138398738429,3.575281229977951,3.5784808387963425,3.5798126061378,3.579358976516964,3.577207667534824,3.5734500737240538,3.5681802243237075,3.56149345588378,3.5534852335716063,3.5442494782793155,3.5338778985411694,3.522459150242088,3.5100787168046215,3.496818700159055,3.4827574857751995,3.4679699609286834,3.45252780679824,3.436499730200959,3.419951753758634,3.4029474410693097,3.3855477561408143,3.367811223973413,3.349794524382965,3.331552632792901,3.313138747200083,3.294604384598681,3.2759995121336267,3.2573726274066725,3.238770610896811,3.2202386347422642,3.201819762479352,3.1835544997095586,3.1654808919735453,3.147634108108261,3.130045437761387,3.1127422951156842,3.095748479732319,3.079084407970744,3.0627670131737506,3.046809310143364,3.0312205010609734,3.0160062930546636,3.0011696602263234,
2022-12-31,,3.4517248442873254,3.5516354058088493,3.578744492962955,3.583576366563355,3.5827824209392367,3.5812727302918828,3.580247560923913,3.5801277213115026,3.581355825044689,3.5844100110588104,3.589722931659036,3.5976472388007283,3.608441026762331,3.6222403191312327,3.639031563704367,3.658660602714328,3.6808400229765774,3.7051858302474288,3.7312337278778607,3.7584873548887443,3.786466507081215,3.8147062857231444,3.8427543938867452,3.8701871402355614,3.896643860433699,3.9218216915842645,3.945467060411196,3.96737954701886,3.9874061428949035,4.00543744940279,4.021407488225045,4.035286599969006,4.047076302525958,4.056802887703148,4.064512502647905,4.070267860023145,4.074143355812896,4.076220935390346,4.076586569880442,4.075328519651512,4.072535578064967,4.0682958522056465,4.0626959807487815,4.055820243896429,4.047750299236925,4.03856494260528,4.028340336969727,4.017150291580538,4.005066580808876,3.9921591527500393,3.9784962344833734,3.9641445002583344,3.9491694720353827,3.9336359622047805,3.917608134465581,3.901149399531631,3.884321960218222,3.86718686690018,3.8498043585814545,3.832233431338445,3.814531217519093,3.796753038199567,3.7789525436465894,3.7611816353401224,3.743489732075822,3.7259234946629056,3.70852645572583,3.6913388044837885,3.6743975570774294,3.6577360983849445,3.641383500418926,3.6253646901146483,3.609700729365785,3.594409053580157,3.579503377604862,3.5649934784602895,3.550885385197678,3.537181779049675,3.5238829261365736,
2023-01-31,3.373098286624744,3.4148704641489953,3.3535422000796946,3.2922113466579472,3.2504969181846888,3.226321105397988,3.214075744883111,3.209378547492399,3.209677848103539,3.213750180056188,3.221046282412277,3.231325874803724,3.2445130526645403,3.260598807074166,3.2795627923432518,3.301311103070079,3.325664450174255,3.35235236566197,3.3810343556094615,3.4113183965218026,3.4427772096610774,3.4749742153332166,3.5074821125060764,3.539882974279017,3.5717775334721917,3.602799134588515,3.632616502723545,3.6609421212955477,3.687539118905225,3.7122153746277187,3.7348240026010076,3.755267071844566,3.773489356610855,3.789473998114685,3.8032367001611815,3.8148199266400717,3.824288467623143,3.8317233637202115,3.8372172972375935,3.840870682025654,3.8427897275709832,3.8430843362499822,3.84186680990143,3.839250458277814,3.8353483601731075,3.8302720589917065,3.824130479517996,3.8170292944611757,3.8090703502279113,3.800351503751251,3.7909656591043714,3.7810001646066196,3.7705371932090417,3.7596536430369105,3.748421002287693,3.7369054355392595,3.7251678411005034,3.7132636667924945,3.7012432726340387,3.6891524822284905,3.677033188467567,3.664923881399487,3.652859936132548,3.6408738573314183,3.628995578550173,3.6172528829655635,3.605671585634945,3.5942754180887455,3.5830860345447584,3.5721231160977394,3.561404100166759,3.5509439396655913,3.5407552384523484,3.530848410049458,3.5212317941123343,3.511911477119884,3.5028911307407933,3.494172141465086,3.485753913993118,3.477634477135917,-0.15934810656855625
2023-02-28,4.00091013195078,3.997139493754947,3.927384851430117,3.858901380279698,3.8057842582397763,3.7663987205673535,3.736836623615605,3.714258950514663,3.6970511859742183,3.6844809937605696,3.6762360061614214,3.67219184560657,3.6723104207629502,3.676581076192608,3.6849556983345715,3.697304169351411,3.7134037513680758,3.73293366597783,3.7554954496772015,3.7806294350013685,3.807832604052882,3.83659186356035,3.866402662215569,3.8967694384374805,3.9272201296196725,3.9573202025185386,3.9866739624198635,4.014934489658039,4.041809738307962,4.0670557330854145,4.090479798580177,4.111943509650349,4.131355503751162,4.148666913391127,4.163864785814212,4.176965532806237,4.1880098342141325,4.1970560869667315,4.204175686612611,4.209449042407504,4.212963506425506,4.214810832982191,4.215085806506852,4.2138845341048,4.211303205836925,4.207436681841233,4.202377604547054,4.196215740432042,4.189037573685552,4.180926186008981,4.1719605250423575,4.162215165799961,4.15176062317746,4.140663269420123,4.12898536713549,4.116785298246805,4.104117734758013,4.091033740452021,4.077581302558674,4.0638058597023,4.049750941544558,4.035458604954759,4.020969564090049,4.006323286782976,3.991557913954035,3.976710001168087,3.961814405251398,3.9469038506762435,3.9320088639759248,3.917157826188831,3.902376432060498,3.8876873970677113,3.8731106353780227,3.8586634491069445,3.8443606455123724,3.830214304448273,3.8162336786401214,3.802425366233332,3.788793718112077,3.7753414911906518,-0.3164291381902107
2023-03-31,4.047455295330762,3.928540849851616,3.8125606174769318,3.7106896870245896,3.628003672700489,3.5619268093928143,3.508795416460365,3.4660213886765776,3.432138026499667,3.4063428008577494,3.3880366254405248,3.3766848476507128,3.371803011871785,3.372941329278895,3.379645786483103,3.391428282993804,3.407756569665454,3.4280548135560394,3.451718244157761,3.478123641099785,3.5066432062844566,3.5366743003538748,3.5676472056424635,3.5990215604364733,3.630302171860835,3.6610472753682015,3.690866194591382,3.7194284354862255,3.7464652166179913,3.771761764528021,3.7951622926620705,3.8165687431575073,3.835930973485561,3.85324074257046,3.868522872949618,3.881827276922153,3.893223018448242,3.9027903539200386,3.910615995069162,3.9167896707309557,3.9214026578448267,3.9245458318728645,3.9263090327075783,3.926780193095124,3.926044827043582,3.924185065899887,3.9212793160336266,3.91740191990544,3.9126231340812927,3.907009191958888,3.900622044020796,3.8935195013682136,3.885755603375325,3.8773808994896606,3.8684427680312146,3.8589857706272803,3.8490518416064554,3.8386805219085174,3.827909685725748,3.8167761218289584,3.8053163643787706,3.793567047139372,3.781564925460608,3.7693468829768353,3.7569497088409762,3.744409801133,3.7317628327163512,3.719043033582701,3.706283094634667,3.6935140211469175,3.6807641434660456,3.668058786848329,3.655420462905686,3.642869059141677,3.630421879490868,3.6180932260022214,3.60589431791521,3.593833500083846,3.5819167699281698,3.5701484206717304,-0.6411124944730124
2023-04-30,4.241155488462705,4.1701235435954205,4.060816437176906,3.9543387886881884,3.8643439048714447,3.7909642316495744,3.731655549910914,3.684029020502708,3.6464428715334956,3.6178167219494006,3.5973173603726893,3.5842500108020343,3.5780142956803256,3.57805984441514,3.583841082287483,3.594793813117298,3.610325721250687,3.6298247762483573,3.652672556658297,3.6782519842276216,3.7059579793575628,3.735220151015501,3.765503556492203,3.7963051624415147,3.8271658159480717,3.8576724666078386,3.887456257845969,3.916199995516396,3.9436366443484174,3.9695440763989507,3.9937513860842446,4.016135977597359,4.036616477590063,4.055149331476857,4.071722788828554,4.086351504921745,4.099071208435566,4.109933005830498,4.1189994183224625,4.126341513019571,4.132037188891907,4.136169457636349,4.138825363369151,4.140094573052854,4.1400682224492344,4.138837092038078,4.1364907184079875,4.133116216598265,4.128797854084741,4.123616475871362,4.117648360187557,4.110965217672453,4.103634367980642,4.0957184178553865,4.0872753667697195,4.078358835445669,4.06901814158692,4.05929851921245,4.049241844520113,4.038887281895201,4.028272162326215,4.017432341867685,4.0064023633895545,3.9952155807478635,3.9839040505154477,3.9724984226491364,3.961027768310889,3.9495192596994455,3.9379982289583833,3.9264881091089916,3.9150100015311295,3.903582653954027,3.8922226192968084,3.880944402351532,3.8697604742773364,3.858681040738935,3.847714069382412,3.836865455677994,3.8261394247612404,3.8155389112459455,-0.6233387665133043
2023-05-31,4.540133027605939,4.593919718498522,4.543750659115031,4.468054744915945,4.39134128733346,4.320417154527173,4.257129994489736,4.201958580343831,4.155157012928085,4.11682722098887,4.086858232808222,4.064959671402974,4.050724051953583,4.043647794897281,4.043149428090313,4.048583374665917,4.0592548813128975,4.074443315592451,4.093423715134348,4.115478821409093,4.13991657544729,4.166096735525566,4.1934268442882505,4.2213598878055505,4.249410213287012,4.277152499738761,4.304218598592602,4.330302057400164,4.3551525169439875,4.378570180699003,4.400408915189882,4.420569619423988,4.4389935059156915,4.455656420506876,4.4705616135968045,4.483734889043537,4.495219165216555,4.505069293566893,4.513348500243435,4.520126156410585,4.525476246193347,4.529475977830128,4.532204847520185,4.533743438422541,4.534172420915345,4.533571155655716,4.532017067689969,4.529584788374973,4.5263459344532,4.522368584248077,4.517716526693891,4.512449443355599,4.5066229796358845,4.500288474749762,4.4934930653687415,4.486279831552983,4.478687778042859,4.470752066212461,4.4625046086349,4.45397461187724,4.445189211371678,4.436173724432066,4.426951782028314,4.417545422694583,4.407975019063133,4.398259256932532,4.3884150480039805,4.378457418688017,4.368399617805735,4.358253183911853,4.3480279434506715,4.337732102830653,4.327372359279491,4.316954001290169,4.306480950481764,4.295955744052059,4.2853796009351,4.274752555977453,4.264073889513687,4.253342426613397,-0.4233058066170692
2023-06-30,,5.298936176052693,5.314096579734044,5.262085797703536,5.176296224603176,5.0753163581599425,4.970136371757879,4.866893909036313,4.769254161788786,4.679408304681155,4.5985908023126365,4.5274551800487535,4.466262714300401,4.414995946748651,4.373387793202901,4.340964430890311,4.317073898851821,4.300935209432258,4.291680857034016,4.288387616285496,4.29012224835224,4.295989037062404,4.305128567494813,4.316728850923568,4.330057211696118,4.344459380259945,4.359360672410019,4.374273798250598,4.38878901820335,4.402569078036661,4.415353061185221,4.426945688750354,4.4372081123673315,4.446048832586285,4.453413650086407,4.459279259218798,4.463645754130231,4.466530461453513,4.467963273637163,4.467983899722694,4.466639287047579,4.463981675145829,4.460067319760543,4.454955217859188,4.448706147330227,4.441381703306173,4.433043723000656,4.423753665836202,4.413572414230057,4.402559889797634,4.390774689616814,4.378274146429342,4.365114310158555,4.351349874212477,4.337034235337168,4.3222195543345645,4.306956756407055,4.2912956524910175,4.2752851325719705,4.258973296378602,4.242407570897568,4.22563470511584,4.208700537919205,4.191649799679842,4.174525601100275,4.157369203063343,4.140219482665273,4.123112577259775,4.106082015059929,4.08915833062603,4.072368479640719,4.055735976242117,4.039281128707183,4.02302124287971,4.006970586607093,3.9911402586252924,3.975538348012414,3.960170202916654,3.9450389474982677,3.930145787039997,
2023-07-31,,5.059874942690368,4.997931007981199,4.9053706482452455,4.803302071926372,4.702715393662335,4.608969555488305,4.524293592846282,4.449661422513824,4.385374270058385,4.331324929580808,4.287170792095155,4.25242640260585,4.226496343890941,4.2086918909603614,4.198251128735413,4.194356006764179,4.196159101949857,4.202807249116871,4.213454309092361,4.227292916134304,4.24357709165405,4.261612650887035,4.280764753071717,4.300474781809924,4.320254384062181,4.339685768486044,4.358424370068792,4.376188978320019,4.3927590926939475,4.407975377813067,4.4217296470409115,4.433957118544538,4.444628547632085,4.453742546295199,4.461320638813927,4.467400833081508,4.472032956121764,4.475275094467041,4.477191714113966,4.47785160617475,4.477326596090286,4.4756903267526305,4.473017177100828,4.469381175778083,4.464855077866773,4.459509710431861,4.453413369898894,4.446631661326086,4.439226806842464,4.431257209291871,4.422777713557215,4.413839497977022,4.40448995007443,4.394772783551287,4.384728167171426,4.3743927614355815,4.363800030094475,4.352980632544276,4.341962854458408,4.330772980773069,4.319435413705616,4.3079726478472615,4.296405235187186,4.28475155606279,4.273027794687732,4.261247733660592,4.2494227228072114,4.2375618405387305,4.225671982725831,4.213757944062493,4.2018225574963575,4.18986682859491,4.177890070255437,4.165890138499897,4.15386365038182,4.141806077643836,4.129711997380177,4.117575697124419,4.105391378253193,
2023-08-31,4.956134194633067,4.974012386834708,4.897378087233475,4.803940935833786,4.711989207458506,4.627680375762771,4.5527099572734,4.487035093078422,4.430331923137005,4.382233512953117,4.342424641064478,4.310630853321411,4.286540688718312,4.269773797907957,4.259864606705237,4.25626293307713,4.258349182692965,4.265458044084682,4.27689485746137,4.291951215928586,4.309939259843129,4.330208386588504,4.352139920119968,4.375159954835232,4.398751673802946,4.422450430197484,4.445848649654611,4.4685991638315725,4.4904070358100725,4.511031704174483,4.53028813190873,4.548038590860519,4.564187790366044,4.5786769294297756,4.591477957338985,4.602588566795734,4.612026382174047,4.619824625130019,4.62602845145565,4.630692834325607,4.633880365183708,4.635659819050853,4.636104451355656,4.635290648950913,4.633296189597101,4.630199035706748,4.626076144901923,4.6210026518834075,4.615051465039115,4.608292165820982,4.600790564272189,4.592608919237733,4.583805582944532,4.574434851637035,4.564547123720493,4.554189003472039,4.543403301997786,4.532229456199487,4.5207039784466145,4.508860978548323,4.496732537845879,4.484348800650434,4.471737960173425,4.458926201664193,4.445937506618014,4.432793619354037,4.419513765623598,4.406114664437618,4.392610683275933,4.379013849944097,4.365333911091005,4.351578484996571,4.337753207354912,4.323861875731721,4.309906643640366,4.295888177727634,4.281805763346639,4.267657619257514,4.253441440916654,4.239154540548133,-0.5739006816799499
2023-09-30,5.0052961377265985,4.873360565049277,4.712383235163732,4.587340472897246,4.492670953336011,4.420567360290652,4.365388814636055,4.323398329806897,4.2922680459021105,4.270466413247758,4.256941023011634,4.250897656001262,4.251649175375654,4.258545192242524,4.270937000810795,4.288169133847585,4.309577268054713,4.334499621359437,4.362285408144228,4.392303209974819,4.42396548030132,4.456732023662445,4.490102492644646,4.523626047600934,4.556905134882895,4.589589327637356,4.6213781214204674,4.652019892895017,4.681305177668918,4.709068622845354,4.735186788928812,4.759571571545545,4.782166197929271,4.802940745641482,4.821888093533305,4.839019921731578,4.854362255774805,4.867952491693587,4.87983711685627,4.8900704469092355,4.898713623622726,4.905833651271642,4.91150213770907,4.915794147107647,4.918786243865766,4.9205553348320565,4.921177278133767,4.920726146634515,4.91927363097404,4.916887723010382,4.913632432643229,4.909567971987876,4.904750334889341,4.899231262710075,4.893058442120959,4.886275542316231,4.878922234162588,4.871034766701105,4.862646481367821,4.853788400569814,4.84448956833125,4.834777123079345,4.8246763162315975,4.8142105110249815,4.803401143737997,4.79226769752695,4.780827494335142,4.769095761481029,4.757085757372091,4.744808801009544,4.73227435651389,4.719490160468607,4.7064623403345625,4.693195544718501,4.679693136885826,4.665957324096442,4.651989248100915,4.637789318453179,4.6233576424516345,4.6086941001005695,-0.7348297244788409
2023-10-31,4.927477313318062,4.791449403625657,4.644865601219484,4.532510499366115,4.45049853282452,4.39133293724359,4.349176134559164,4.3202453928427405,4.3021351467505,4.293173703916275,4.292149036663282,4.298106176826998,4.310225130089105,4.327749481368277,4.349950476535925,4.376111448226483,4.40553066444032,4.437529027169688,4.471457934488807,4.506710971476416,4.5427402960716865,4.579056411250786,4.61523117383046,4.650893557484234,4.685721270952157,4.719436368658829,4.751806444465216,4.782640821611842,4.811785218159431,4.839123698141483,4.864575354219376,4.8880893076912475,4.909641493180023,4.929230833424528,4.946875856180569,4.962611014931114,4.976482976700405,4.988548334952884,4.998871931750279,5.007525589573015,5.0145869229732885,5.020138140951066,5.024264234575355,5.027051644049139,5.028586280463949,5.028952560660133,5.028232099496057,5.026503256757162,5.0238406276735486,5.020314083288263,5.015988842300823,5.010925695284547,5.005180785901278,4.998805726220455,4.99184778115103,4.9843498554135275,4.976350574773578,4.967884807574005,4.9589841587722505,4.949677565453006,4.939991610706461,4.929950651268677,4.919576922553854,4.908890586406311,4.897909775887937,4.8866505897600305,4.875126994434537,4.863350937430112,4.851332490405083,4.839079973684735,4.826600076541052,4.813897970421618,4.800977413577464,4.78784089619023,4.774489872666723,4.760924877810862,4.747145614912636,4.733151320243509,4.718941107303672,4.704514003657932,-0.6343036094017869
2023-11-30,4.962727312344958,4.721445204042289,4.52693444429691,4.374739339198896,4.259360535518853,4.172731639269419,4.108200115327273,4.061115588669048,4.028232035195245,4.007211803527687,3.9963219897408764,3.9942140560848,3.9997659400936003,4.011986488305374,4.029961600689376,4.052825235856903,4.079751626567431,4.109956988088115,4.142702508374652,4.177304063195669,4.213144178093514,4.249669465568602,4.286393030379156,4.322888206498848,4.358779518566656,4.3937391397178365,4.427489503709882,4.459798200106921,4.490473339499713,4.519366978984225,4.546371632757835,4.571415399393892,4.594458074452919,4.615486867466737,4.634512479295752,4.651564497196541,4.6666872155231145,4.67993668856169,4.6913786437347555,4.701086844082344,4.709141633197642,4.715628409099705,4.720635660592936,4.724253295670958,4.726570391879229,4.727674090264766,4.727648114268956,4.726572366832845,4.724522249738904,4.721567762504724,4.717773753665019,4.713200101312756,4.707901544746701,4.7019278644490505,4.695324086907575,4.688130498854006,4.6803829665159125,4.67211368553785,4.66335188237422,4.654124662013761,4.644457317358903,4.63437353318428,4.623895541473524,4.613044164993444,4.6018388581472065,4.5902975460528666,4.5784364334758445,4.566270093263685,4.553811449762665,4.541071621863491,4.52805999031096,4.514784318177397,4.501250861584574,4.4874644689088585,4.473428669263923,4.459145758133221,4.44461693077779,4.429842729752688,4.414823352558715,4.399558688142337,-0.9555155088172711
2023-12-31,4.769305199699458,4.2974206438221,3.9563273879271033,3.725379885072095,3.5697136173758124,3.4641170702827258,3.3928236114469756,3.3462839501695325,3.3184854036480047,3.305422078805415,3.30428507283784,3.31296737577254,3.3298015811873123,3.353412485023554,3.382627081655882,3.4164209864432173,3.453879943968946,3.4941742713504054,3.5365466035074027,3.580310718064035,3.6248514557277822,3.669618143288939,3.714123119794342,3.7579354018012125,3.800672439823798,3.841999020439545,3.881631606626965,3.919332257512953,3.9549062897426044,3.9882071755704653,4.019131851742592,4.047616426790635,4.073631891830638,4.097179552828574,4.118286644263859,4.137001250522134,4.15338850586196,4.167528834695652,4.179516355309115,4.189458141805918,4.19747336498602,4.203690485815299,4.208243855322131,4.2112701692134,4.212904635566729,4.2132788641696575,4.2125184598462235,4.210742308109768,4.208061053494804,4.204575831913592,4.2003788833600195,4.195553505314159,4.190173619109834,4.184304027615406,4.178000724283909,4.171310929708971,4.164273745896462,4.1569212116890695,4.149279463073414,4.141369915408877,4.133209789609267,4.124812648417675,4.116188807387081,4.1073457201085946,4.098288240338977,4.089018681569793,4.079536896201312,4.0698404567933295,4.059924955227971,4.049784329827013,4.039411007536848,4.028796008893575,4.017929056490439,4.0067988776981975,3.9953935710719906,3.9837006902512653,3.971707430290307,3.9594013296446793,3.946770574780784,3.9338039699574474,-1.4638831208940428
2024-01-31,,4.444292779756109,4.184906488098876,3.992645440774381,3.8559635091528413,3.7590795515705047,3.690638991326221,3.6435751696233982,3.613372242587904,3.5969441387306538,3.5920241295421858,3.596834148512339,3.609909122631982,3.629997053802409,3.6559918521753274,3.686897568191733,3.7218101639377226,3.759903977580044,3.8004231317425816,3.842683173703975,3.886069506636367,3.9300327051676347,3.9740868543515226,4.017801848972305,4.060795299120006,4.1027312871449,4.143320922061229,4.18231560697164,4.219505782948045,4.254723866489922,4.2878404646480135,4.318762571259042,4.347431107820008,4.373817879568962,4.397921323177962,4.419762071332925,4.4393796861210095,4.45683049230246,4.472185693954346,4.485530357544006,4.496962113255697,4.506588145035871,4.514522179696391,4.520880878330953,4.525780779114898,4.529336201079395,4.531657350775071,4.5328495499232,4.533011591628155,4.53223482604799,4.530603664126963,4.528195221508202,4.525078959807133,4.5213169008353224,4.516963811591332,4.512067089557666,4.50666746457969,4.500799931694638,4.4944947446958246,4.487778261643441,4.4806733165851735,4.473199545435317,4.465373683767361,4.457209882754779,4.448719902995673,4.439913121133381,4.430796610830065,4.421375320546732,4.411652356013435,4.401629236237081,4.391306016126847,4.380681388167626,4.369752798138752,4.358516768604503,4.3469691937200166,4.33510540351628,4.322920383670872,4.310409353471049,4.297567935284671,4.284392134142509,
2024-02-29,,4.623154711152847,4.461513801666019,4.324701885013255,4.2195512380056375,4.1392542683334685,4.0774665929294756,4.030183465619789,3.9948484003232725,3.969725601025136,3.953551831172143,3.945322736041432,3.9441820623269988,3.9493530588421137,3.9601033732646176,3.9757240170135337,3.9955265351573748,4.0188421196064406,4.045025689704272,4.073469223234289,4.103606236168697,4.1349147894069285,4.166920820369808,4.19919477961652,4.231348576342607,4.263039406576569,4.293970830417129,4.323886116537426,4.352569948258172,4.379850451327978,4.405593951206857,4.429702201200931,4.452108272825199,4.472772532957992,4.491678526233948,4.508828803431143,4.524242160135016,4.537951805068061,4.5500037940345965,4.560456186330134,4.569377824957959,4.576845778602249,4.582942978518856,4.587754997892338,4.59136784252157,4.593865964728852,4.595330854115371,4.595840256807402,4.595466586220509,4.594276354339869,4.592330544733648,4.589684140126535,4.586385948704649,4.582478894027788,4.5780002391555445,4.572981704093304,4.5674502840030184,4.561429087753307,4.554938460968838,4.547996741253231,4.540620715467329,4.532826257212195,4.524628387257075,4.516041312458786,4.507078364360042,4.497751568628659,4.48807154908617,4.478047601804446,4.467687619758072,4.456998075604123,4.445984115430015,4.434649650878618,4.422997449193638,4.411029248248364,4.398745851160747,4.386147195102758,4.373232618718337,4.360001347428942,4.3464526021200625,4.332585605736209,
2024-03-31,4.706128479064735,4.541766307342452,4.336953813859676,4.1695707030863485,4.042023390687488,3.945135790553302,3.871530257956787,3.8164995617465065,3.7768200958069187,3.750117560065597,3.734520481718309,3.7284783116019224,3.7306683999584163,3.7399306614220253,3.7552179762985274,3.7755799558840195,3.800154759315875,3.8281573843955834,3.8588723382583545,3.8916546165480552,3.9259229560787774,3.9611560237279546,3.996887785841669,4.032699334539431,4.068213005704264,4.103094559978397,4.137051834741345,4.1698287980745405,4.201208355098098,4.23101314872534,4.259101956327758,4.2853684197098465,4.309738867449866,4.332169349326658,4.352641711206842,4.371160513750521,4.387750602708889,4.402455137477144,4.415333859184254,4.426462255725103,4.435929704123645,4.435929704123645,4.45028676266065,4.459259756190394,4.459259756190394,4.461996444384697,4.463703194193163,4.464475555386121,4.464401262938475,4.463559965430056,4.462023631947074,4.459855765355622,4.457111364169897,4.453837332481787,4.45007279308421,4.445849421830189,4.441192530439885,4.436122084554996,4.430654106928084,4.424801460317626,4.418574587561388,4.411982284389286,4.405031856598798,4.397729497212826,4.390080283878971,4.382087916257876,4.37375472906176,4.3650818050478835,4.356069123278957,4.3467156647396,4.337019483369803,4.326977770661193,4.316586965694304,4.305843028978025,4.29474157888399,4.283277934291288,4.2714474528510715,4.259245987154988,4.246669919952833,4.233716147320792,-0.9560109189991381
2024-04-30,4.634508234243001,4.722231863261775,4.638161578001932,4.5331700187847614,4.440514037811793,4.363876998384207,4.302252735697359,4.254290465781507,4.2185903724954175,4.193832741355363,4.178782701735587,4.172298105727159,4.173321816211009,4.180869831293209,4.194021518797493,4.2119182224782055,4.233765767632299,4.258829219183827,4.286431842739028,4.315960554840627,4.346860938548101,4.3786373173764614,4.410849558475962,4.443105769170741,4.475058542211798,4.50640652787672,4.536890486928262,4.566287403546862,4.594412048383655,4.621115956003111,4.646283624443707,4.669830265414752,4.691698998551197,4.711857462449515,4.7302941712604625,4.747015375013959,4.76204287322893,4.77541222139514,4.78717139131972,4.797379893007114,4.806107035634061,4.813428952126552,4.819426204779628,4.824180408964253,4.827772550328998,4.8302808992852375,4.83178012690697,4.832340383512178,4.832025957668442,4.830895340138064,4.82900146073646,4.826391273771211,4.823105936924366,4.819181181182997,4.814647538955123,4.809530750363431,4.80385274163268,4.797632474533272,4.79088712614254,4.783632572465717,4.775883948928202,4.767656109546185,4.758963642546607,4.749820928405954,4.740241896861021,4.730239613167689,4.719826263163147,4.709013119822325,4.697810318075518,4.686226841506945,4.67427060221792,4.661948514873919,4.649266537714615,4.636229655393823,4.622841917136788,4.609106521739187,4.595026141826549,4.58060323122822,4.565840064381687,4.550738773689864,-0.44067549288763797
2024-05-31,4.720086776172554,4.695042650736543,4.584557941413548,4.4726355399825755,4.380578703137814,4.306682161153848,4.248079258951994,4.202831946782662,4.169367222313313,4.146337397837909,4.13253726506245,4.126887673264414,4.128413861933549,4.136204705073666,4.149391183167156,4.167151188509918,4.188711874910602,4.213349724647362,4.240396881415338,4.26925030220779,4.299368556806007,4.330274588816316,4.3615506456527,4.3928300926214705,4.423793552233274,4.4541671060092956,4.483716094990442,4.5122399106514886,4.539572334342536,4.565579101654789,4.590155102218093,4.613222259720893,4.634726984798837,4.654637071128782,4.672938678494835,4.6896338823706225,4.704738941602242,4.71828276456269,4.730306227153404,4.74086170178587,4.750011118523243,4.757823252651382,4.764371223596488,4.769729326030057,4.773971411833785,4.7771688893529785,4.779390000200544,4.780698768846777,4.78115381589273,4.780808574429419,4.77971134875629,4.777904930368175,4.775426810420246,4.772309478359825,4.768580561255871,4.764263315522425,4.759377566310768,4.75394059540152,4.7479682552722675,4.741475350229999,4.734476224285152,4.726985067899116,4.7190158881162585,4.71058252166155,4.701698258693666,4.692375440786053,4.682625479402058,4.672458774151764,4.661884489466314,4.650910580381287,4.639543877493572,4.627790164245397,4.615654223075472,4.603139852168737,4.59024992030201,4.576986483348249,4.5633512146408775,4.549345688349062,4.534971399633246,4.520229825489317,-0.5737493783346448
2024-06-28,,4.580249281566785,4.456655428758762,4.329072117635262,4.226585833646685,4.146665104190524,4.0856827490524985,4.040826215097707,4.009704333239728,3.9902982564649,3.9808811373661963,3.979990389039026,3.9863614914093377,3.998870645419228,4.016511128016657,4.0383825428212825,4.063683421163665,4.0916979475455575,4.121791356488585,4.153406513174174,4.186054764220306,4.219311174095384,4.252804029800549,4.286205447021351,4.319226303923704,4.351613485404539,4.383144330741957,4.413623157144661,4.442882044077036,4.47077928403816,4.497198412674929,4.52204773082491,4.545259704182547,4.56678828562495,4.58660684200594,4.604706519970269,4.621095125826432,4.635795694977351,4.648846281024181,4.66029945446243,4.6702198399064265,4.678681170329627,4.6857631521590495,4.691548150722725,4.696119191244891,4.699557766996393,4.70194298596274,4.70334990987247,4.7038480283232955,4.703501512965163,4.702368870905443,4.700502252394807,4.697947553827207,4.694744612762059,4.690927229820568,4.686523789673062,4.681558262668602,4.676051275833291,4.67002123999089,4.663484802922392,4.65645764384954,4.648954681856592,4.640990086254251,4.632577370384467,4.623728968046637,4.614455928587545,4.604767988061316,4.594673562163451,4.584179695724067,4.57329213991252,4.562015443332156,4.550353037143406,4.538307340933161,4.525879872730586,4.513071315415141,4.499881669676734,4.486310748254782,4.472358408181851,4.458024555108191,4.4433092418029485,
2024-07-31,,4.349808995336957,4.167407022922611,4.02481079083434,3.9243517194886812,3.8528312942485843,3.8028016761152528,3.769731683146123,3.750344729030509,3.742130412523429,3.743102698890043,3.7516864805114305,3.766595678275431,3.7867352704499164,3.811157261267375,3.8390380133922917,3.8696585839025253,3.9023888355153553,3.9366817927883337,3.972066073372949,4.008135107424765,4.044538226202423,4.0809688037136,4.11715539391499,4.1528562650375935,4.1878556688707915,4.221959364737076,4.254991630663103,4.286795563344994,4.31723342351478,4.3461878455417695,4.37356337577763,4.399287664291813,4.423309159734588,4.445596024673385,4.466135069160054,4.484931129946168,4.502005705816798,4.51739712149516,4.531159625180995,4.543360190073297,4.5540753190733945,4.563387247177238,4.571380708514552,4.578140684356567,4.58375038977806,4.588290358324687,4.591836364815522,4.594458085028975,4.596219442301379,4.597177985752387,4.597384288914423,4.596882058813859,4.595708298121629,4.5938932854331815,4.591461478227099,4.588432641930737,4.584823175307023,4.580647223205677,4.575917162522683,4.570644394718314,4.564839542988704,4.5585125333103855,4.551672592235937,4.544327785778191,4.536484819780346,4.52814912958243,4.5193249652112835,4.510015469259081,4.500222755279059,4.489947980253064,4.479191419729094,4.467952621930572,4.456230548819168,4.444023625475481,4.43132994320821,4.41814779368444,4.4044758269964905,4.390313033862899,4.375658913696914,
2024-08-30,4.28802573132026,4.217965632792165,4.063802631100409,3.9569924842588797,3.8842315246579666,3.832409946511225,3.7961704872718074,3.7725681362728607,3.759466455286177,3.7551733737349506,3.7582980142053373,3.7676920042351294,3.7823706283942853,3.801461997077017,3.8241892084357834,3.8498646849427685,3.8778818442296794,3.9077072316767376,3.9388803439928495,3.97100689476979,4.003751104299094,4.036825562335067,4.06997869682983,4.102985751663487,4.13564303204497,4.167764363655786,4.199177860640712,4.229723428527338,4.259253932148322,4.287636601942152,4.314754985008199,4.340511930196266,4.364831052697854,4.387654764074732,4.408943762300668,4.428676475002817,4.4468489483618425,4.4634738244855825,4.4785810645072734,4.492216804500044,4.5044400668204805,4.515319666445983,4.524929936588677,4.533347792302066,4.540650074384271,4.546911682115686,4.552204448524717,4.556594850487801,4.5601431070512275,4.562903522086028,4.564923688427302,4.566244129741137,4.56689853687118,4.566913988126632,4.566311110587309,4.565105246240784,4.563307585592804,4.560926638754134,4.557969175470854,4.554440746216666,4.550346420552655,4.54569087887585,4.540478562268481,4.534713586521161,4.528399231668117,4.521537803239248,4.51413069667214,4.5061784338679685,4.4976807063237345,4.488636433417959,4.4790438167931175,4.4689004050578065,4.458203236809047,4.446948940838807,4.43513377457847,4.422753909538625,4.409805972591586,4.3962871344096826,4.3821950845447795,4.36752829051388,-0.532852357585309
2024-09-30,4.380988159853826,4.1611375629264185,3.9602962091718417,3.845248991631068,3.778931274197388,3.7397840376921043,3.7183937115817014,3.7097006358395372,3.71053200386899,3.718726354710659,3.732742202469689,3.751452532232342,3.77398279456046,3.799618862366603,3.827767713507855,3.857937856042627,3.889716537808283,3.9227541738306875,3.956755238882087,3.9914675950901937,4.026671302589981,4.062166105883467,4.0977629360864185,4.1332791745905295,4.1685360026961735,4.203357374646197,4.237569298665242,4.270999156642147,4.303479557601047,4.334851330455178,4.364968768720221,4.393704717501368,4.420954358689312,4.446634702990695,4.4706834157862385,4.49305867499999,4.51373944683656,4.532724637176752,4.550034030979052,4.565706599561183,4.57979690854822,4.592371689246531,4.603504992791968,4.613275257825418,4.621762179364402,4.629044866835186,4.635200283062847,4.640300541910565,4.644412206662287,4.647596431588907,4.649907855541135,4.651394284606812,4.652096826872564,4.6520499731374105,4.651281768943149,4.649815044291673,4.6476684859800885,4.644858051204158,4.641397699555135,4.637299998264697,4.632576716277786,4.62723872312163,4.621296245457586,4.614758732694049,4.6076343326785025,4.599929838042033,4.591650763512057,4.5828013404651164,4.573384563380196,4.563402276876934,4.552855256781945,4.541743305972372,4.530065416246406,4.517819868028734,4.50500429905565,4.491616120632602,4.477653073481518,4.463113285697294,4.447995269623222,4.43229828343802,-0.6622618051431668
2024-10-31,4.522490868319284,4.388923024735594,4.2940200043271695,4.242022305967943,4.206924237688989,4.18215313287675,4.166575043241104,4.159292772166026,4.159319674216443,4.16566327352103,4.177395590147718,4.193674768746013,4.213724350780738,4.236830962988022,4.262356460132075,4.289748153551509,4.318533766666253,4.348315227216862,4.3787640660473555,4.409609318061359,4.44062566361887,4.471617840414549,4.50241009976213,4.532839489488162,4.562752597173596,4.592003766057422,4.620453508247443,4.6479677014037835,4.674419630161185,4.699692024924818,4.723680500108355,4.746297260638118,4.76747351148567,4.787158251983756,4.805316855601118,4.821931161664442,4.836999346750498,4.850535742035828,4.862571666243639,4.873153563261884,4.8823398092961545,4.890197699706146,4.896799249674104,4.902218904823815,4.906530791686354,4.90980739108702,4.9121180282960095,4.913526697630002,4.914091886068812,4.913866624010169,4.912897610538984,4.911225211653538,4.908883735236844,4.905901588984073,4.902301692671825,4.898102631452685,4.893319620333603,4.887965787082295,4.882052697562861,4.87559092412297,4.868590502679539,4.86106093773232,4.853011246414572,4.844449721470579,4.835383526321397,4.825818701248575,4.815760196354688,4.805211803707031,4.794176194112438,4.782654996628701,4.7706488721025195,4.758157593049322,4.745180141642111,4.731714775030102,4.717759109688453,4.703310559169303,4.68836674243842,4.672925506739617,4.656984955176596,4.6405438800623795,-0.3568275947982542
2024-11-29,4.395059077339874,4.220587290898515,4.12387612725872,4.070196219850807,4.031431155239636,4.002183644064975,3.9820663454388145,3.9707441260424567,3.9676200984531005,3.971856904832957,3.9825313999238734,3.9987209300542284,4.019523034427015,4.044079210666474,4.071608084177653,4.101425703195058,4.13294757358585,4.16568448254233,4.199234284096665,4.233265400837236,4.267502527785955,4.301710058705243,4.3356815844683245,4.369233049979338,4.402197536960487,4.43442173973233,4.465762602206506,4.496084390312356,4.525260131861508,4.5531734585186,4.57972221722603,4.6048212642585105,4.6284039250110585,4.650420638260623,4.670837680211252,4.689637723126136,4.706819512640315,4.72239854073548,4.73640793381374,4.748896287706823,4.75992454465101,4.769562605435603,4.777885102013552,4.784969053341504,4.790891075863097,4.79572616444833,4.799545811658308,4.802415787384358,4.804396197041619,4.80554127618111,4.805898447732842,4.805508383056526,4.804405239343263,4.802616717242681,4.800164655807749,4.797066307681852,4.793335427318028,4.788983566994867,4.784020539060286,4.778455017575024,4.772294823354438,4.765546919924749,4.758217526563836,4.750311800470952,4.7418334832525515,4.7327849605562315,4.723167344481433,4.712980529898108,4.702223274742986,4.690893281201554,4.678987271081436,4.66650108692592,4.653429818355954,4.639767867097101,4.625509077739313,4.610647356868925,4.59517707069702,4.579093037331207,4.562390600992542,4.545066285075203,-0.42320217250691705
2024-12-31,4.457906641939604,4.307670958844961,4.228009581333001,4.19833635145777,4.184287918696787,4.178566997875205,4.179946229341971,4.187858724473454,4.201785965845559,4.221104173011314,4.245153741206502,4.273260478096065,4.304738608927366,4.338912845645522,4.375149678221389,4.412881669616102,4.451615889397835,4.490938547873784,4.530512240912491,4.570061581712263,4.609358668711987,4.648206024455251,4.686427465723391,4.7238622143925175,4.760361351188491,4.7957854560178514,4.830002480487525,4.862887736476381,4.894326045944532,4.924214432558255,4.952466345105286,4.979015049378651,5.003813279775965,5.026831283674291,5.04805540406627,5.067488166646555,5.085147458762793,5.101067486367143,5.115298970524583,5.127906504612287,5.138965351111799,5.148557620316002,5.15676825242254,5.163682626513635,5.169383964869368,5.173952181551039,5.177461868851338,5.179980648294096,5.1815695543279965,5.1822828358569515,5.182167447353914,5.181263379413888,5.179604032647097,5.177216363253172,5.174121866178762,5.170338011429247,5.165879524109502,5.1607596778173335,5.154990702553706,5.148584462126232,5.141552486622091,5.133905847950519,5.125655214354066,5.116810307730183,5.10737952242077,5.09736998646354,5.086787490416858,5.075636358934167,5.06391952602264,5.051638634366076,5.038794123189146,5.025385258369758,5.011410139115594,4.996865767209375,4.981748258526938,4.96605351517596,4.94977753074482,4.932916393644903,4.91546645795976,4.897425091076706,-0.23680246892828993
2025-02-28,4.018926148847361,3.96176743090138,3.9431192909015915,3.9499984876257126,3.959180217426289,3.9713727722026313,3.9881631777408595,4.009991088783344,4.036639726102358,4.067557598424793,4.102132614579697,4.1397620495374845,4.179838216045358,4.2217486774505915,4.264909239301911,4.308790541329423,4.3529337805507735,4.396961717448042,4.440573816206806,4.483536413274288,4.525670743861243,4.566837254676677,4.60692345160997,4.645834061740796,4.683484517344562,4.719798235479855,4.754701354878555,4.788122102369593,4.819993426019537,4.850255119527606,4.87885754515907,4.905765110311849,4.9309560169925915,4.954420828783833,4.97616237657605,4.996196879133495,5.0145538451988605,5.031278215627048,5.046429785271715,5.0600800285547525,5.072309023959032,5.083200710358566,5.092839687178386,5.101308362626379,5.108684974809238,5.1150424187131005,5.120445697061134,5.124951013359876,5.1286063590750555,5.13145086154701,5.133514577269877,5.134818914633573,5.1353770208873355,5.135194128327948,5.134269182830531,5.132596354298135,5.130166872960259,5.126970190760127,5.122994587420996,5.118228028608963,5.112658249386946,5.106273046974865,5.099060258797004,5.091007349371855,5.0821012833034445,5.07232860521411,5.0616757679755215,5.0501293377964345,5.037675996220421,5.024302531910275,5.009995877984087,4.994743400973668,4.978533072288389,4.961353448257005,4.943193987710005,4.924045728799417,4.903901349166307,4.882755074397707,4.860603000779142,4.837443826687558,0.048631449577432484
2025-03-31,4.136179038846048,3.9339160274932894,3.95723563172041,3.9881133873102965,4.009893679362645,4.031014042059595,4.0559351167497155,4.086081506801537,4.12145490333003,4.161466730317373,4.205377901842154,4.252432897707087,4.301870598266442,4.3529449475138975,4.404963241945269,4.457311774561392,4.5094698540174605,4.561020400590256,4.611640095346368,4.661087841876131,4.709189305676166,4.755818787108885,4.8008859383020015,4.844321945208496,4.886070587977498,4.926084647318153,4.9643183500708385,5.0007264322035425,5.03526668361158,5.067902413337929,5.09860606507557,5.127362783472818,5.154170063264093,5.179036323561064,5.201981414069417,5.223037716291309,5.242250423380418,5.259679660644818,5.275399303031555,5.289493493046022,5.302053505169831,5.313172713868012,5.322943804115369,5.331455734432405,5.338792121883705,5.345029960974399,5.350237213977528,5.354472487906102,5.357785602562313,5.360216947535559,5.361797551110491,5.362549567940176,5.362486665469291,5.361614540361665,5.3599326561864125,5.357435694855208,5.354115484709939,5.34996196699274,5.34496402095069,5.3391102650999,5.33238893080429,5.324788482995052,5.316297575692196,5.306904631757538,5.296597754686324,5.285364828367685,5.2731938692499085,5.2600731747272285,5.245991307287921,5.230937075840383,5.214899582499301,5.197868486579811,5.179834101305869,5.160787376089756,5.140720280451669,5.119626357408504,5.097500712615208,5.074339943105843,5.050142568787314,5.024909660044963,0.02528769147132426
2025-04-30,3.8138195944641025,3.545525289485389,3.569776324742099,3.6010137761317043,3.623882016236169,3.648772967403813,3.6804641154527142,3.720027695907122,3.7668427249873044,3.8197204418054356,3.8774227171039897,3.9387775513813725,4.002676377082972,4.068100853744158,4.134160733277048,4.200111608266343,4.265357192920649,4.329444354586508,4.392040484092137,4.452917164951576,4.51192574967929,4.568973838614289,4.62400964637391,4.677001895663864,4.727929561495383,4.7767774505409815,4.823525108783648,4.868145546423136,4.910607578442895,4.950880115584941,4.988936692010361,5.024759786695306,5.058341412045287,5.089682938604392,5.118797682521495,5.145712870944248,5.170471074774867,5.193133135053236,5.213776439238343,5.232491144914897,5.24937632357571,5.264534087339451,5.278066603340543,5.290072451423769,5.300645027727159,5.309870699636305,5.317825949847701,5.324577352942685,5.330181938143285,5.334686285606368,5.338126692301667,5.340529650977649,5.3419121542174555,5.342282441395146,5.341642041466964,5.3399874346644935,5.337312276298413,5.333608268970845,5.328866061990212,5.323076088539768,5.316228887308603,5.308315251782917,5.299326064948746,5.289252029842609,5.278083639381754,5.2658113222851535,5.25242583439409,5.237918360064942,5.222280482731412,5.205504158133682,5.187581819096052,5.168506734568931,5.148273080578308,5.126875924883985,5.104311667622284,5.080578462133728,5.0556761485915045,5.029606196000882,5.002372147915619,4.973980037974852,0.005900847341333115
2025-05-30,3.8320589105007046,3.7350558849259334,3.8089359421811047,3.8540618384896015,3.8818908817215183,3.908245079341095,3.9393172676666226,3.976835587688176,4.020624062626133,4.069881256540297,4.123678845374177,4.181071246866165,4.241109032010998,4.302880229548878,4.365553670263849,4.428403484779624,4.490820915855645,4.55232272367455,4.612534601768347,4.671180218083259,4.72806123164916,4.783037889179291,4.83601191028607,4.886911254567916,4.935682723858771,4.982285860791274,5.026684691016491,5.068848492711184,5.108751981954366,5.146378674520064,5.181725115179177,5.214801539924998,5.245630299253455,5.274244713155928,5.300690114630871,5.325024021990689,5.347317287755477,5.367655390190292,5.386136079965104,5.402865561332394,5.417954617180796,5.4315134567668615,5.443649222092864,5.454462791229401,5.464047669074131,5.4724881276505775,5.479857041891544,5.486216440078926,5.491617758191267,5.49610121946049,5.499696350749075,5.502422669663033,5.5042901356174525,5.5053003166403,5.5054484542311375,5.50472518906424,5.503118646195199,5.500615155471078,5.497200412133516,5.4928601202962195,5.487580285827576,5.4813475166700485,5.474148891842672,5.465971805736702,5.456803938112283,5.446633464201809,5.435449480988028,5.423242038236496,5.410002069806534,5.395721335530796,5.380392526949967,5.36400953262371,5.3465674271079555,5.328062452677739,5.30849236737193,5.287856640661966,5.2661563584460005,5.243394196576783,5.219574838584119,5.194705201443928,0.2378223460395925
2025-06-30,3.6414075711276697,3.57554760400648,3.643563153765331,3.669415843435629,3.683967228851934,3.703685477338281,3.732812530847682,3.771390235793907,3.818093620065442,3.871378614989253,3.929815831808719,3.992101659191736,4.0570332287095,4.123530297740112,4.190661025134901,4.257649779911276,4.323878417033744,4.388877373620258,4.452303032939914,4.513921282380313,4.5735794061991735,4.631184734268269,4.686685835919046,4.740052675696279,4.791269524414354,4.840327038784832,4.887212163680716,4.931909716400624,4.974402072595516,5.014674172521804,5.052719123908673,5.088539444579949,5.122146542275513,5.153560822374716,5.18281407770075,5.209949989523141,5.235026347516984,5.258116254398718,5.279305587499119,5.298689460129441,5.31636797930019,5.332441654355145,5.347008792138642,5.360162558451806,5.371989902796737,5.382569325891541,5.3919689395225765,5.400247112509625,5.407452303000601,5.413622415688174,5.4187853429093495,5.422959584295039,5.426154601916728,5.428372138370925,5.429608095690587,5.429854367860273,5.429100757347358,5.427335691773461,5.424547709888227,5.4207258969316205,5.4158604834649156,5.409943423171662,5.402968684169959,5.394931612652363,5.385828637257637,5.375657140397507,5.364415321620849,5.352102128258564,5.3387172012328366,5.324260826063369,5.308733897451896,5.292137891147213,5.274474826530133,5.255747330104299,5.2359590549380695,5.215114838127963,5.193220631194576,5.1702835322935154,5.146312176855138,5.121316862820709,0.22997104386158318
2025-07-31,,3.781702704836689,3.723790775034567,3.7029451016995245,3.707318989433633,3.7303394621491823,3.7670635772287264,3.813957862211718,3.8683668033441925,3.9283408034656624,3.992414374694065,4.059388756057168,4.12821764596973,4.197992862419656,4.267944239940056,4.3374338371588745,4.405953482231206,4.473115049852903,4.538630959798455,4.60229942595057,4.663982675303778,4.72358871495642,4.781057030058731,4.8363436762113725,4.889416376079497,4.94024707457346,4.9888051934419355,5.035059376087635,5.078979326334538,5.120540093158172,5.159728407458075,5.196543714187407,5.230997202264213,5.263111852886666,5.292924545551951,5.320486089051531,5.3458635963759455,5.36914083148645,5.390414848217568,5.409791941736489,5.427382571692582,5.443297072639744,5.457642589490833,5.470520297198303,5.482024259390817,5.492238978302537,5.501238047856669,5.5090849613468835,5.515832728545481,5.521523512613694,5.526189225255867,5.529852167875059,5.532525552989677,5.534214977441053,5.534920053174061,5.534636400898978,5.533357315414551,5.531074486268695,5.527779333684275,5.523463734423566,5.518120588105581,5.511744129479696,5.50433039683014,5.4958767097357235,5.486381462672924,5.4758440148327505,5.46426459014171,5.451644211211281,5.437984641462216,5.423288334389968,5.407558408426905,5.39079862376146,5.373013342193787,5.354207626398703,5.334387620369988,5.313560620698231,5.2917350055610495,5.2689203055063665,5.245127547858842,5.2203692989201995,
2025-08-29,,3.826894915028731,3.7981720387850895,3.789291576427135,3.800236487006562,3.8280719503125304,3.8692187330442684,3.920638239573816,3.9798480222640062,4.044943016574551,4.114417787800292,4.186977810311282,4.261460728555215,4.336837573386122,4.412224450903982,4.486888773238674,4.560254901582587,4.631888692684932,4.701480680211569,4.768826970611897,4.833803886258298,4.896348286311841,4.956436539864477,5.014068635704997,5.06926206611944,5.12204083441092,5.17242743436016,5.220442105235515,5.266102202549456,5.309425770905588,5.350435762252054,5.389161195045615,5.425635696316657,5.459898242821752,5.49199555145996,5.52198291967344,5.549927453872948,5.575908534238897,5.600014715642702,5.622340181513201,5.642979919652338,5.662026563381131,5.679567454842626,5.695682673420737,5.710444088472335,5.723913225616047,5.736140718919446,5.747167152489038,5.757022697473375,5.765727183099503,5.77329085919217,5.779715171391388,5.78499360178067,5.789113462116279,5.79205750806545,5.79380614810247,5.7943388204734125,5.793634808968001,5.791674605168275,5.78844048383576,5.783917066755378,5.778091732618801,5.7709549936440565,5.7624997922308445,5.7527212499877125,5.741616525325738,5.7291846767011565,5.7154265236979604,5.700344519405345,5.683942624124119,5.666226134715453,5.647201548132367,5.62687648173584,5.605259763389475,5.582361695098993,5.5581940326409685,5.532769897504569,5.506103888112212,5.478212389498054,5.449113549000951,
2025-09-30,,3.859105456319907,3.848383156450634,3.845779690135916,3.8585311414079917,3.885587524457969,3.924221728638448,3.9719509925834386,4.0267557771344045,4.0870681250224,4.151591943798078,4.219151985239183,4.288651739579706,4.3590987409295705,4.429625622251067,4.499502122872004,4.56814723663635,4.635114600058276,4.700082202519794,4.762835190605581,4.823244332427623,4.881250692570354,4.936841596457796,4.990030067082308,5.040847396572048,5.089328268828131,5.1355040116872965,5.179401490459839,5.221042975303643,5.260450594183725,5.297650323846263,5.332672579757004,5.365550908700764,5.396323216964038,5.425033659643412,5.451733995448399,5.476487030289518,5.499366680795516,5.520454987622262,5.53983904021796,5.5576065664384595,5.573843546663182,5.588631526778803,5.602046271177641,5.614156786249289,5.625023392993121,5.634697579228563,5.643222573348186,5.65063282624338,5.6569541744543725,5.66220443803156,5.6663939742382405,5.669526374557263,5.671600087422153,5.672609742562702,5.672547959392917,5.671406226337337,5.669175745317937,5.665848332780238,5.661416519281704,5.6558742413306,5.649216997299181,5.641441689954163,5.632546342508418,5.622529992329498,5.611392570703009,5.599134815808621,5.585758212817417,5.571264939794701,5.555657826015959,5.538940340484502,5.521116563709406,5.502191162755326,5.482169659821588,5.461058821059668,5.438866639856932,5.415602272721608,5.391276245315889,5.365900762346507,5.339489658918435,
2025-10-31,,3.6481600477770373,3.6370133864546417,3.633542279073549,3.6451650692444337,3.6697771474085084,3.704513163322433,3.747163652716714,3.7961844007787438,3.8504249296108037,3.908859610171663,3.970464469924576,4.034230803134543,4.099220472303258,4.16460128586493,4.229669137275415,4.293859816934217,4.356732065520022,4.417958852959461,4.477307980685369,4.5346234440756135,4.589808135243621,4.6428042457465875,4.693578488303922,4.742114769658926,4.788401516936771,4.832428594400147,4.874186442866241,4.913666956238353,4.950870010354344,4.985807252257705,5.0185037047248455,5.048996598300975,5.077334188780617,5.103575738059141,5.127791914605911,5.150066163283387,5.1704933640360276,5.189175998929241,5.206220728275128,5.2217335236827065,5.235817381529861,5.248569376191442,5.260079577512717,5.270429806651845,5.279691712671905,5.287927067172764,5.29518820682873,5.301517383758414,5.306947132550562,5.31150095031315,5.315193910013419,5.3180335849330875,5.32002175945322,5.321155834296847,5.321430706510017,5.320839523750749,5.319374708307646,5.317028806197391,5.313794839759791,5.309666694696314,5.304639407673088,5.2987089981079745,5.291872162324682,5.284126148993152,5.275468528259606,5.265897109096127,5.255409921065218,5.2440051980423785,5.231681343771258,5.218436863057999,5.204270336981406,5.189180461056131,5.17316650309966,5.1562287190105245,5.138368327841489,5.119587497925205,5.0998897899454,5.079280548828881,5.057766834519152,
2025-11-28,,3.635977413951503,3.6177978783076354,3.617701653900203,3.6365389634380323,3.669842076100682,3.7136276382976514,3.764995100413925,3.8220112871926606,3.883306696468698,3.9477585812813207,4.01434597427687,4.082128010462347,4.150250525463571,4.217969393782669,4.284670737843245,4.34988093140754,4.413247345434662,4.474524160225243,4.533548757151312,4.590223638419809,4.644501855867696,4.696367128043143,4.745822634546479,4.7928842837078545,4.837569683230891,4.879895563395955,4.919877604618575,4.957531465191698,4.992878570495689,5.025949122985516,5.056783331349035,5.085430021716109,5.111946549815631,5.136398922858562,5.158862929983968,5.1794255125614,5.198183394377264,5.215239728965453,5.230700789590532,5.244671712865687,5.257254450457061,5.268545090234215,5.278633023014559,5.287599551102525,5.2955162371260425,5.302445423863862,5.308440461951773,5.313545178507111,5.3177943618899635,5.3212144138629105,5.323823854520177,5.32563425662336,5.326651732004316,5.326878280257295,5.326313447144977,5.324954938809081,5.32279963376645,5.3198442891608755,5.316085861550687,5.311521707115179,5.306150008242719,5.299969432950618,5.29297884993166,5.285177245029503,5.276563579803205,5.267136764879005,5.2568956635910125,5.24583909520245,5.23396583127514,5.221274585299983,5.207764013787267,5.193432799117938,5.178280197659463,5.162306385094053,5.145512417052092,5.127900248330882,5.10947319199958,5.090236185636979,5.070195711274907,
2025-12-31,,3.5533271110442577,3.6001586184314456,3.63252597532319,3.6690455460727236,3.712434893069729,3.7619245100299645,3.8163828520189775,3.8748695662114434,3.936559692491638,4.000643342197329,4.0663019818,4.132744142647139,4.199237006341129,4.265142087898123,4.3299397667372315,4.393233849346017,4.45473005933367,4.5142196701278205,4.5715602580238635,4.626658808215955,4.6794606226745366,4.729933583022507,4.778061644453255,4.823838111877821,4.867258109176608,4.908319000142301,4.947020274080528,4.983367592175167,5.017377778726856,5.049082179373554,5.0785263989106495,5.105768080733031,5.130876023596113,5.153929328093371,5.175017884397624,5.19424245967452,5.211712051008531,5.227540100190968,5.241840530665029,5.254723538102547,5.266293425142708,5.276646105331392,5.285868426099498,5.294036808313635,5.301216325399798,5.307461606225193,5.312817117266577,5.3173171300723965,5.3209866570181035,5.323842398242682,5.325893546914305,5.327143077906984,5.3275892497734025,5.327227115742956,5.326050080920069,5.324050454740475,5.321220535959087,5.317552948599698,5.313040953774897,5.3076787060074855,5.3014612332537085,5.294384194301036,5.286443776956457,5.277636606266146,5.267959641563895,5.257410141993238,5.245985644459857,5.233683946034094,5.220503129353912,5.206441603120241,5.191498088357909,5.175671734961727,5.158962704472399,5.141372392901812,5.12290335847576,5.103559375332306,5.083345913574324,5.062270290492224,5.040341564279025,
2026-01-30,3.4785571095973156,3.548233300345191,3.5930625427972873,3.6281963510005224,3.670932475755646,3.72174852823184,3.778623038673141,3.8397804602120167,3.9040807566051217,3.970708624399721,4.038938603842823,4.108061929078619,4.177396967994754,4.246312708942435,4.314260098122178,4.380795453690254,4.445582683514766,4.508378114527685,4.569016049732398,4.627391175595525,4.683445526585347,4.737156603406137,4.788521089551399,4.837548756977773,4.884253933838977,4.928648740325743,4.970744151833653,5.010548926316813,5.048073895881034,5.083336656824502,5.116364311790867,5.147193259917648,5.175868756893206,5.202445807544105,5.226989030444309,5.249574344068997,5.270289181529515,5.289229885773795,5.306498567088053,5.322199029980411,5.336433421895479,5.3492998676798305,5.360890384292052,5.371290131857226,5.380575570303669,5.388813528777676,5.396061957064669,5.40236958972059,5.407775681029058,5.412310643460529,5.415996705812676,5.418848483301129,5.420874262138867,5.422077343182054,5.422457559177471,5.422012512278504,5.420738198827086,5.418630103317324,5.415683406083045,5.411893439252692,5.40725602440942,5.4017676469685245,5.395425152241946,5.388225665525391,5.380166601823479,5.371245673429129,5.3614608702377815,5.350810439335446,5.339292873983661,5.326906974838068,5.313651903256511,5.2995271651022815,5.284532766415704,5.268669709742247,5.251940098896451,5.234347071208354,5.21589490466078,5.196589447531317,5.176438177394571,5.155450109753499,0.4921515148024054
2026-02-27,3.45042260800192,3.421636002507844,3.4136000283558974,3.42368876916733,3.451536060211687,3.492087474875428,3.5412794380512764,3.596387987778207,3.6557118130152637,3.7180677467173795,3.7825048653806537,3.848197918982006,3.914420724742917,3.9805371878360334,4.046010329485333,4.11041142689053,4.1734129124903285,4.234772324429226,4.2943177847113505,4.351930609195932,4.407533483206539,4.461078868425283,4.512535633948198,4.561884436888636,4.609110596650548,4.654199729118828,4.697137629308871,4.737910222324482,4.77650797783705,4.812930805932523,4.8471895590342,4.8793058986613795,4.909311737192026,4.937250280502582,4.9631759904940065,4.987156620171983,5.009272956870777,5.0296157232787975,5.048282304534513,5.065372106811281,5.080983491347846,5.095211082394421,5.108143955975732,5.119864776414442,5.130447834625642,5.139958481823817,5.148453800006844,5.155982096912928,5.1625828313401865,5.168287211163255,5.173118775446204,5.177093954164234,5.180223401950446,5.182513230379147,5.183966590040395,5.1845846969931655,5.184367447906885,5.1833143655088465,5.181424989253462,5.178699039081688,5.175136692740579,5.170738794899887,5.165506401094261,5.159440705214163,5.152542992786018,5.144814609648945,5.136256956175913,5.126871483265535,5.116659692261711,5.105623155547993,5.093763528013624,5.081082548669377,5.067582260781159,5.053265463248336,5.0381357659205595,5.022197543436605,5.005456110446886,4.987918120193986,4.9695915798855275,4.950485782892075,0.2676451387154595
2026-03-31,3.998764204709207,4.2502116546506095,4.289062736257635,4.282973901327042,4.278825575232545,4.28537449659505,4.302943801819745,4.330169156848945,4.365537625895372,4.407574546856058,4.454848095796003,4.506013485719165,4.559861546444596,4.615344981121355,4.67158624869551,4.727879009588293,4.783665920285936,4.838516417761288,4.892105098254635,4.944189405467784,4.994593562721382,5.04319010302763,5.0898854062625265,5.134611769446412,5.177317758260852,5.217963201942698,5.256517970899544,5.292960567649091,5.327280802721062,5.359481851717508,5.389580345478467,5.417604995358024,5.443594789867959,5.46759947342837,5.489679489134945,5.509907337493452,5.52836656014245,5.545148469344189,5.560349253005209,5.574065583264073,5.586392265726508,5.5974196715055635,5.607232455862899,5.61590863282596,5.623517735391309,5.630120695445599,5.635770395617033,5.640511064574984,5.644378412071232,5.647400253122052,5.649597111033296,5.650982904653448,5.65156627582734,5.651351717922729,5.650341131543675,5.648534625349325,5.645931296368547,5.642530113515839,5.638330138533018,5.633330944894763,5.627532783499251,5.620936544898405,5.613543560366885,5.605355542193881,5.59637448445294,5.586602608740136,5.576042346257203,5.564696322431728,5.552567350787191,5.539658454713754,5.5259728693810475,5.511514041343134,5.496285875197425,5.480293082568689,5.4635411842007,5.446036469396002,5.427786176378063,5.4087987587885475,5.389083855568096,5.368652218377608,0.40881034214685075
